100000
9789
9769
9615
8402
4427
1150
2025
9142
9213
7690
4203
3162
3367
3075
3526
6176
4126
245
8997
6511
594
2188
4099
1330
8525
2117
6821
6459
6925
7039
7274
4579
7445
984
7134
3075
163
8132
8097
3581
8288
1686
3428
6539
9515
3171
6518
2638
3260
9977
7484
8917
4070
8273
8070
5564
3882
6694
3720
3645
9996
4371
5651
2420
8086
860
4571
1541
3492
9893
7516
4822
4958
9154
6840
810
6425
9863
2444
4319
9141
4290
8467
9169
1772
3762
2797
6187
7064
3995
6879
8534
7826
5981
4724
437
2253
9724
6025
7265
5740
5022
9274
9874
8775
6853
4593
4802
4978
541
9236
7179
6862
1866
8236
6581
3025
1541
7631
2180
5592
8287
5916
6212
1050
9936
5222
9046
1913
1089
4920
7812
9873
3396
450
2652
6171
275
696
3250
232
5363
9538
7280
2130
6042
5519
440
9542
1638
4262
6752
2853
5490
1787
8263
9310
9638
6342
8930
4962
8337
8949
4108
7376
6107
5870
3954
6253
1962
5938
1244
9973
9786
2801
7782
3448
9005
2110
2358
5496
2933
7458
978
9710
4406
7415
1908
3933
7116
8664
6312
9091
6601
7068
7773
4994
290
7676
7078
6461
1256
6932
9914
9592
5689
7245
1503
780
8297
5521
6091
6897
2680
6510
304
5794
587
122
8471
7215
7572
8940
5446
3365
4206
5553
5321
8953
4944
7244
6466
593
3945
5264
5573
9199
336
4894
936
3628
4892
5431
1582
6951
4308
9863
7522
1377
4550
8983
3809
9975
2348
434
2700
974
9577
3554
9733
721
80
3598
1639
878
7816
6494
4951
9201
5002
9905
6053
542
8958
4931
1099
1966
7246
7373
7678
6014
5724
2849
8806
9144
8485
183
4235
673
3277
6231
5696
4552
2405
3967
533
8838
9497
8415
7196
3150
343
5384
5698
3202
2765
6266
4586
4316
5762
9851
837
8701
701
7167
4328
8014
3519
4227
9253
5676
1802
8224
5428
1098
2040
9195
2841
2868
2222
2781
2398
4264
7221
8162
7651
3982
5484
7209
4014
1420
1138
6005
485
4332
6975
8604
5015
6354
2330
341
3395
4657
4916
1279
3810
5168
9358
8139
5066
1597
860
6186
4516
1230
8713
531
5123
1204
6336
417
4362
8579
631
5716
8947
7148
3307
1995
3834
4247
8761
2376
3221
4115
3571
4180
5975
1679
48
8802
3854
8258
1070
8772
7721
792
5957
7075
6095
3207
6645
5310
6627
1999
8001
6638
335
4560
675
6270
3530
1159
9438
1198
183
867
7880
7579
8162
2504
6514
3020
9195
6494
6759
9369
7527
9965
6893
6328
2230
1152
9999
5101
8204
6562
2661
5154
4633
492
6945
2470
8183
6292
4140
6703
1482
6287
5449
9311
6121
4024
374
4149
496
267
1958
7760
1980
4007
3966
1961
9609
5338
1780
1075
7018
8700
426
7410
8825
6765
5723
489
2221
1638
6856
1130
9698
8004
9727
7754
3746
3240
2270
850
1808
9036
6715
3790
768
3363
7252
6376
7986
6206
1610
5260
1871
1846
6420
813
6930
8640
9074
9239
4306
3954
8084
6567
2064
8042
3187
4580
6351
9658
6819
607
7892
3732
2392
3247
4211
6530
9293
4116
1434
7536
9653
7576
8172
7883
8374
4328
4759
5774
562
235
3050
8179
7343
9532
9189
6759
7589
8638
7585
4190
4177
5501
2025
9057
1746
2621
1452
7417
655
4688
4590
8148
8548
6013
3937
3354
2351
4516
1739
870
9902
4273
6994
6121
6697
2512
343
2828
8985
5607
3848
3409
4930
2049
3175
7005
1412
3665
9015
6308
7424
5000
6082
505
6071
3872
3586
450
1331
2334
3913
5592
3973
3454
8191
2664
5039
7947
6245
3853
6183
3230
4204
5096
319
3153
6926
2790
4644
6451
8616
2739
5399
8935
7940
8059
8382
2576
7125
8964
9162
3393
710
5911
5347
5626
273
376
6712
8383
4353
5674
5511
3132
1164
4231
8111
9253
9474
3325
1673
9151
3573
2147
838
1474
6703
5411
418
679
8778
7637
6541
3157
2801
5443
1147
6789
5611
2622
2720
1401
9899
3293
3398
2182
4794
7813
110
2801
6252
4145
237
7530
1440
8698
7987
9474
7900
7550
4324
2447
6380
3666
9049
4151
1429
4237
9555
3080
4624
8601
7238
7235
4261
5384
4117
1839
2805
1929
5521
3225
6712
1410
4398
1969
6600
3380
9870
9841
1323
833
9093
9012
9231
1957
6051
2808
3552
8091
4856
7992
1713
6048
2963
2388
7616
287
2607
1302
3567
2958
9984
8192
4783
7841
8911
8217
3409
443
5818
5764
6060
7096
1317
8785
3357
7931
6128
1825
6610
3429
6912
7326
850
9327
4967
4711
3278
7185
2683
4368
460
9615
9369
2642
5378
4444
7673
8581
3438
389
5822
2213
8544
5178
3521
8180
8776
6390
3420
463
1199
5587
4220
5135
7272
1745
5411
7804
7623
6949
8017
3406
605
3391
4074
6666
7841
8008
100
8463
7931
578
6906
8826
2677
2128
7033
3623
5870
5827
3534
3925
1410
4887
402
6683
5813
4406
2088
6627
3549
9513
36
2551
2799
5775
9186
4069
2266
55
2308
6247
9106
7335
3132
3588
2942
851
8830
7150
261
205
2172
8957
4356
8200
4190
2370
7687
7685
4310
642
7783
9259
9531
7531
1513
4090
2473
8704
6244
6337
6595
2962
2852
5808
3904
6403
6499
7558
3402
7724
3122
7139
4672
6402
5663
20
1688
4876
7024
6924
4968
134
8034
205
4334
8184
3860
2476
1354
354
7450
3159
216
8086
7233
1565
4642
8720
8211
6083
5810
5424
5891
7248
771
4492
41
4932
8226
8722
1488
9035
8170
5427
7760
6637
7706
9244
4477
795
85
4983
9037
3418
5320
7442
542
9283
6883
3812
5954
9203
1554
3278
7267
5057
5392
9063
8506
4579
9363
2561
5383
4818
905
6376
652
9246
6057
8898
9894
3447
4477
6303
6487
550
146
5378
7094
5299
6393
8
5602
2922
347
5158
8984
4450
5193
6778
3078
3083
6859
7155
6171
627
3571
3109
8027
3720
345
8857
8068
3208
4543
3944
800
1337
7577
9073
5118
1019
1158
3265
3807
8865
2092
3573
6086
8401
8357
3620
4148
1215
9667
1510
7269
6407
3309
9295
7920
5714
6271
4194
5971
9924
4549
2952
3820
5121
9055
3806
1442
9970
9316
4085
4188
6348
7793
5462
3328
4149
1757
5601
4542
2683
8076
2147
634
8803
7770
7685
4329
3484
1674
1829
1784
2843
6014
1971
9104
1050
5454
5787
7035
6236
1657
1521
6528
1290
6603
7917
5112
6501
8809
1710
6585
7395
1827
679
7820
8685
336
6930
9205
4454
1784
8996
1785
3283
9730
5686
4546
7330
297
6294
3008
1839
8321
9917
2549
2327
6723
8567
7986
9121
9676
5591
1660
6065
5434
602
394
2549
3369
7295
5871
1640
8273
8066
4147
3411
4507
1510
1356
1623
6048
1602
1179
2540
435
3499
6232
6530
1822
1748
2882
7433
3853
7757
8172
2788
2230
655
187
4420
9673
5763
5516
2390
2175
4028
1114
1674
2950
7050
7332
850
3896
6544
7351
9095
9696
4943
8225
9959
6594
4017
750
4734
5059
1915
2058
6665
3844
594
4245
2989
3076
8085
9529
9181
295
5438
9999
6525
7143
1540
9739
9878
6715
8810
7352
2330
7319
335
3855
5731
5387
8430
7950
7551
6853
7424
9517
9342
8151
1167
9631
9961
9738
4291
5762
2620
8906
8023
3101
3057
1453
6690
2986
1784
3541
6700
2141
1636
1589
3009
9607
6095
6457
5442
1244
3570
3567
487
4782
3082
2223
3963
2910
219
7678
2770
2997
4165
617
6250
2273
5707
5530
6159
532
2581
9671
5036
809
1575
3582
5193
7659
1835
5609
5535
8394
5934
5064
2219
9895
4904
8282
9753
8148
5502
3992
5887
5039
5215
8534
3844
4734
8847
2373
4420
2862
3962
2035
4581
2544
4412
4967
7337
5785
3884
519
3840
8656
4030
6182
1381
655
4349
3691
6477
1038
7766
6220
310
9219
8992
8794
4900
3077
1863
7092
5007
6447
6765
6638
9053
7964
3022
4964
2170
1238
7596
5888
9400
2089
270
9638
2116
6758
6350
4634
4597
7862
3995
2823
7698
5101
7426
2149
820
2209
1051
1083
4660
3256
7344
8871
6250
6980
5222
7991
9896
7930
7871
3858
6057
246
3642
6875
8623
2394
280
3352
9458
4488
3281
1362
9468
3213
9223
2263
3117
599
2370
596
4689
7784
3319
2757
4579
4055
3854
9586
5250
3436
4162
8976
4911
8882
680
5050
744
2669
5712
5329
8791
9847
6901
4389
6849
2041
426
3434
4752
3743
6552
4086
8483
2043
3482
6470
6194
787
4191
2461
8909
9969
5007
1951
6521
1016
517
2694
6235
3591
8828
9436
1827
24
7747
5040
3636
165
5054
9045
9362
1328
1202
4095
2080
8503
8399
5714
2740
4272
2241
1658
3570
1814
1155
5685
8841
1754
3836
5611
2987
2855
6684
2651
8489
2701
2180
3983
3626
5230
1031
8156
8483
2003
8274
7829
255
2923
1519
385
8406
8004
1055
9435
5387
9997
1107
6953
9423
3738
9959
245
9285
3731
8275
2007
6386
5010
6632
3430
4243
4677
8778
6939
7433
4252
8019
8380
2484
6670
8150
1109
8066
410
2354
968
8223
3463
504
5629
4336
9140
8506
8093
8085
4256
3513
5803
5688
3093
3960
4985
3417
8418
2382
1105
7100
9889
7951
4599
2874
7415
3215
9398
1471
2048
8482
2906
668
5862
7998
4471
2716
3308
5742
3449
8986
7643
8143
651
6049
997
5233
7163
7253
5442
3856
1447
9280
5050
7969
6068
8269
2830
9329
4238
6913
4706
5477
8073
6448
512
4530
2410
2950
7682
1648
7148
92
1023
8032
3409
7545
4033
8789
3782
962
5568
6435
1264
4034
4198
1630
9961
4911
5399
8778
5794
1536
426
5152
5982
4165
2693
5537
7156
2224
5556
5707
6986
8549
6435
2314
4466
2828
5767
4202
2269
1028
2480
6391
6018
8737
4888
9118
5623
7887
1204
7567
9572
7251
5664
2777
8924
2906
6895
9592
2853
7651
4945
3234
7501
8889
3453
8851
7505
8715
7154
6807
5698
3503
9222
4984
6936
7313
4706
3442
8114
4068
9311
8374
755
1352
5499
8296
5527
2991
7466
5244
9935
3929
6928
5606
6353
6453
117
5187
6428
1654
3070
3218
6215
3549
9686
348
454
5725
9760
344
1412
7082
8765
4547
675
1573
3166
9469
8043
9866
4590
8544
5309
1834
9661
169
7874
2049
3027
9637
4833
2735
1404
2930
6127
6465
2140
28
3958
1525
2573
6153
6422
9140
6720
6094
9142
2985
9265
8708
6169
7406
5309
5981
2959
1140
4026
2397
821
6525
6093
2084
1153
5645
3565
6107
2329
9995
1412
1168
9871
2824
7749
6384
485
671
8670
2188
7609
6685
4637
8760
7754
3064
8646
5481
356
6694
9604
6387
5069
6333
5954
6838
4269
3225
1840
1037
6818
486
7695
3633
1493
9667
4470
2139
9297
2478
2019
4501
123
5911
2593
3102
9966
4359
8591
3371
1265
1112
5725
1812
2677
9591
2864
9136
9483
6142
9129
270
4275
523
2883
4768
655
2195
2629
8683
1595
7735
8748
9458
2167
8175
1765
4360
1020
1273
8619
7197
4697
3235
9042
4288
7531
2365
7205
2808
2293
9985
4407
660
9081
9010
3102
3888
2984
5788
9442
9995
6072
5407
1400
98
6005
3122
832
9656
2658
9784
9802
6352
3482
9014
2835
5756
4711
8199
5415
7381
8308
3321
5670
2968
4189
5869
8864
4796
7917
6842
9927
4299
8706
6057
3063
4222
398
5441
672
769
6699
6748
1249
5738
2100
4124
1109
2361
1661
9743
5768
9446
4825
464
2036
7681
3813
729
82
7841
2194
6616
713
2081
1677
3275
6994
3674
9434
1874
2849
8557
1478
1768
8088
5169
7076
5914
4328
4912
7619
7181
482
2035
1339
2953
1238
2654
6279
519
4680
7910
9954
3696
5389
6866
3676
4163
9466
3897
5602
5878
6985
136
5785
923
9176
5451
6164
5628
5242
6654
8600
5937
1195
2338
8314
7017
4322
9719
8634
3208
5842
9441
269
2535
2079
6739
5276
7799
2377
1843
5628
743
1023
4983
9660
9004
2790
6609
5168
2774
9102
9696
2465
9998
434
7366
855
733
3932
2788
1102
5527
2072
5765
2154
5503
9828
6686
7813
3434
1442
6504
1689
4284
8801
5770
7282
182
4784
3478
973
4327
2194
6801
3461
3212
6857
697
6268
3021
1057
2986
8882
6958
4589
5380
8320
5301
2471
1589
2269
5673
1735
877
5555
4843
2902
3911
7225
1925
8673
8758
5234
194
7795
4614
1126
377
2968
1384
5181
8858
8225
2438
4017
9870
1691
4649
2796
9023
5989
4000
9526
5176
4940
845
9687
341
7281
587
1181
121
3571
5176
9642
7108
5764
1578
4753
241
2066
2875
2406
7643
5694
9586
7050
1999
8338
2008
2118
27
3186
2177
6906
5508
9269
1285
9572
1855
3281
3269
29
8803
1481
8494
2085
5079
824
1432
5812
9986
5343
4626
5240
2979
655
741
8984
5462
9676
4775
5616
4019
9057
9940
6545
3231
7396
5445
3897
3767
1055
5915
5576
4228
2166
5134
4857
9875
1395
9666
306
6624
4946
7778
539
4654
5155
1750
5787
5975
7556
5636
1862
1798
6132
8569
1397
927
3624
4904
5597
891
7504
2448
7134
1219
4858
151
7677
4744
3702
5250
8922
8015
3542
1414
1714
8178
4262
9348
764
7850
3887
1591
9721
9134
8747
2122
4166
318
2893
9942
1374
521
5056
2644
4954
2525
7475
416
6369
8106
9938
75
5700
4927
1346
4555
3882
7311
8323
7857
67
2079
5259
3945
9542
7869
1876
5946
9593
4366
7694
8570
2593
1346
1470
9739
2715
7465
1303
3499
1462
9928
9495
1881
3922
6031
6070
116
8432
5611
1384
7444
2109
9451
1625
6243
4438
5161
5380
7555
7088
2094
9793
9770
3068
6104
3096
8451
4747
2324
7081
8923
2433
1278
9598
8733
1714
2183
8124
9934
2833
3037
955
7094
2900
8205
5719
7893
7360
1697
9416
8979
3584
5822
254
8604
3530
6089
3149
4392
9478
1948
4512
7612
2871
5043
4944
273
920
6295
1980
2392
7801
171
2727
4637
6499
2277
7994
6439
4103
9441
8624
6519
6293
9848
663
1965
2998
1118
6257
7784
4090
9889
6190
1853
9531
4993
6832
9868
3384
6738
2161
7964
5077
7041
9598
8371
6592
8551
9505
423
2795
5825
1873
3004
1089
3857
3044
3600
489
5415
9913
2884
2614
3656
3510
3439
1765
6201
3921
1926
3397
1455
830
139
8949
9663
8489
6943
3264
1349
4380
5879
5867
2709
9724
2171
3118
1428
5728
4424
9259
7492
6618
4148
2060
7439
6530
9050
7228
2657
1032
3480
8262
2930
5970
9356
7005
1896
6755
9713
2423
505
2237
7927
3811
595
9601
1258
9270
785
7299
8582
9883
3131
5160
5754
9590
8418
3792
3169
869
4910
6861
779
7768
6526
2673
389
9730
9845
4681
2854
70
3629
2281
2512
2459
44
5528
388
942
9257
1134
7105
2823
6142
9405
2581
3392
7777
4768
8436
5289
8035
3779
886
3722
18
7801
2313
3422
51
1185
8507
3212
8031
4220
645
9877
4341
4186
7926
679
9257
2786
7384
2823
2342
7538
3363
721
102
6142
4430
1469
2990
9645
4767
6797
840
9977
2579
1990
6749
9173
4457
7940
5676
5474
3674
3398
3269
4001
6859
23
8217
4015
710
9676
8970
9449
6094
1880
8307
6880
4439
5742
9872
3957
7216
4352
7469
3079
336
2604
4574
2248
2712
8856
553
1682
1513
6613
4939
957
3971
6298
6899
1534
1227
9314
6503
9472
614
2902
2968
9364
4978
3461
8623
5055
3376
4632
8210
7761
6604
2186
6852
4837
3655
525
959
1822
8155
785
5582
5708
8117
1957
257
9174
537
8072
3749
9145
9170
9066
5872
5808
3982
161
3467
8581
9552
697
7490
2556
5886
1881
9632
9999
4440
8534
2935
7057
4854
4983
8401
1244
8504
6314
9867
5762
5610
8709
6086
5676
3202
6458
1113
3299
722
9907
8019
3847
793
9321
5858
8370
4459
9178
316
6017
4247
1496
8871
9960
2790
5545
6851
3999
4595
5846
3209
8546
453
7788
3051
3382
4921
4735
7050
8964
7350
8632
8549
6743
2543
6781
7953
4393
1769
5319
734
3351
4477
6139
7710
5493
6092
5746
3586
8858
3724
1976
8807
341
2079
1774
4240
5650
6522
8229
2372
2266
4975
253
7490
4859
7968
6912
5823
6674
1790
1442
7297
6483
3810
8162
9051
8625
3142
4268
5603
4424
8375
4573
1712
6730
6268
9784
1708
3880
4698
3625
5641
3904
4870
9049
9088
7171
3678
92
4082
2392
3927
3272
7948
2643
1720
8038
8941
6215
2913
262
7244
8870
9580
5987
6353
2376
1644
4426
9617
7865
3577
7021
7426
7545
9648
6876
3332
8429
3329
8186
7015
667
2544
127
763
1537
4602
8775
4942
863
1782
1898
9560
9956
8113
6369
9739
5527
1297
9341
612
6385
9680
7147
9188
9038
2151
8651
8036
6294
4421
2969
2118
3570
1867
9284
5138
4165
6857
9229
4362
374
9233
9027
1860
6926
7094
1101
4821
2133
9766
6817
8128
9755
8555
8914
8706
379
1084
7326
7501
2158
5684
305
5195
843
9015
6419
7708
4664
7257
2147
1759
6777
943
7058
7430
1289
3789
1657
361
2901
6214
9402
6044
347
6411
9896
111
8716
3225
9810
8920
3860
9573
7901
9206
8201
8918
6097
7778
3138
2231
5811
1762
366
1412
3863
3274
5373
1348
2986
8639
6105
9551
4857
4697
9644
7868
8920
9712
9931
3298
1456
182
5010
6320
8494
8110
6430
9957
7647
4855
524
8511
1905
7005
6707
4106
7176
1917
6427
9717
6153
2569
7789
5270
4187
3778
6708
1345
5975
8291
6167
8891
2194
1925
9252
4735
1056
8833
7942
9410
8135
129
7878
3808
5716
4747
4254
4528
4080
7527
7470
8211
3075
1647
2038
4940
9313
4001
3914
5894
4220
4074
1691
8955
3565
7000
4432
7235
7830
5974
6319
1356
4845
6404
2930
6954
3992
2919
137
9229
7396
8621
3689
2743
9914
2665
4247
1099
4972
1959
3653
9495
2376
8230
5303
2001
1677
939
4306
5854
44
4493
320
9639
22
2993
4721
4065
2977
656
3819
7656
6091
5469
9608
8614
1289
5327
2115
7827
4766
781
613
313
1916
5693
7635
5310
9926
7878
9264
9704
2775
3021
5269
8612
2119
9684
6791
3729
7231
2873
6363
4067
1556
3646
8953
7722
4690
1450
800
7868
8121
8528
5399
2435
3613
2009
5456
4067
7066
8866
5789
6062
9625
4132
4077
5001
5919
8254
8928
4970
1316
7787
852
170
5435
2186
3655
2604
8563
6617
379
7817
8741
1812
3791
7651
209
6885
1393
6228
3296
5256
7740
2021
2137
6125
2789
2717
279
8743
5229
1786
6336
5442
6896
5251
2230
7897
5507
5835
6318
2150
1771
799
5524
9748
1994
939
6349
2282
7539
6119
9436
305
101
7498
2955
9435
6660
2944
6825
810
1323
9351
5202
2196
2046
1745
6720
8070
6750
791
9082
4279
3113
5272
6860
1974
1277
3710
488
7783
108
5153
3411
7446
4565
8842
7465
6031
7760
217
3225
2756
3361
8754
459
4900
7806
9219
6450
1341
8411
107
4951
8661
9306
8091
1164
4096
6090
1115
2872
6309
606
8839
5700
2265
7834
882
7993
1364
9886
3906
3406
8635
4696
2959
588
4838
1645
4154
3558
9902
563
5298
9046
434
7016
6449
4648
8328
1958
6329
2603
419
3690
9401
5265
5107
8968
27
7751
2081
2149
8606
4622
753
9465
2738
7842
8248
4566
2614
7029
7911
5105
440
6541
2942
6260
6686
4572
7874
7691
3637
1776
5847
3653
3497
3254
378
7377
5839
4614
136
4096
5011
8835
6712
9523
3233
3109
1396
1225
8987
9109
4680
1798
9959
5948
6872
5623
1336
466
3479
8525
7424
8472
1325
9497
3146
6503
2093
8905
4306
8078
2175
1728
9331
6259
2221
6918
4455
8131
8752
1700
7583
4521
4562
6127
8841
8924
7550
1758
5819
8600
216
9808
9723
2458
8438
3704
4553
4216
1155
1266
4835
9886
3068
8191
9005
8288
2745
2730
9426
7253
931
6780
8830
2991
330
6524
2604
2611
9340
3640
4947
1251
5132
5091
524
7051
1543
4339
2301
3037
404
1791
4032
9084
1128
7208
6524
8723
5765
7129
9925
9239
260
9366
4820
7941
3556
4779
1799
9848
5033
4449
1866
4349
1582
4641
9643
5387
5842
7180
2203
5716
2955
8258
8313
3554
6471
6264
3666
7460
6285
5081
3413
4096
5479
3507
5633
7191
9271
5444
9222
4349
3598
1753
730
647
4496
8859
1506
1091
1882
6481
146
8623
5935
5018
3332
7930
1553
5855
9675
4196
8644
4246
6904
4814
5243
1240
4205
5522
8351
5506
9374
8038
5151
7392
7292
4546
2117
318
9457
3167
4101
5013
2513
3528
2241
1105
148
2529
5207
2983
302
6744
887
1823
3287
7870
1062
461
4176
1702
8839
4982
5370
4371
4110
2101
8926
9993
2844
5946
8569
8429
5331
6001
5587
8074
4206
4420
7265
4767
3122
291
129
9555
9
9374
6590
6441
5063
4005
304
4511
4149
4642
1122
6117
9092
9422
4303
6889
1203
1673
7924
6412
7776
2024
6230
7335
3203
1489
1341
921
3800
5569
9007
9678
4538
9093
5802
1361
7818
4889
6567
3845
5745
853
9960
8718
1979
2540
637
5218
4578
1165
6800
6022
7163
1988
392
1735
7205
2810
7769
4302
6653
6537
2575
1751
8446
3314
2151
9389
5590
5524
471
203
958
1690
1656
7169
3643
4937
5639
8888
7712
5341
4322
7801
6094
702
3941
5029
8057
9199
3133
7493
5817
2586
9542
3624
4110
2919
2224
4051
3267
3599
4533
5623
3649
7611
3464
1100
6572
2481
7760
6611
9811
3897
5306
9070
7185
1012
8469
765
8290
46
6762
644
8878
7053
4694
1525
5329
7398
5989
1026
7285
5396
5641
1493
3809
5074
4897
1598
3151
235
5008
8751
2186
9131
1006
5522
9908
1994
6511
1743
7062
5018
1586
4979
2706
5963
5634
4689
5250
4676
4801
3051
524
7492
1179
3595
5974
6889
9817
2551
6808
1149
7544
8367
4208
1201
4511
8607
182
8665
9777
9051
1336
5784
4680
1413
4357
553
5056
4129
2242
1323
434
382
3089
2890
2406
9491
1014
809
9966
9974
303
9811
4694
5585
6623
3831
77
3085
1548
7550
2193
8135
4242
8558
4447
6761
7771
339
4984
3838
9337
1986
9988
5679
7879
6524
5375
1791
3479
684
4730
2929
8718
1148
4441
6467
2016
6208
5524
4352
2128
765
2374
5132
6584
5036
6035
3600
9594
8606
3523
6569
7254
7244
6883
7204
5676
9021
8122
8859
2764
8677
5903
8194
6985
6627
7715
8864
8915
6085
3540
192
1902
2013
6118
5430
4307
6442
3178
3381
3086
9045
7912
9417
8186
1960
5278
7418
8749
2216
4431
6420
5869
6528
5107
7662
6860
9803
1698
6439
3032
661
4189
9765
4187
6000
8757
5007
3750
1187
7166
5558
9718
3434
8320
1764
9699
9942
1912
3391
1692
8583
2308
2610
2769
4646
6990
711
1808
5236
2455
2218
3580
1606
3192
521
8551
8927
5647
980
2374
4517
4888
372
3795
4334
1413
3930
6162
6407
2776
5966
2974
8321
159
5247
4885
5722
5199
4282
8591
1320
1205
1569
8262
1681
7732
3938
5790
2654
6729
8056
9905
6475
6977
1921
602
9525
2803
4011
353
2967
6109
9698
7549
1707
9113
4720
877
4929
3724
4955
8337
3264
8909
5490
5472
3343
3960
6338
2700
8224
7107
6749
427
1147
3361
3050
3016
3233
9697
7351
3551
3448
2351
18
2408
5078
5901
4679
9801
1148
1597
4569
3837
6006
9110
3630
4505
4212
5597
8174
3540
7237
5553
1421
8264
3723
9964
5770
5168
6276
4379
8893
8587
2000
2403
3876
310
7606
7303
9768
722
1480
2745
376
359
9606
6749
6627
7496
3588
8965
9954
4258
3048
2474
1179
5221
860
5329
1562
7927
6612
9504
2506
3338
283
6558
169
5411
7141
5401
6369
8705
3740
7893
7649
5849
5863
9761
6010
3211
9293
2535
4530
9280
9490
3920
2913
5217
4879
3917
1938
4527
5244
3697
807
2592
2633
4270
2857
2255
3117
9104
4479
9421
9088
2955
7845
6334
5820
2426
652
8808
1213
3668
2530
3028
4777
8869
6311
8741
8320
8233
6844
7671
4462
692
4492
8877
2641
5607
9316
9437
8302
8252
2157
9148
884
3341
7676
1619
4243
1352
5777
9066
2569
9434
6138
2306
6965
4432
9130
2347
1686
136
9279
8855
7561
9632
5669
514
6945
8286
351
3391
6264
7184
6734
7566
9576
4104
5378
3028
6665
7340
4466
9194
6786
6210
6982
3257
8261
2829
1105
6301
5457
1815
1930
3635
8896
1152
5691
1519
1693
7497
2918
3345
9532
3133
7562
5356
8074
5127
3474
5467
9198
1391
9124
4508
4024
1765
6681
5432
461
2434
678
7706
8863
2153
8753
6166
3203
9929
8564
4094
1859
2280
5776
3473
3984
7626
5058
7994
9095
4065
3381
1651
1239
5943
2401
7241
558
4885
2581
3010
5950
6568
820
9275
9149
3339
4057
8323
1575
4749
2712
8969
8492
8071
8376
572
3302
8037
7555
8017
7705
8785
7883
3052
8402
193
2739
6937
6192
8348
5339
2452
1658
7669
8947
9696
7163
6020
5233
7736
9398
1204
2179
9657
4982
7629
9568
6481
2904
5901
56
7149
8343
529
6322
6896
9704
1671
3817
5533
3345
7916
6960
5158
6820
3923
919
6842
3966
8702
6548
5573
9214
1997
8272
6325
4186
98
8405
6344
4120
7071
4440
9966
8162
6094
811
4979
260
2333
3851
5435
7811
3602
1458
819
260
2891
6163
4790
8893
1326
7278
829
1600
5991
2730
7553
2306
8227
5421
2143
3527
8645
408
8299
4069
2370
927
5687
6504
335
5935
209
6589
9442
8971
4833
9198
8436
1194
4617
351
4847
2831
7145
1434
3568
9744
8481
5233
3982
561
9864
2527
4650
8808
6340
9402
3541
8465
5026
7663
2654
9654
7352
2251
3191
4361
804
5631
7479
9197
295
9024
1108
9550
9900
6979
9992
2682
3608
5810
1469
9136
446
1029
1261
8146
4018
8764
1151
6631
7572
2692
7969
8815
3476
3370
752
7427
1600
4604
9417
3736
4862
7529
1532
26
955
2458
9703
8115
4432
4471
9722
918
605
1673
1371
3060
578
7235
4468
7034
8035
3514
6864
4565
9412
9174
3342
836
6771
4950
5318
2057
6442
4574
6346
304
358
8460
5995
7751
7699
8290
5127
1419
7489
4699
3794
5738
4871
9602
8945
5762
765
1307
7911
7244
6136
1983
2976
813
9763
2128
3898
3498
6492
5877
9286
3778
7146
6396
5846
7820
8105
8324
9011
6171
767
7650
9532
3353
186
4777
3008
3935
3996
784
5523
1378
9007
9788
31
2374
4745
5003
396
2969
2915
3054
2948
4778
4852
9659
4426
4829
4256
9698
6448
5806
556
7988
4950
457
1056
8011
9479
1053
4848
24
399
6786
8912
9707
6713
3221
7224
5808
447
4873
8241
2146
2936
128
8801
384
1602
2571
3030
8934
2812
7552
5984
40
2312
6751
37
5229
3707
5722
769
1704
2749
3093
2780
7161
2035
6907
2999
6635
9450
3901
2005
3783
9389
7084
2122
9860
5826
8111
4319
2283
9408
5942
1458
7125
4170
5402
6815
7677
5462
5931
2640
8141
2731
2371
9489
1641
118
6958
3111
7116
4433
9579
6263
3339
3415
4005
1393
1485
5393
6017
8548
9655
8888
3750
5391
5259
4261
2663
8031
8742
8097
1008
6729
9453
1005
4203
8405
5796
2582
2382
8389
1757
6403
976
1936
3051
7143
3128
5222
6779
9386
6073
250
1302
4170
7407
3181
3205
7209
5872
5360
1641
7717
6047
4774
7160
3344
7568
9127
6952
2393
7528
3510
6436
952
2180
9350
3779
3270
5274
2846
1154
4705
713
719
8558
4136
6474
256
9242
4614
925
4771
9690
2293
3093
9986
1578
8408
9764
4074
8383
6874
2526
5190
7138
8679
9209
3556
7802
2566
7643
5536
1322
6533
3945
8298
4809
3815
7945
6347
7835
951
8184
9112
4704
6890
9003
7988
7668
6613
6544
7511
8193
9390
8749
9991
6218
8237
4760
6268
6505
8354
8466
968
247
6893
2812
7404
3746
5359
5188
8647
6960
7071
8891
1740
9661
5379
176
437
6018
7831
1103
452
1303
7104
1302
5076
8837
863
7316
9179
86
1047
4549
9454
7009
7077
4156
7915
2299
9151
6089
284
2465
4325
3982
5970
7087
2896
7537
4837
2852
9425
6121
8363
6391
4493
8139
8220
8676
139
3850
7180
3295
5934
695
3615
8790
3500
4439
463
543
7159
1869
1753
7402
718
999
1432
1490
7295
7961
4710
5967
8975
943
1695
1710
2359
3309
8348
7450
5394
1254
8043
586
7866
4229
7753
8361
6028
2860
8665
3367
979
4032
5911
1983
6161
1327
1771
9148
7353
1683
5686
9145
4573
5176
5553
5389
9945
6672
493
5501
6028
3307
8316
2764
4957
9287
2541
9172
8786
7103
9426
7665
9325
9166
2878
871
3674
3261
4448
7973
9612
110
7701
7340
7850
7165
5603
7367
4885
4640
3567
1444
3310
4197
305
2281
2202
4469
5925
2571
5432
6090
40
3143
116
8126
2229
5625
6057
3325
7510
6488
721
3409
2921
7597
3704
2563
1682
5183
1422
8534
4965
7252
6678
2933
5911
9853
2906
279
9103
1210
6596
5468
3505
7139
6269
1346
7111
2303
5096
3885
7415
5617
6198
272
5123
6915
9751
6856
8759
2883
1648
9413
5419
6937
9839
3500
4293
32
2732
6414
2261
952
5386
4583
6957
2999
7171
5282
2343
1880
3240
3085
3845
1388
2937
4160
7736
5670
9262
4344
1483
5801
2476
6440
1174
1681
8990
1581
2351
6136
6079
9198
922
5577
7179
8718
2655
1102
5695
8532
2294
9963
1847
1129
934
8407
699
6735
2722
7670
7832
8893
8959
7859
9771
9650
4145
8789
6668
250
6995
4585
6963
551
6445
8125
2890
7401
394
7553
1346
5391
8875
1827
9826
4584
9523
833
5865
8111
629
5667
1460
6257
23
1510
5541
7570
8443
5937
2582
9575
8199
218
7794
1438
1429
2657
7388
9390
8754
9749
1107
9124
3458
4101
7769
8371
3199
1949
9356
8724
2230
214
5476
3847
1351
5663
6128
3451
7440
7319
7103
3143
4051
5385
221
6759
95
7913
5806
3153
2292
7535
1864
6015
5239
9362
2993
2633
6453
5745
7022
6414
8660
7126
8775
2606
4608
7790
9574
6626
3327
9294
7937
2473
324
6579
6861
942
7008
9771
8788
7328
3003
4066
2007
8107
9915
6575
1261
2283
8803
7892
7601
3529
406
4167
9
6530
6336
8993
7995
6592
6197
8313
401
2405
9448
7193
8070
8279
9833
6396
4457
6399
4426
5763
4340
9085
869
5548
5228
4257
9670
4984
9830
7281
6325
1210
9167
3013
2475
9867
2727
4494
3675
6507
8092
309
5551
3202
5613
8607
3665
9817
3054
5154
1308
2758
7472
517
1472
9562
7100
3368
7471
3163
4242
9451
923
8708
9555
7886
3542
595
1139
4893
8455
6971
9729
5190
4254
9998
4163
5315
3032
3853
4558
1732
7131
5904
3378
8745
6097
9518
8626
7517
2645
2699
104
2003
9487
6776
862
5311
2657
2885
2285
7646
6846
8385
743
2409
387
4014
7861
387
4578
4788
4528
9005
1382
4483
1598
8528
7020
6453
2503
4563
3696
3322
2963
9047
8797
5960
7168
1807
8455
6238
2245
9494
6837
6768
6725
6623
4067
492
787
4157
1207
8152
1938
6049
4290
2659
154
8093
7205
3083
404
5192
7098
3778
8957
9861
9968
97
2313
7417
565
785
9008
7788
1808
7733
2773
5731
4512
4966
5238
597
3650
6834
3576
2967
3390
4045
9372
3154
8809
5542
9925
1409
586
8887
7933
4640
2376
6734
4106
5827
3391
7907
8704
7545
5065
3532
8770
3680
6317
6909
926
931
3743
6224
7208
7879
4716
1227
2488
1510
718
1014
6289
5450
1987
8588
5300
5152
6409
3311
813
9400
5337
9896
4587
1465
6441
9291
6175
7182
1045
5559
1076
4048
6754
894
6571
4119
5394
7175
5634
4512
9129
2374
3414
428
6531
7966
728
3363
3400
7406
8105
7166
3398
1335
6365
6501
250
7973
6161
591
1001
2432
3558
1166
9901
8006
4054
3478
4806
1418
9207
5804
6605
1422
7292
6269
8189
166
9533
3048
9153
8727
7321
3973
3700
5278
8434
7752
397
2038
4501
8960
8483
9359
2627
6430
652
256
977
7443
1991
4999
6893
3958
2923
2252
6551
8164
9564
3708
235
6487
9704
9834
382
3463
5615
859
6240
3592
6798
7174
7876
61
4017
7597
6009
759
8604
9283
6819
131
1238
5527
9792
2531
6315
8313
7294
4604
8661
4981
5951
3286
2404
8232
101
8177
3080
3046
4941
5683
6342
8135
6864
3571
1220
7216
1144
473
1570
6250
6696
7363
4799
3537
6576
4483
7144
2250
8623
7433
7720
8046
1260
7337
3593
7297
7589
1063
1643
6548
2595
5090
7979
5243
1465
4995
1276
679
5284
7229
685
7960
8466
1642
3735
4254
2867
9130
2203
6276
8081
8918
8214
7574
4820
3164
771
6523
7207
8099
9929
8206
3400
8555
8716
1440
4316
8606
9415
4113
5966
9036
7966
4437
8872
6025
897
6821
3359
7596
3158
9440
3220
7811
8525
2508
9419
8404
3269
567
9884
4916
8406
1666
9053
8977
8053
6645
2775
3025
5159
285
6658
3817
4101
3005
9540
1758
7046
3612
205
2913
4237
9368
7229
2113
5227
1337
1140
3059
7452
281
9265
8427
4128
7404
3056
8604
9514
5117
94
7752
7741
3857
4143
9332
148
4126
1443
2311
2546
8097
692
7219
8332
6249
6079
487
9737
1100
41
3452
8497
7137
7523
4023
6196
2675
3028
7344
4510
5021
6743
965
541
5313
6273
1960
7726
593
4354
903
369
4284
4649
3246
3202
1851
8621
3857
1658
1317
6882
5818
7231
7119
9525
6324
3603
4106
3529
7758
7623
1131
6479
601
1390
2380
8951
3070
5076
6628
7337
7574
9645
7032
8652
3279
3296
4533
7809
2643
4975
9139
5204
5315
4392
1323
4931
2514
3162
4905
1042
3704
8903
8735
2755
2328
6260
2839
9542
4802
8818
3994
3435
6945
8209
112
3591
669
4178
1364
8247
2578
5927
7328
9139
7661
636
8951
7959
5990
2687
3254
7197
7564
2430
2097
7304
5843
7359
6875
8293
6891
2289
7096
1811
3257
5808
7011
8339
6428
3743
41
6175
2211
3826
8256
3710
4045
7408
228
653
2832
1178
7250
3014
7777
7481
1976
9601
9154
1780
615
9075
9487
7800
671
9261
1582
3723
6525
8857
5022
7165
3902
4257
333
5800
7983
8013
8310
1957
2281
4976
6131
1022
5487
7352
5904
4632
1482
4792
358
9064
5397
8923
7796
10
7176
811
943
5478
1356
1171
6104
4510
6342
1675
6519
4333
4158
2016
4342
8749
5883
4399
846
9005
5021
7337
7286
4748
1312
4625
5075
2808
4041
107
3262
2166
3433
2466
2700
7277
4503
8171
1437
1218
9797
6444
6841
957
4511
6367
3754
259
7146
2789
5528
7130
6261
8982
4112
7493
5457
1275
983
2050
9483
1202
7985
7535
7803
7420
7492
5886
1404
4400
1782
7037
4212
2213
7835
1207
5906
1246
3052
8650
9185
7564
1219
8948
5408
979
2753
3852
9203
2351
4644
4754
1995
1912
9804
1749
1316
8728
2142
3503
8010
2347
5437
3313
170
4344
2360
5720
1930
6943
2578
3385
8120
1284
6978
7952
932
6197
1266
2744
6076
5773
2014
3114
845
7109
5599
1278
376
7972
9458
1000
1509
4349
1975
2283
6074
7696
8477
9585
4156
955
2630
5869
5817
2288
1354
406
597
9458
1533
5300
7444
3174
3536
1438
9096
2880
6690
3552
9085
7124
5063
8762
1585
3589
3239
3000
5074
490
809
1218
541
5008
3396
7789
5462
5990
1003
7848
8124
7308
5443
8545
8595
9024
985
6068
2055
9510
6375
7670
5114
942
7570
3314
9548
7306
113
2850
3059
6203
5540
7061
8091
1922
6525
6552
1879
3094
6970
6299
2062
6389
5009
62
8664
9982
1858
5301
6281
1557
2222
8744
7750
2794
9838
1348
8100
6740
885
4283
6683
2240
4417
9800
6135
7026
495
8811
7578
5013
3839
3889
5683
7144
556
8728
7246
3881
4398
4096
3159
5856
3044
5022
8901
6156
9057
7699
1912
6516
9372
256
6897
4792
3170
8434
1437
1495
1904
1977
252
7099
9588
1904
9226
1370
6877
2879
3295
7516
5654
7365
5674
6453
4502
1498
3944
2593
6217
8195
3270
7871
8379
2570
2596
3749
5273
1114
6459
5053
4356
3667
280
231
1539
4319
7444
2251
4010
1637
47
5642
8118
8073
5206
5089
6141
9226
7257
3831
1081
6103
9808
6162
6376
9442
4151
7517
7869
5240
7677
9069
5271
6261
1481
82
4227
7791
486
4643
5164
3863
7415
9745
5502
3742
1782
6542
365
8281
1581
3699
7178
2205
4422
5108
4561
7735
6546
2834
948
2085
2583
8497
3483
8780
915
3342
570
1242
4450
4989
1940
1338
4755
3455
9769
9823
9818
1066
7141
3162
9966
9243
2116
2007
6236
8474
1546
9950
8355
8357
5624
3172
9093
1186
6050
3737
4715
5441
2824
4069
601
707
8889
3786
4874
4659
9650
1222
5245
99
6789
8675
478
9588
6549
8532
4032
938
6716
9282
5477
756
8375
6140
7064
2765
1363
6069
7703
2183
9199
6250
7996
971
7422
6417
359
9194
8526
3421
4411
8500
9925
363
6245
8261
7123
1155
8799
3450
5375
2392
5998
6278
1533
3995
235
6218
9903
7295
9079
6661
6319
7434
9678
7662
4648
9584
6270
488
6830
6107
4495
9776
4142
9444
5073
2637
1680
3193
8032
4208
9054
9626
7139
2370
8754
9885
5794
9528
2459
6716
4817
7195
7874
4299
302
2536
5353
3773
475
6967
9263
3339
7651
8647
8097
4467
6468
3967
4055
4485
388
6112
4252
1043
1158
854
6854
1397
4996
9264
7540
5337
7204
5976
1443
9732
9249
1558
1146
7730
2210
6694
5099
6073
2237
1035
2332
4450
6794
1373
1481
7775
2259
7081
247
8486
3623
143
8920
3126
3663
7959
9029
9010
9242
5455
3546
8198
5579
6693
4685
8891
9488
8923
3090
7167
1409
1714
7226
1451
5435
2306
1333
8485
5737
5407
6102
6724
3070
8084
7438
5190
8659
9794
3563
4431
9081
443
3505
4808
7045
2690
6110
6011
7313
9638
4
8286
9004
3430
637
5434
1084
4486
1600
2524
5418
2654
5678
5257
3513
2487
2554
384
8938
354
3569
1141
7386
4240
6916
8790
3755
4090
4473
5888
7427
6339
6328
7857
2521
1251
7459
1661
3629
917
8670
3078
8564
6164
1557
8032
3714
8692
1870
279
7015
1420
10000
2371
4275
3670
5043
6623
6974
2589
7651
4296
8123
1679
5018
2837
2768
1902
230
7057
4344
493
1317
6118
2371
1338
3144
5802
6563
3192
7081
7415
8192
1461
3657
3374
2678
4208
1637
7308
1176
7510
2369
5498
1818
7428
7793
4246
5741
9899
386
8701
9308
5838
5978
9956
4826
4074
8872
5371
7380
6097
3755
7483
7082
4574
8027
671
1764
8292
7191
742
9634
5242
56
5922
815
7982
5079
4318
7412
7050
2139
4223
6629
8335
5139
1561
4152
8992
8551
4242
7300
8240
6365
7279
5006
2194
6472
8557
2942
4177
4535
505
1222
9387
6743
1444
8597
7000
3597
1437
7693
5249
8921
2519
6173
1526
8026
1574
3769
552
3321
3109
4866
5494
2357
1615
6697
7551
3842
7259
8481
7997
8135
8594
9935
2956
4864
6668
25
8031
4752
3015
3121
7363
8994
273
8103
8028
6888
6827
1317
1266
6366
8921
8709
1545
3554
8593
179
15
4697
259
7377
8870
1355
5577
9087
4715
6795
9581
2667
1004
3129
3138
4696
7865
3346
2786
6876
1470
2965
4567
227
2105
7419
5155
9865
7591
7603
1737
4934
4594
146
6747
466
5903
8958
8821
5777
6775
2586
4804
773
3600
2431
8837
7433
7150
122
10000
8153
9868
1013
9366
3735
3679
3343
9310
8572
2745
5298
7203
6034
5779
8388
2709
5740
5296
9438
31
9321
6361
5998
891
9110
393
541
9566
4755
2837
4396
8532
6551
7117
222
7138
8136
187
641
1009
1202
868
1659
9944
7244
7474
7310
6609
3383
7716
6357
3327
8427
8009
9156
4209
1728
1813
7905
8628
2366
5719
6633
7582
28
3364
5370
3139
6117
5916
5556
968
5087
6089
7717
7472
9279
6800
5163
9134
4739
2809
9603
1
7113
3592
4703
3147
9936
615
5495
798
3569
8043
4698
7807
5939
5945
5744
3578
2009
3841
9281
1891
3103
5637
1618
3684
2791
6450
2653
2847
773
1486
9240
9866
9901
7382
7300
245
6664
180
4646
683
1795
624
735
3474
1999
5670
7077
2642
3788
6846
9251
6477
5462
7116
7465
8271
3281
1535
9213
2947
7446
2212
5662
2568
6618
3706
9525
7796
3048
243
7968
446
4384
7271
6218
937
9629
9950
9680
1821
2308
7711
1467
1688
4611
695
5167
427
6409
4268
15
5364
2956
3414
4725
5340
990
2859
2751
2977
61
4130
614
2732
380
9310
9007
6349
7251
8053
1441
614
1552
1752
557
2321
3643
5652
9875
1300
3645
8152
6810
5509
9651
5258
8856
9744
5416
5196
281
645
2770
3983
1362
4556
452
1446
8689
3813
7395
2633
6026
4661
20
451
9034
2223
3721
4685
1106
7269
9817
5029
3150
9444
4283
323
1636
68
8381
959
2066
4349
5785
3730
5874
4299
1574
7244
533
2548
2278
6628
7125
8743
6428
6737
3018
2589
5659
4624
7565
9414
4424
4889
8036
2440
9436
5273
7300
8962
4194
2692
537
5309
8316
6574
9547
3296
9983
5545
6413
4220
7954
4414
988
1924
3323
3349
4995
5025
9487
285
4703
1219
9923
1901
7619
7826
6120
1430
4975
2998
7450
2582
9208
1382
9716
7765
6340
3415
3057
3643
2009
4269
8185
2204
1269
9604
1100
1571
7293
5057
1410
8268
2787
2740
3990
9786
2066
8738
9523
8749
5087
6798
8870
7426
5066
4479
7105
9361
7961
3508
3736
2591
2206
8099
9438
5584
248
9345
6943
1285
6055
4883
3839
1570
3335
1778
1628
5548
1326
7141
6432
8340
6706
4648
7143
2738
5432
2443
3788
6538
8950
6162
2975
2384
9144
1550
3823
3877
6993
1854
7848
4263
6591
399
1147
1092
8090
2410
7308
939
5833
7467
1334
4148
1782
549
7012
6004
8653
8762
8706
8294
7898
8141
8095
1338
7171
5914
5052
2482
2843
6685
4522
294
4134
740
2184
1530
4571
8289
6195
137
7808
1538
3761
5146
6314
8563
3956
5108
8852
6592
7986
8968
9161
8797
3181
5361
5434
6331
9013
7994
1994
5430
3480
2952
6650
369
839
4924
614
58
320
5021
9137
4302
3083
371
1641
8403
7666
3724
2258
4391
7701
1628
2844
9804
5951
4973
4176
1386
5325
9165
6147
6038
6050
799
9180
3937
2588
9079
629
2349
1073
3114
9651
6350
5120
1263
2086
6814
2590
2615
277
4149
4656
2362
2133
2196
6608
6287
585
9732
5524
8558
6339
3984
942
2135
6460
7095
4523
4872
377
9543
2372
2806
2001
8026
2699
7030
6488
3107
1633
5334
1689
940
1184
9633
4985
7119
8127
1287
5530
8494
7505
6588
4318
560
7902
9575
3404
8373
2852
8322
8215
6267
7619
6399
5396
1024
2493
5617
2934
4346
7943
6296
1896
7989
1116
4003
5766
8614
814
3812
2910
2282
6581
1012
414
1124
9035
5264
9166
5206
4670
3512
9589
7680
3275
4855
5253
1161
699
7095
9436
6450
2061
6346
1709
9768
7700
7627
8011
2364
2928
6154
6784
6288
3624
7644
5509
5315
9615
7131
1635
8565
8807
2167
4097
209
7294
2079
2125
5230
5408
7032
6383
6286
9912
332
5050
4598
6507
4733
862
1696
7721
7411
5169
4267
7032
1626
1051
2710
7264
110
2778
6495
6284
6398
5919
8148
9507
2212
9253
9361
5512
3096
1844
2070
2941
1822
4016
3733
1202
3262
1696
5882
4409
2611
2990
1822
5190
655
3292
6139
6528
3808
7979
6954
963
7743
4058
8350
7534
4273
1157
327
4340
136
4548
590
9179
8759
6622
155
9542
8858
4036
1765
7887
2434
3819
6817
911
7820
4883
8511
3803
9440
3191
8660
8287
5832
567
4367
1212
3339
3578
5552
1953
297
7252
5439
5933
1223
2514
6525
4727
2212
5757
7548
3365
9054
5553
2622
8797
7070
8375
1739
8153
5228
38
2724
6627
9500
5880
8867
6379
2880
8251
2786
656
8548
7226
4137
3387
2380
5660
4836
6260
3407
2010
9855
4388
4008
238
6734
5292
5722
191
1286
5672
551
7501
136
6852
6160
1525
2507
2296
5820
5542
7067
2709
6928
8628
6734
1627
940
8365
5693
3884
378
9395
6869
3384
1605
591
7797
8986
5364
7012
514
3291
9675
2036
6761
722
8171
1577
8225
8716
6164
9369
8460
1530
9353
9495
1435
1755
7791
5750
9333
4210
5199
6067
8606
6256
2088
6751
9404
6600
3902
536
4992
7480
1411
5868
3361
259
7090
3025
4222
2176
5038
2339
5583
5117
2786
7369
7335
4472
5027
1547
5903
6624
2774
1709
3260
1685
4778
9317
7497
1407
651
8254
9402
949
2695
1905
3037
1756
3548
4414
6263
1123
6663
7194
8034
8793
4661
2752
9333
9932
8022
4964
8820
7385
3505
9316
3058
3382
3212
4665
1873
115
545
1121
8249
6253
6781
7409
5559
3019
2629
5198
5837
7230
5278
8825
2694
388
3951
3075
9492
7365
9495
2581
5839
9562
3504
5557
9955
5280
5032
6638
7240
7746
7658
6399
2024
8010
8093
534
8851
6444
5066
31
9777
8229
8379
9859
4866
3714
2133
910
8247
1904
4890
6156
5646
1495
1956
4293
4920
710
6627
327
8846
8499
7751
4434
3985
9517
1486
9658
5536
3970
9986
2988
5311
2408
7313
4761
1816
7034
1129
2080
7453
9521
2086
8441
8860
3507
9963
3510
4613
9232
7531
3178
855
7138
9270
8514
1240
5451
6144
5077
4302
6086
3812
7817
1071
9032
3552
5688
3291
8650
7448
5208
593
1257
8652
5660
4517
5097
3046
5816
3731
7410
7175
9138
3575
7162
9826
2824
2695
2903
9457
7963
6484
3542
6332
5171
8429
5461
1837
5383
968
6523
7008
2396
9037
5682
2577
3722
5591
8811
9409
5246
7456
488
3815
9517
5416
1529
5923
7190
7212
213
2942
4872
2684
1049
5915
1130
4978
5818
4778
2996
8695
5244
275
8982
319
1952
3845
1025
8242
2475
136
7841
4176
3026
7700
4717
335
3734
2210
9332
5091
6305
1869
1146
6335
5694
8814
2774
4864
9957
5665
4843
4031
8275
6785
7707
3109
4273
903
2810
4511
8351
2851
4149
5871
1561
9302
2677
3637
4482
3494
8089
6020
9913
1152
5758
7074
3984
9164
3773
5361
250
2073
9723
9029
6560
1894
4525
6777
7773
2162
637
7938
7146
1346
119
9588
3157
9197
5187
9450
4291
5845
5208
9944
9785
7182
551
9874
9969
8728
3597
5527
4565
6656
4610
9257
4508
8738
1605
6134
5543
1560
63
5569
2264
5636
5541
3670
7634
3111
3612
7135
6177
4363
2100
6278
3161
7953
593
4799
9485
3098
9634
4073
3810
4522
7905
800
9762
7710
8463
848
1463
8339
109
5197
561
4404
211
7787
2353
3497
5986
4364
6524
7146
5578
428
9533
7340
812
7952
8482
2218
9286
6908
76
2185
7932
4113
9264
4201
2742
6131
3850
9988
6327
4831
785
65
2066
9582
3478
1157
7261
3533
3284
48
3827
6979
3289
1926
276
3616
5848
2735
4915
5503
5436
6514
2513
1500
2065
2712
2987
2653
1074
3603
8926
4585
200
3577
71
8340
1498
8382
9040
1224
6167
4960
5208
4963
2128
8789
5590
4809
5973
9737
973
8367
1418
4682
8392
3653
7958
8131
7782
2640
610
8352
8199
6194
8678
767
2827
585
2240
4351
9895
2379
7270
1937
1815
2345
7619
7742
5503
2613
7944
7483
8071
9082
7569
2268
7331
2400
4446
5200
545
4510
7510
4502
6595
6908
5852
8562
714
9212
4275
100
2674
4519
9903
2078
1526
2397
8038
1697
6841
3414
7635
6792
7808
9852
306
3014
5328
3712
9917
839
9343
6059
3600
8698
7759
960
7089
7095
6128
6941
9411
2559
9353
7686
4515
5227
8769
5872
7023
7656
5637
8754
6611
1109
2176
9195
8476
7770
4464
6912
6946
4967
7026
936
1455
6115
7843
7006
2494
593
3210
8848
7185
9631
6763
7462
9212
6409
3122
7874
5
4066
391
7677
3275
8910
8158
2088
8270
4549
8900
6120
6095
2229
7262
3317
9559
4400
8508
9809
3028
3448
4820
5603
1929
8876
1413
4662
3910
3231
4782
9728
8988
5159
1744
5751
8954
2986
3789
5373
1966
8226
8662
1153
5640
7871
2384
4737
6333
9128
160
6702
4793
7943
7096
5964
8715
6018
6014
366
2377
8105
5013
7032
8710
8666
4545
5642
2581
4446
2810
8930
4935
9994
1591
5004
6107
6920
9662
1372
7789
5032
9817
5966
5750
5439
9736
3462
4043
8935
4061
2485
638
2659
1579
3818
7266
3163
4510
4354
4083
3707
7314
6541
3516
6706
9043
7476
6244
4976
9187
3077
1517
7022
3926
4078
1454
4003
8347
6800
5607
103
910
3406
7485
9740
9543
6833
9876
8158
5273
5947
803
4657
7200
2542
1244
9327
4381
4734
636
2897
4397
2110
815
219
9868
9018
2534
5826
782
3270
4065
2269
591
9908
5287
8758
4973
1607
9850
4906
933
2137
3555
2501
9373
47
1972
239
1054
9984
4347
9008
9554
9449
1966
98
9343
1845
8582
335
2059
1367
6470
6746
9186
4378
7600
2470
4337
9519
6827
3668
2674
3118
8519
8943
6899
902
9186
152
3259
7877
2882
997
8535
8095
8191
7657
530
5896
5267
6434
3163
8378
7381
523
4318
6783
9507
8314
8475
7090
5273
177
6186
5351
7990
3533
6126
7721
5132
2859
1834
1507
7270
2466
5151
1760
2435
7061
8678
4043
1857
2262
3734
3648
5009
5705
6368
3757
8167
7087
1077
860
5572
1999
6225
2675
8185
9829
1255
5998
8724
9790
7943
7227
466
4002
8823
970
7191
4339
2262
561
149
1440
8839
7548
9062
8627
7159
7696
1333
3267
5297
5779
8397
8501
4054
9262
2239
4189
9350
9828
9688
8487
6839
662
7633
7179
9182
5755
7125
9948
1839
219
7197
1085
7412
7778
8608
340
989
5752
6245
950
3887
7928
2133
5364
7914
9540
7251
6639
7061
7214
4167
4633
8713
6052
135
2901
2755
989
3997
6185
3945
4886
2867
4136
8611
3877
734
1859
2414
5882
29
3610
6695
4908
41
5286
5964
7460
9345
3391
4373
4032
4467
1883
1956
7058
7045
381
740
4968
540
6164
6295
2786
5075
482
3229
4300
2836
4865
9621
4966
4590
5605
2173
3689
9385
1275
3662
3960
585
4589
9510
9312
7052
5576
2078
440
4220
8899
2642
6871
2237
5535
7347
5947
5204
9406
8925
1262
9837
7532
2610
2070
8026
833
5259
7994
2957
4643
5350
4489
6742
9685
212
7338
4635
4230
6292
481
4538
6775
761
3019
5156
7248
4512
5776
796
610
5171
3158
5424
5996
3573
2296
1280
2835
3993
9861
8927
6993
6193
9253
1207
7252
3730
7312
6712
6206
5374
1277
2367
7826
6177
5846
692
2198
9321
9092
3954
6628
4739
18
8112
553
6132
3333
9909
427
1597
3602
7126
6922
7869
7552
4564
6671
6065
2383
4430
1886
7292
9713
9136
1980
8603
315
7158
313
6371
852
6098
73
6486
6307
7448
2684
1874
8588
4049
1338
7994
8735
2502
5644
301
765
5518
8161
6516
106
1905
281
7594
7498
296
8733
5019
4351
9157
3280
987
239
7255
5410
2271
2330
3844
8439
3404
7091
8450
6502
8796
4597
9278
9852
5215
2875
6726
9683
3156
311
5653
1266
5386
8436
5161
3185
6801
2188
8280
43
4409
7167
8458
7985
2772
4471
288
4982
1285
4388
8682
7059
5136
2206
5522
3928
7278
3944
9189
1910
5215
6435
4608
2861
5880
2984
414
719
497
6382
3509
8829
2379
2118
5723
8030
3538
8244
2716
7377
8394
1670
762
1428
324
4765
5618
8673
8027
505
3480
1628
5676
7580
6699
6286
100
8309
6567
7618
7735
9579
317
6118
4281
7937
4105
5347
5378
9697
9019
2923
8104
4881
8205
6018
44
4515
6457
6950
1800
1204
2978
9906
5521
1750
4707
4874
7119
7178
5206
6448
4209
3966
9016
4439
2547
1890
9267
7012
727
8902
7899
4845
5975
846
6745
9396
7041
552
3408
3775
1848
4213
3035
2387
2027
8018
3863
64
4147
7595
9311
5219
1592
1255
8076
8948
4357
3727
3751
1357
5883
5997
2525
1748
2580
3508
225
3993
200
3524
6109
571
4938
1820
3933
1776
2483
3246
4017
2941
1260
7696
6456
2018
6241
264
1622
836
2161
2393
757
3125
5641
3089
4779
6666
7649
5258
5347
6302
6404
5057
1499
2206
2835
3425
684
7501
8941
5242
6411
5105
7026
9083
54
2874
8229
3296
1058
632
7812
438
936
4033
41
5963
4125
816
8962
6100
5368
4849
6791
3729
8784
9839
363
902
4690
695
4977
3774
5733
2865
2110
5451
5298
2646
809
4359
2432
3393
9584
4315
6313
4311
8728
8965
6375
914
7668
8125
3785
1326
3926
5757
7322
2622
9006
6220
4901
8709
5859
4497
5604
4385
6426
188
7300
7416
280
8526
2426
3389
2438
6459
9162
5181
9719
2332
5188
8550
33
3417
9573
611
3277
9433
7562
3005
9539
9722
4201
3096
2732
5016
17
9839
2954
5143
9138
9085
4566
9256
3676
2617
4883
9045
9147
9779
1937
7540
6411
675
8981
6547
6546
3967
9364
9537
1936
4568
7432
4924
2812
3468
7541
9315
6993
6442
7613
6380
5010
480
3725
9971
5474
7986
3062
6231
2139
8100
5608
3923
6603
4274
6535
1349
4905
4140
1133
4877
6707
213
1334
8245
4329
9060
1452
8481
9027
1083
5011
3439
1377
2572
3576
4334
1312
8821
1101
80
84
7612
7079
3414
7085
1163
7035
342
8553
2104
2770
4276
115
9599
1963
8425
7057
6970
6962
7411
1633
307
8149
337
290
7372
6753
3409
324
7502
5960
1664
5314
3183
1481
9862
3833
2551
495
5161
2541
1837
2489
4875
1418
98
8546
9060
502
7500
9012
9670
6751
3862
8275
678
7326
5011
9458
4618
5468
2785
5177
1592
3838
1048
2076
2831
1288
463
9801
6649
7708
1738
5608
2770
2969
6254
1122
366
7973
5289
8691
2698
3371
3693
4877
6975
6817
185
6007
7872
245
9424
6301
7500
4131
343
5547
795
6323
7231
8974
560
3627
5822
7361
467
9605
5430
7473
5557
1926
4413
1853
5431
1294
8440
9293
4582
6270
8866
3328
7701
6644
6944
5566
3754
9044
1154
9839
7585
6574
7841
1535
9946
5419
6756
4119
9419
7178
1988
9238
3
5438
4472
4716
2722
8919
8041
2532
2712
8985
284
6513
6641
4041
5216
9793
7731
1130
4325
6994
5173
6149
1514
8414
2420
8221
4840
4013
1872
1255
4494
3597
7738
2327
1843
837
2188
3351
2113
9777
3381
4881
5639
75
2176
7503
4941
4779
7366
4976
1590
7650
6010
1683
9535
9925
7617
6270
3321
6460
9198
3032
2811
1973
3428
140
834
6954
8544
3196
4922
748
8641
2442
4416
254
1703
4408
9726
921
7272
6897
4521
283
902
7603
7078
530
2870
7683
9859
2722
3318
6595
3384
9920
7338
3069
998
9676
6381
4155
9452
2980
6906
1696
342
3688
6299
1286
6220
335
1761
8000
4673
1824
7197
715
1811
2011
7926
2477
2747
3903
7275
1370
5259
285
5929
4381
8060
6116
8452
5195
1441
4621
6403
9772
6099
8897
4578
544
1115
6548
8695
4849
6074
5198
7755
9081
7501
3451
5218
1744
3000
3472
8475
4867
5054
1461
9060
8353
9918
3528
1044
4121
1004
1054
2754
7644
4210
672
5463
8559
3424
8099
8837
5045
3629
5232
7828
9788
9042
9901
6848
3427
1071
7694
5771
346
5109
7667
6066
5963
7284
1831
5522
2884
3391
4798
8489
4946
2617
3059
3119
6583
9983
118
2672
9662
4905
1599
2352
7890
7201
4573
6452
8771
3050
8769
8492
655
2907
4453
7591
6968
2296
1707
3247
5442
6603
6430
2981
1193
3580
8355
8730
4188
7424
9680
7479
5798
7145
4489
7410
4599
1039
1500
5011
8784
6672
1430
2315
4615
4275
6857
8348
8151
1522
2256
9870
2132
4057
471
9717
2813
348
8996
3120
4111
5057
2218
4422
1678
4453
2307
6762
8284
4826
5564
7775
1287
3826
4375
2898
1834
6519
6917
4804
7395
877
4643
2516
1872
8388
2665
1189
6828
636
2836
5219
3392
836
6756
356
4003
1282
9604
7711
6400
7580
1241
4035
100
5643
4509
3643
204
8311
6069
989
8271
8719
9833
4241
2541
7586
6810
7500
7560
9836
1459
5838
3626
9556
2083
310
4876
8342
1353
4200
2300
4753
6706
5449
6711
1793
723
9322
8431
3602
5935
8252
1439
1739
186
6847
3378
7869
4388
5766
6958
3531
342
2728
4060
9750
5892
981
5575
6423
3403
6416
5921
7754
9861
6759
7165
9196
1551
1069
8159
1408
9591
6598
7989
463
6803
3973
6654
5735
5147
591
137
4236
2348
1204
5149
6200
6086
2309
9884
6052
193
3432
3465
4923
5432
7801
3587
8559
6095
8510
7898
3115
2450
1087
2199
849
2837
5558
110
3191
77
7727
3241
9829
8210
9068
9018
1858
9584
1244
4015
3486
4480
6956
4851
4692
4179
4503
6617
9301
7863
3365
4697
1812
9465
4468
9479
5298
9383
2350
1718
4765
7117
6931
7209
624
3984
3998
5055
5075
3715
2655
6688
3692
7107
379
2133
7141
3075
335
8504
7638
357
5343
6890
5014
2729
2657
3331
6878
7883
346
3798
3699
7280
3681
888
5328
9497
6757
8938
1305
387
7444
1538
7698
7383
9639
512
5217
4991
793
9450
6629
9503
1184
7377
3662
6106
4730
4745
9964
9338
7083
431
2898
1904
1918
2991
4493
3142
8647
5914
1987
3494
2814
8847
4347
6724
9078
2224
8043
632
8444
3341
7241
1674
4228
8713
263
1130
7977
8139
8143
6338
1539
7208
7806
336
2152
8644
9076
8568
2006
1191
2953
6507
2260
1613
3355
6694
5342
78
2020
4998
8172
8808
6472
6617
5746
8387
3282
9088
1496
5247
7448
7781
5559
4693
5941
1909
6445
8941
2300
242
2151
7994
3100
2709
2478
1252
4561
3196
5107
4482
9772
1457
7403
2824
9375
7179
2381
7795
4495
2884
6801
4197
151
785
6308
4847
7750
4523
134
6036
3996
3032
3596
4939
9452
5484
4221
1786
5386
6821
3171
3810
636
1497
7670
1852
8128
3250
5632
7928
1600
2888
2938
48
3471
2142
6079
9155
3372
9276
1191
1304
9316
248
4358
8377
9386
9885
6176
1117
9102
5742
2917
2230
7789
7144
7114
4402
1458
7209
8096
1519
2461
892
4708
4677
4234
8267
3824
9461
2288
5157
5640
3388
9695
1060
4861
3622
4413
3221
5474
3932
8462
5728
7738
5771
1994
9312
5840
3516
7916
2897
5167
9168
3026
2223
1894
8171
4611
3230
4919
2719
2750
4214
7463
2044
4387
9406
9704
639
5614
9912
7908
6908
2171
7696
6042
993
9140
6755
2870
7202
6308
2380
7150
1745
1157
6575
2575
1182
9353
7423
787
5220
7480
1192
5301
1778
3050
3417
9085
1571
8462
7597
2130
7042
3720
1362
742
9357
5292
1731
5917
4585
8428
2630
5519
3306
657
4544
3976
9669
7252
4676
9669
2886
9415
7188
6334
3627
7918
4876
1190
3728
2767
4189
525
3144
8223
2682
2998
1063
9318
9246
6847
419
7027
5852
6908
775
5493
1778
1108
560
2743
6054
4555
4790
2089
1257
5874
7690
2594
2518
2278
7260
8005
9711
213
9705
9354
1913
9420
3813
8262
4330
5299
7015
7465
4087
153
4528
4255
7455
7135
70
5888
3336
5840
4363
8461
2731
7788
8963
1412
6174
3998
9386
4605
92
2779
279
118
3075
6405
1444
7071
1587
8472
1413
4458
4148
5474
9101
589
5243
9433
2250
7086
3410
4115
9996
4834
2339
8383
3585
1882
1028
2515
3040
1841
570
8148
428
7008
9622
9917
4762
6477
7460
6775
4946
5931
4158
4431
6834
4343
1876
6976
4085
2069
2535
5381
4618
672
2631
2609
9482
1027
7844
94
3217
3300
3379
772
8760
2652
6232
2850
7890
9918
1398
1011
2189
5306
3160
6018
5247
17
4600
3765
9307
272
9253
3296
1040
1643
8051
2387
7897
3385
8841
7777
2498
5971
9166
8066
5525
1596
9260
3815
8099
1400
693
8480
1104
7221
9234
2182
8318
1050
6401
3003
3005
2235
882
2245
3373
9217
9276
5083
7806
4323
750
8047
433
2003
3240
9481
8007
6391
3051
2921
1975
5530
8416
826
5787
860
3013
2602
6302
2336
2124
2765
1915
6014
2503
8505
2511
3748
342
6453
6750
962
2535
7398
2403
1020
2860
159
4132
6480
31
6945
3143
8120
8874
7090
1949
6458
5161
7194
9642
9165
2180
8696
5998
5467
9219
2552
1790
8205
9921
7541
7051
4756
3034
6892
9370
6581
8967
952
855
3826
6060
9484
2595
9519
718
8460
1484
4707
9940
749
9344
6857
2109
5843
4770
2357
9173
406
3362
2680
2477
9161
8310
7246
3541
5501
6476
8060
9632
6295
7799
680
5817
9039
4195
9950
151
9978
9121
8206
74
64
880
2229
65
2500
5484
8481
1570
7904
6628
1871
7948
6191
7365
8624
557
5348
8840
1271
9331
7236
2461
2061
759
696
6944
4666
7997
3713
8149
5675
3457
8281
8925
7224
6299
9403
3186
9415
2601
2540
3713
5024
5018
4000
5763
8313
4755
8668
9731
500
5314
4678
3197
8303
7424
6032
2149
6716
2979
6581
1974
9954
5901
2575
4353
6251
5178
9493
5032
1292
5770
5814
4448
5451
7259
7836
6706
3170
8248
6815
6596
7647
6359
2847
9152
8732
1341
7845
7258
5768
3555
4485
1765
362
792
8733
3077
8705
5670
6224
8688
3386
1923
4567
4232
9771
416
2200
5233
1267
4933
3931
6412
2804
3920
9871
3635
1628
9703
1469
8685
3633
9272
919
7935
7268
3509
9018
193
2898
8928
4522
1961
9486
3726
8227
1291
3005
5259
7799
5095
511
1101
1667
2074
79
8138
7385
1198
8927
788
667
9613
1020
6292
9867
1740
789
9452
762
3123
4346
1383
7429
1885
2641
6983
8781
1178
9416
7232
9832
1653
7288
2277
3736
3011
2472
2740
8333
1768
5740
4509
8080
5876
5546
8131
4241
4154
6134
8386
9670
7891
9561
2507
2071
8279
254
8670
7047
717
8471
7552
229
1064
3471
8773
8232
4070
1926
2147
2567
6095
9093
3445
6418
4617
9339
8769
627
8413
6874
2734
8831
1060
7192
3771
567
1107
8904
867
277
2232
4948
8340
7148
1887
5607
1827
6454
1128
8332
1496
9023
8613
5948
3863
6867
3287
7603
8420
8047
3615
5773
5026
7821
978
6231
2051
6716
350
9700
2551
5428
6655
6600
6051
873
4835
8901
4775
1445
1653
7414
7839
6512
2160
1628
5328
9780
3352
9956
2581
6968
3352
7818
6514
2844
2023
1718
4281
2996
7781
5593
5636
7123
6145
1405
5005
5389
3881
9707
306
6178
116
561
6684
4282
8722
5234
5004
7545
3168
4862
9119
2117
1997
9218
2223
7962
1969
2509
6992
1895
3078
4988
7326
9105
2177
6009
2188
7778
7634
2431
8314
3409
2500
241
9719
8364
8327
2985
2157
2065
362
8563
8293
5669
8514
8936
8455
161
8829
7170
5489
1211
6106
7739
6424
2980
8327
3894
5311
3560
372
3840
2462
2758
56
826
1045
6584
9211
3416
8999
2428
9128
7148
9578
6540
9022
6074
306
4558
43
6347
6150
8398
3922
225
9422
2075
6046
2706
7976
9710
9384
3270
7856
3025
9132
6883
1551
9061
1786
1203
9210
5925
4032
7363
5191
3483
6899
7070
7578
73
8381
9769
3169
534
5
3688
237
7264
9176
2734
4788
4277
3323
7190
1435
9245
9058
6388
9178
157
7751
4177
8660
3994
4209
9026
1475
7903
4058
4173
9426
9347
7879
9026
3216
4644
5305
9596
4998
8260
8428
3781
7792
2944
7806
4867
229
828
9967
6378
6539
4528
980
3493
3350
5196
9320
3668
4335
1274
1294
7367
2895
7348
5799
8944
7306
7662
471
5799
612
1119
3554
438
2388
850
1412
5837
7351
2826
9478
5671
4792
9921
9390
9764
4432
9980
6353
9003
7933
5588
5349
414
4554
5102
1437
7522
8687
3635
5590
2237
5667
9552
9893
7038
819
7449
7380
8915
1714
1107
987
8676
9869
7011
4566
8970
265
5222
9196
8797
3008
1891
2718
3277
7443
8049
3716
2656
2873
1126
690
2507
8143
6970
394
1008
4353
2322
5793
4267
4730
9733
4307
9828
7353
9692
6976
6218
1906
8177
1972
3029
3295
2955
5553
3019
2401
4625
4408
5901
333
4313
3278
7379
2474
3153
3776
8550
1122
2136
7277
8186
1042
2349
4200
4999
2710
1171
7706
9475
2929
9697
8735
6892
9857
4687
8771
1012
3313
8663
443
4337
6877
4309
4701
3393
3797
8802
4063
2265
5335
8503
5918
3088
9719
4868
1228
7990
8889
114
4306
388
8510
8406
569
8503
7594
3069
9488
4311
8925
3371
9946
7404
463
6501
3157
7821
4762
6698
7429
8284
3311
151
2813
1293
6521
9831
3216
1382
5349
7800
7402
1035
2056
9750
4685
3753
3757
8997
2160
3855
68
8947
6444
2109
6781
8173
4606
23
9713
3558
2493
4974
1752
1928
4587
9811
1657
934
8316
5033
1548
4120
4452
8892
5533
4131
4622
8963
1590
2386
5397
7988
5370
3523
2727
1705
4158
4669
62
7872
1882
3874
7649
408
1762
1039
231
2205
9666
6315
493
3452
9611
8043
4806
7262
6997
9267
4547
6388
6163
7674
1975
5269
7166
9578
165
9692
3785
83
6739
6731
8149
8883
6967
499
6070
174
3056
2766
7375
428
7089
3709
4386
972
3089
5830
2091
8324
5301
9153
7093
4320
2367
6282
9333
9642
6586
373
891
2673
176
2313
4230
1150
605
2620
4372
610
5147
4813
6995
6971
8444
9950
2268
3995
9740
4257
8673
5163
852
8499
629
4534
917
7365
8681
6773
1577
4604
9050
8649
8159
9141
8896
8612
1449
8447
404
9674
418
1394
9292
1269
3455
1917
9023
4422
3128
7149
6637
6586
97
3050
7816
8876
6107
8280
784
1762
9141
5135
2358
324
7572
8440
7939
4994
160
7173
2526
6855
4767
1748
5009
2544
9380
3615
6646
3286
911
5058
4323
9461
2450
1967
5207
7487
794
2620
5041
7270
9251
51
776
4425
9108
7004
700
6502
8278
6978
7479
1219
8836
6662
9846
5923
8305
5046
9279
445
7015
1755
8520
2242
3738
4914
3669
4165
9429
8262
4554
9731
900
6038
9530
1421
8039
8493
6195
7317
393
9928
3334
6550
5477
6515
1922
9253
6623
6090
9917
6310
7517
7217
9036
3486
5654
7368
3393
5130
5388
4660
1353
5009
4221
3470
9945
248
3349
2659
896
2004
8947
9787
7467
3771
365
7094
4021
3734
2267
5413
2451
7692
703
5640
6689
664
1534
7557
7039
383
853
6880
9960
6928
1917
4869
3106
6211
6372
842
9181
7065
3046
2133
7581
4385
8139
588
1860
6156
3151
161
8123
5115
1632
4555
9795
360
2126
6338
3553
1112
4928
9519
6272
1245
4713
9913
1676
6723
5858
2098
1380
7782
5873
6057
2176
8129
9466
1750
973
1881
9620
9422
20
7334
1020
5862
970
8655
3954
477
174
5847
9418
9073
4985
6018
6085
4392
8419
6482
7664
6813
6244
7621
640
6627
2822
1029
4853
1799
4473
3216
9606
2236
9037
9468
2122
8083
5471
3887
4287
9915
3673
3831
6415
3616
1589
8063
9279
5108
9063
8457
4593
9356
4536
8546
7217
2213
1764
5078
4309
6321
9265
5300
5492
6522
8656
1255
8546
9005
1430
2130
2464
1945
3833
9052
5929
2329
5597
6928
3189
3268
8023
1777
7842
836
6664
4025
3350
6116
4129
6797
6979
9660
910
1351
3630
9962
9244
8824
2965
7362
7612
8641
3349
8288
9572
2838
8516
3478
4979
8714
7463
3495
537
4958
7171
4467
2350
4756
597
3183
4262
7711
64
2821
9206
2220
9045
8115
8017
3937
577
9373
6364
4463
494
6625
8784
9105
9525
1922
1227
7290
2542
1248
645
9705
4980
9764
1699
9924
6629
4854
8996
4713
7125
6832
1866
1815
5595
7319
3708
2371
4126
9937
8825
8385
6110
389
8845
3243
6726
5859
3083
3523
1152
7701
4916
3907
6764
7953
5881
9179
6396
4831
3957
7775
1563
6799
1019
7295
6965
2111
300
8970
4079
2344
7161
4957
3931
5166
1944
2049
8246
5273
4542
9725
6385
2962
7219
9446
4785
1957
7851
6032
6618
1392
2219
5887
2190
1051
1086
3793
5006
7514
6110
6325
1250
9306
1864
4173
1568
1962
6498
56
7491
6476
7411
7210
68
4026
5733
1356
4065
1406
2164
2914
4710
5738
8405
8280
1652
3356
7043
4032
5698
5904
6536
417
5123
271
5228
3530
249
8494
9695
8911
5931
8894
9935
4254
7166
9568
9257
556
7910
6771
429
7791
4849
5610
5598
1942
5243
6554
9090
3605
1019
7085
8988
1436
2191
1770
8490
342
8995
3460
7095
6427
7936
5159
4070
9317
3933
2088
5838
2325
1141
4911
7851
8972
5457
5637
8249
8966
6714
1013
5112
2314
7331
9696
2174
2088
1495
8601
646
4683
791
3354
8972
8054
9697
9605
9875
262
5703
4710
8773
5498
7741
1376
936
7570
6493
1113
3812
7769
1119
6772
6496
6182
1196
7214
6223
5
3820
4255
5622
4299
7632
626
6181
2307
4815
6744
4632
6994
7322
4655
9691
9214
5331
5969
6291
7740
4346
4585
2753
3473
4834
4929
2868
5751
9186
2258
7967
9277
6859
4067
2987
3286
7312
7709
1567
3386
4590
6519
1659
9649
7455
3623
526
2088
6412
9349
333
2337
7456
6770
3409
8009
5202
8158
2542
2225
7939
2139
5798
8059
815
3834
7499
6208
2067
7016
7416
3436
6350
6464
8729
6766
4936
9231
1509
5425
9110
9137
6062
8532
1446
6414
5274
8936
8567
1130
2667
7373
4877
2598
1305
241
1411
1775
6390
5933
3764
1148
5168
5855
6654
7266
6259
7468
5401
8948
7134
632
5025
5344
6315
4029
2442
3939
8890
6735
8939
8602
4082
1749
3760
4690
4247
6213
4609
8249
4192
295
6579
2869
5187
1976
9910
7980
1301
4932
7221
5383
2783
4532
3212
716
3133
6700
9190
2885
2537
8937
4670
5832
1246
7048
2079
5919
2600
2783
311
2867
5115
9873
4228
5462
286
2799
5880
6960
7669
7088
2899
2147
9873
5743
1827
5455
2724
4114
9080
8748
3621
4388
3451
3162
7275
5583
8586
3276
7332
3720
6607
5320
2962
2512
8137
2520
822
3892
3752
4064
1482
4035
8838
8370
5599
1088
6538
280
3553
4066
5063
233
9008
3854
1589
1891
9913
388
4677
2526
8241
1304
2245
8736
6069
9818
7284
5599
4357
6973
4454
190
2222
2803
4288
483
4973
9981
9101
8614
8328
9910
8428
6556
1185
5743
6110
6046
6779
7758
5429
2994
6851
1839
6591
7931
8201
4991
6116
9560
2424
6741
4931
6968
8355
5334
625
6025
894
9689
2333
4439
8913
196
70
8432
9231
1970
5516
5270
429
6886
2413
2242
1112
6321
2660
9566
6794
4929
1166
9609
1766
4944
3187
2921
5691
5680
978
9799
8561
874
5642
8383
6053
4825
6807
6927
3977
7759
588
919
2771
6158
3642
6042
8488
9616
2125
9669
6608
6674
641
9971
5140
4444
2496
9937
3129
1683
9517
4075
1188
3464
3770
872
2356
3979
7921
9424
9507
9040
8343
7202
6518
9853
9778
2450
1312
7757
326
7970
8829
9224
9549
9926
776
7746
4972
3426
9404
36
1738
1464
6395
4907
2876
4268
3173
5942
8586
3264
4693
430
480
1735
3280
9669
9253
1482
3448
5963
1095
1030
7598
7845
455
4803
9370
9637
9653
2658
6749
90
3833
9135
5293
2237
5639
6866
203
8290
6254
285
7966
8688
6415
6935
4217
85
6888
9205
9830
3435
8014
1577
8573
9762
1539
5996
7755
7931
635
2711
160
7158
8578
7361
8569
997
1450
81
5417
187
599
2070
5492
2304
7545
6893
5367
5639
2436
52
7741
1974
6242
7345
4954
3560
5287
8760
2938
6154
2396
2310
3042
6206
5625
9915
8548
895
30
9154
1104
9837
7160
8734
8093
7443
9278
43
4677
4761
9764
7122
2191
5817
7690
2191
3009
266
9187
6057
7675
1175
8125
1110
1590
7718
4313
7686
2526
8930
5224
7649
6192
9477
9966
196
3916
5633
7507
1977
4305
8436
7173
8237
648
8679
4891
6485
6516
161
8027
8474
3941
2292
4575
7405
8363
8106
4092
4744
8110
2694
4012
2273
6218
5908
3993
1762
1271
6267
7496
4621
2567
5707
3754
7225
9275
9491
4776
3285
2385
9050
219
2088
6821
1181
8622
2487
5360
1593
515
9628
593
5811
6723
6653
516
9623
3589
4357
1808
710
5598
8960
4764
3625
2323
1249
3457
1061
4945
6771
4324
9970
3353
415
2961
3816
3583
6625
3585
1781
7966
914
8851
515
8227
4178
6606
5205
6866
7540
2729
8909
9629
6911
8236
2663
4828
4361
3727
8417
6
3822
1300
5074
9208
5175
9736
9845
7113
1435
7308
8130
5305
5138
9400
4510
2454
5003
4529
6041
4523
1727
7965
1772
5305
8631
2052
3981
4916
3464
5614
3691
4865
5288
5707
9804
189
1012
3364
714
4578
2646
1193
4028
1505
2301
3860
2416
2409
5620
8565
4708
5348
4059
4042
3122
9216
208
8083
9780
2107
757
9528
8498
6078
1893
4007
3367
5767
2652
1698
9947
9378
2361
5397
2847
6956
1884
8526
9286
1362
8193
8765
6985
5210
8713
7726
2129
6860
9518
8336
3408
5142
7509
2768
6911
295
8399
1895
6766
889
4921
3991
2833
7408
8604
4668
4466
5300
2942
6436
1563
6589
8680
2398
7743
1576
1324
9230
3843
3681
352
5374
3328
8836
6920
6266
1663
1401
4904
813
3308
5152
9416
2471
9514
7723
2018
214
5969
9494
1605
5296
1363
4778
1218
5607
8692
1713
7007
4830
2517
4351
4287
1811
9202
7266
8982
7078
38
3899
9317
7949
6202
3562
6399
551
4046
9494
5328
497
9386
7494
1206
8473
2402
2903
7321
6218
2047
8489
3514
945
9343
3622
2732
6897
1032
7521
8688
2700
4389
8790
3646
1671
2272
3792
4330
523
2466
8513
3355
8245
704
575
4475
9967
9688
7108
558
4236
6098
941
2991
4911
9805
7698
6128
9300
128
827
2298
5849
1213
4280
5909
2213
5694
2812
9157
5683
230
3839
8098
6373
5529
1011
8271
586
5641
4125
9393
7714
5225
794
4184
1499
9241
6345
7524
9564
3538
1580
1934
1766
9274
3123
9720
5690
5996
4319
3656
1851
8499
1048
1430
9786
9753
3212
6185
7414
7083
3868
5834
621
4132
2084
4903
5123
308
5756
7782
2753
1349
1403
1692
4102
830
6835
6706
2819
2282
5351
3705
3648
8278
3332
6573
5218
666
3357
271
5181
9608
5367
9140
1026
3841
9524
7383
9216
8379
2880
5619
4981
3512
2929
2997
8682
8182
3950
4074
3544
6378
5518
8764
4871
8548
6731
3317
4775
6158
3263
2279
8001
4759
6301
1640
7939
5496
7724
1478
8662
1830
2165
68
7886
9140
8403
8605
2226
2615
2443
3592
4828
2192
5720
881
5396
4337
7053
2169
2855
5297
506
8550
8523
5678
2210
3687
1234
1702
2321
8937
567
6644
9095
7781
3349
4244
6867
23
6617
3134
4333
684
8504
4191
9774
9997
3459
7181
2721
8982
2299
238
1854
9773
3144
6534
1812
399
9614
8630
9262
3526
6653
1270
9113
3563
3349
6903
6420
6730
2518
8912
3428
5274
9375
1269
2252
9641
7127
1189
1640
2824
2147
8603
2819
6435
3121
7813
8529
4284
6675
4319
6141
5230
6020
274
4593
5420
257
165
4526
4594
5982
6631
2800
4563
5404
4804
5960
4256
5983
9540
7742
5983
5395
9357
8252
4587
8132
3634
4315
9979
4117
2812
6404
6207
32
767
442
4509
354
3407
7744
5713
6140
1631
5393
7713
2095
2035
2079
7646
9017
4295
1694
2893
1529
6533
9296
5726
4700
458
9734
4083
1082
5140
7739
351
1753
7328
9318
850
7472
7929
373
3666
8768
6331
1797
1574
475
2289
5392
4771
4977
3657
5212
2520
6275
8420
7485
8582
1598
8042
8893
8300
494
2108
6348
4115
9207
4791
3349
5820
6639
7617
1075
76
862
4494
4325
1319
7195
9713
6344
2772
8050
6164
8262
151
8767
2552
1599
7105
1884
2515
2341
9065
7897
5106
6453
2324
3694
1919
3546
2753
7393
7665
1033
4040
3094
4008
2424
7689
5428
2334
907
4856
7286
9446
1529
1459
3233
5383
5181
579
3687
5737
136
7861
216
270
8642
6504
4757
8998
8010
7978
1096
4035
5395
8782
8314
2298
5487
4631
5220
3756
5229
7041
9639
4378
850
2037
9797
1339
9443
8022
871
837
5720
7455
9536
9926
5380
2052
9496
3868
6176
9581
8129
4051
4639
4128
1081
5098
1276
1674
4947
7228
208
1545
5805
5325
6123
972
2042
2214
1013
3450
7777
481
7084
7387
4343
8355
2429
6784
4543
5661
494
9159
4821
1766
3511
2327
8159
7613
1418
6631
2177
4921
6263
7371
3924
2100
6626
267
5826
6033
3005
8776
7651
1606
6240
9490
2139
149
3800
8902
7495
9033
1410
2019
6222
5447
8300
1750
5666
1875
9995
6147
8705
9785
4108
4738
45
7370
2271
4074
7827
9293
4512
7162
8579
347
7385
3586
8328
4678
4303
625
5079
1987
275
6266
3457
7811
8538
127
2054
1365
9606
816
1789
9954
9675
8543
9874
6624
8977
6176
5532
557
2936
8765
4635
5708
56
7651
8222
3189
3621
6860
9861
3662
7735
8549
3689
6217
4611
2882
7931
9622
9932
4870
7341
4837
765
5075
4154
8167
9663
4324
9172
273
822
4539
3943
8918
4291
738
7194
5995
8285
6323
5068
6177
9829
6900
4495
9093
4445
5705
203
3416
2226
6143
5285
3006
8583
561
9471
9333
4189
1018
6689
8438
5112
6036
6561
4256
4857
7392
1337
5415
2243
8298
5637
7617
3440
30
6827
2993
6803
2658
9820
4523
4541
8934
7867
1914
1510
5351
8739
4727
4344
8865
1328
427
4757
2849
9988
6824
614
6157
5128
6391
7348
132
1565
1948
3137
1208
7361
3312
1995
192
7997
5330
2085
4326
3791
9624
9759
195
7401
782
8660
417
5006
1511
8070
3932
3314
1372
4713
4924
3507
257
1474
147
6311
897
1184
7613
3505
2073
2286
3322
4980
1727
6211
6256
5722
9365
6405
9252
215
103
4339
822
10000
6342
1076
6172
786
1792
4166
5293
7768
3963
1972
36
4340
8956
9088
2471
9996
3534
8223
7619
3939
243
6733
5985
425
5856
7264
9672
8556
2783
2616
108
9718
7750
2340
7070
3017
6564
2328
7580
1254
4431
3691
3062
4161
312
7573
5047
7883
4759
5605
47
2964
9049
6191
7873
3423
1884
9894
4163
1938
2111
4773
5859
4461
7692
1765
5352
2159
3436
6216
4295
3937
7359
4761
4023
1394
6016
1864
4131
3851
2209
460
6479
4197
2960
8706
6181
3553
8855
5503
9930
6434
1227
1429
5533
918
4518
1662
6325
3925
2899
5802
9942
344
5081
8497
9368
9918
4669
7203
8200
6236
5422
582
4417
2681
381
9204
717
8238
4304
971
3739
5428
9299
1033
221
2527
4969
7326
2889
4259
1768
2395
5349
9896
9536
969
8423
1529
296
2524
4446
6450
6733
9932
9394
2012
4012
9094
9230
6179
2437
34
6065
305
729
4356
4221
8712
3749
5489
7751
2915
1336
6328
8933
9598
6607
9493
3664
2696
7792
1569
7240
5184
753
8134
597
5920
6288
9087
5711
4138
6161
3717
776
6746
7504
889
8374
4372
7002
1416
5863
7866
8135
3849
7471
9400
1914
3934
9165
6339
2270
4800
56
9518
822
6362
7232
1829
2798
9002
1028
1347
6579
6381
7859
4228
9999
8011
4227
5816
9861
3296
5909
2964
7344
3446
9305
5566
6763
733
9717
8
794
7339
5085
9444
6482
7337
3969
527
2035
3137
5790
6764
984
5682
548
5809
6366
1506
3391
9021
8680
4480
342
1479
8435
9295
899
901
7633
5053
5883
6177
2249
2034
1812
3931
9134
5779
3633
7340
7290
3727
410
6803
3597
9908
3780
3172
7743
4295
5774
3495
3686
2001
5168
1371
1401
7377
9475
9705
2268
5485
7055
681
8923
2095
544
3908
6881
8294
6359
3394
6294
4015
871
6878
3775
2025
6983
8394
7000
2671
9688
3117
4731
9939
1607
4275
3663
7637
7073
6081
7598
3027
9128
2582
9064
8699
1920
4975
2333
8206
5855
7471
8878
8566
3448
9373
7816
5277
4805
339
306
1943
4128
1795
2620
8017
8176
7011
6170
4079
3448
129
6457
2138
8965
3505
4006
4631
5297
681
1766
9049
7989
7305
3696
4133
6546
5574
6713
9150
4866
546
4613
2467
5657
854
6188
9456
795
6204
5251
5306
2760
6603
1142
7156
4736
5928
3682
3229
7914
7369
6343
3748
4986
7493
8011
2430
7648
5216
9980
2740
6318
1412
2655
291
8271
2524
982
541
4348
1354
5635
5141
417
2861
7066
6080
7574
1462
9281
7404
2560
2534
5514
6344
6157
9947
7354
2385
7829
1908
3469
9283
4999
3624
3119
2344
8831
73
6215
5730
8485
62
2904
1121
3655
6151
1603
5502
8412
9647
7244
683
88
3757
9710
7134
9051
2170
7432
9151
5144
7582
7138
5201
9470
7988
2999
6661
3075
6449
9322
6880
1500
7935
461
3807
503
9426
2363
8953
8926
7142
7327
3720
140
1223
2907
5861
1589
7910
8478
9845
6093
1300
1471
5265
4009
9123
1937
2380
5793
3211
7365
8344
77
1858
5632
5391
7652
584
8666
457
8161
2407
57
1686
3474
279
8463
6344
4535
8353
4853
5236
3042
7145
4685
6726
7378
8115
557
9237
6158
350
6514
274
9239
9141
5238
6170
7987
7153
2949
3452
4264
9795
1668
4504
1284
1675
870
1735
685
813
95
8987
9211
9673
9374
9477
5329
6802
141
1188
2729
6649
6006
2860
4113
3195
1735
7624
6771
5559
2960
8725
2859
9770
6483
7995
608
7022
8604
6028
51
3625
8412
4820
1501
5672
5088
2826
8402
9407
6326
6648
9302
2239
3657
4909
5480
1311
5994
7578
9653
6501
47
3864
4976
2420
91
9535
45
5461
935
8464
9058
5547
6580
2533
7010
5903
248
410
5258
1231
9060
6342
7886
4924
2700
4797
3903
9218
114
2897
7274
9518
1983
8143
2563
6408
5962
1604
1508
42
3899
4650
1502
8004
2331
8308
6347
6362
1247
9202
7442
2101
2012
9247
1760
6735
4916
4223
5398
2147
1822
7321
2828
2315
3469
1840
5503
5922
5099
9813
5106
9134
7644
3895
4549
5023
8051
7827
698
8409
902
9450
5656
6894
8126
6052
6862
1775
1987
3959
8135
264
3757
4886
9042
2843
41
830
2931
7393
9952
1231
5603
989
5640
3808
6734
3101
5765
1822
4711
2465
5549
4807
6667
4163
6603
8613
4941
6649
8576
6773
6166
2716
1926
1899
8326
845
6094
8390
8849
1712
3466
1001
2899
2799
8885
7630
9860
6039
5936
8743
9638
5153
3236
9594
649
2157
5889
3733
9313
7344
7008
8447
211
1458
811
9673
8731
9432
5982
4807
3500
3998
6981
6627
6207
945
4224
1110
3161
8959
2364
76
4560
5993
1552
11
9856
7237
7538
3862
2492
3561
6188
298
3283
4067
3399
1430
6230
2951
2274
3562
8856
5024
3687
3888
4843
6259
7925
275
4614
6068
1617
2046
2266
6862
2016
8755
1218
5270
1799
700
1419
8088
2957
9627
2296
1866
6011
7621
7839
3096
7739
9507
1872
8671
2551
316
5870
8328
715
409
233
9973
9156
6027
6922
5906
9839
9458
59
1544
356
6584
7770
7246
8551
3798
1358
4
5278
4600
653
7903
5627
3372
3529
6883
8512
5033
2259
5811
4278
1781
2186
7430
6182
3927
7255
112
6680
6720
1823
4303
2814
2398
9728
5748
2370
1133
4044
4093
7373
5569
7894
7186
1677
3063
3247
3684
8548
3707
8936
6572
4170
5417
8406
1300
9828
8767
7411
1366
9843
4342
8893
9746
7094
8704
4933
8151
2122
9292
2237
8935
1394
1589
3607
9619
6497
1287
6531
2400
2288
4630
3428
2056
3976
1411
1586
5642
1497
1455
2357
9873
3676
1070
3805
9544
6884
3516
8251
1100
3444
6503
8763
9202
1410
9265
1649
6003
3720
1336
9618
6980
7251
7808
63
1374
9294
3941
5151
4484
6626
7523
9238
8475
7235
538
2914
428
7259
6997
1594
7419
3825
4960
4046
6449
3168
912
8330
9728
3311
1792
931
3947
9705
6471
5789
9867
9096
1709
2778
4549
5109
3276
6778
5872
2529
767
4424
2268
4919
689
4766
7428
8210
2311
3127
8267
6621
7994
4681
8449
6592
5249
8142
771
4074
5731
2187
9208
3190
8953
9975
3490
6657
3490
2986
8366
5809
2675
2997
5394
8714
9211
5479
805
2275
5312
9214
6128
5463
6150
9796
7450
3309
2396
600
1710
404
9258
3979
5522
8593
8180
7645
3491
8966
9586
988
4646
7524
7853
3445
4374
8916
3857
3606
1359
7231
8098
6683
3432
9179
9249
2626
8644
1961
1327
3879
1104
3115
3918
8729
5304
1284
9650
7487
5980
9514
5035
1163
4140
8560
5152
4312
2985
6058
3824
8970
389
8510
9947
9929
4288
2419
1092
6916
2751
1016
1780
1788
6408
7800
8533
6524
4704
2227
9472
7697
8968
2168
8548
6083
2951
8659
4474
1312
8980
4363
1322
908
4528
2585
2550
998
15
8858
2416
3595
8729
1231
2228
4450
5289
4713
4790
3740
5384
840
6315
522
8542
7038
6566
1229
1738
9469
1313
9965
8207
1914
8029
4604
5546
4613
4887
4649
8863
6985
5778
242
9709
1132
6784
7714
2806
1131
3143
9917
9418
2073
7138
484
8190
6037
8778
7844
6637
5963
7089
4866
8699
1051
547
7590
3088
5169
7381
683
3477
5895
3597
8255
2548
7944
8259
3632
2061
5033
6509
8744
2299
1409
585
3589
742
8036
6677
4757
6172
9598
8794
1598
2812
8900
7780
1092
5274
2676
1362
6785
3535
8689
2699
7063
8495
9581
4114
933
4853
869
797
8589
6612
1231
4731
6915
171
7827
1499
2611
815
5896
8471
7457
8197
4304
4049
7069
5842
4092
2905
4266
2330
4773
1815
7388
8615
278
2798
3668
5784
7698
1919
7945
6353
1223
6920
8316
8877
2731
9445
1352
2159
1742
8725
9291
7156
1674
2643
5342
8711
5784
5554
8470
4230
8053
8319
513
699
9862
1816
2268
8061
6785
594
2763
722
156
7619
3266
6390
9374
6026
4550
2179
6525
4647
1711
5524
1719
2205
5838
7871
1280
8874
892
9646
2211
9621
7728
6860
1051
1277
9221
6029
511
2271
3158
3522
4746
8129
9112
7881
3248
5866
2347
1929
3836
366
9225
1005
8254
1622
2884
7599
965
2803
6931
6287
7210
1719
1317
2939
8320
2862
8259
7468
4574
247
7175
6792
8492
4415
9787
9517
552
1658
3226
2244
2794
9124
3456
9664
733
4056
3268
2710
1757
3439
1192
9691
9261
9660
8740
1245
829
9461
3979
7207
8068
2898
468
2076
974
4218
3679
3327
5712
9410
8727
721
5112
3951
9149
6913
5852
6347
2504
4310
9391
3751
2947
6306
3430
3810
7144
5277
9713
5124
7869
1176
3144
7274
5579
2209
4193
8422
3482
1764
2947
3769
6814
2961
9201
1467
9600
8954
8533
7755
3385
2995
1321
5644
6160
5417
9172
9677
4127
8129
5674
1914
498
3638
6505
8806
1075
8715
180
7543
3166
4299
1134
9083
371
9151
9120
2530
5184
7193
6343
1086
5214
8651
1424
3153
5214
5113
9376
4933
772
194
7875
499
6858
1586
4715
1608
1399
8937
9680
7421
9181
1591
1446
950
7506
743
9881
5679
2500
6120
224
7515
5204
9401
9795
9220
3109
2701
2657
3499
9429
4588
7762
9598
6377
3171
9195
8869
4597
5160
5869
9802
2534
1662
5501
9608
6864
73
7240
1206
3537
6137
6645
8205
4608
7858
9913
5667
2517
4158
9163
2884
4990
8445
1355
7104
5655
7003
3736
9875
452
5318
7283
1302
2153
9116
2973
2416
3535
2156
9312
5694
1623
2483
267
8495
4919
5360
8449
7270
5028
2702
10
7752
5667
5078
410
754
1347
5489
7670
9291
8471
4601
4011
5933
623
765
9202
1940
8690
49
6018
455
7425
4793
8105
6235
3022
9080
2934
4352
282
728
5268
1155
5988
8211
1687
7889
6011
647
8161
5237
6667
9978
9346
5059
7790
6645
5772
9103
7603
1589
1853
3518
5936
9088
6774
5426
2868
9084
3050
6781
5303
7619
3627
6143
8029
5228
7089
1808
6938
7091
2713
2538
8177
5564
8691
1912
4436
17
2924
8990
5477
5145
3177
2709
1244
9588
7790
9386
2364
6259
5940
8595
1741
9760
5454
7628
4571
135
7527
8567
3534
2016
6601
5598
8227
60
957
7061
9185
8407
6171
805
4465
2949
7133
4022
5040
7595
8000
6276
5592
7075
1354
4463
3377
2399
7759
4544
8517
697
1362
1263
5843
527
644
1357
1707
2194
566
9133
6047
8607
100
2055
1038
5085
4740
2787
3930
4200
6789
5013
7486
7643
2184
6943
6055
5701
1886
4232
7507
1988
6897
8539
1342
410
6541
2155
8140
5593
9631
5512
6848
5381
7767
3106
924
301
4942
598
9867
2559
6047
2430
3497
5034
6546
3860
8563
190
3886
5209
8835
1109
1272
296
7961
2132
1924
6473
5058
3088
3255
4401
8225
4775
7898
9926
8275
7610
9576
4633
2223
1866
7378
4891
8137
980
1016
6045
5485
2327
5909
2756
8086
9501
7968
6426
6201
8673
1328
6686
1149
7373
1006
5932
5598
659
5635
4159
2228
1724
6474
4717
664
7179
3510
624
5042
1514
9000
1715
8055
7086
2699
5265
6999
3003
5253
5648
286
7000
2150
3667
7867
8963
9734
4040
8114
2457
7103
3588
2214
8651
1473
9593
8177
5071
1057
8609
8134
1737
8684
3406
5779
6793
8404
8964
1283
3971
7920
1328
8274
8774
6370
9689
8021
3458
3764
9036
6200
8651
4488
1221
265
370
744
6214
1560
5981
4507
4901
5566
9323
4806
5337
8372
4069
3435
6732
4860
9669
8021
9958
8492
3884
1336
4359
3921
754
7016
2217
6945
1421
9304
2769
3489
439
9382
9735
7331
1184
3133
1784
2838
6898
9852
7601
1979
1530
4578
3549
9872
5053
7573
5892
283
3488
9465
2936
2771
7717
3424
1782
8047
6659
5455
6483
285
8439
8136
8561
93
73
5131
4740
7314
4348
3730
5525
3155
5938
6342
7207
4019
6513
5097
7858
6185
1412
3629
9008
5444
3387
1248
6896
9652
9611
6397
708
7243
13
7680
6910
3352
7464
7829
9532
5663
3278
1362
1187
3879
9352
3019
981
8206
6593
1980
3358
9372
6585
6756
311
338
6247
5177
146
3124
673
4188
2163
3347
6642
9537
1319
8563
8900
4424
4496
9088
7393
1827
9542
3397
7918
6269
2925
730
5091
8569
9936
9530
7869
6571
3757
1683
2535
4937
8653
9030
2892
6341
6283
9245
3133
7293
6795
2569
6320
3964
2190
451
5526
3031
3337
6452
1877
6311
2455
242
5962
1256
5514
5102
9812
7464
9690
4501
7827
4266
9074
6528
4971
404
4338
4846
9505
8104
2070
9111
7402
9043
6831
8897
5051
5900
1404
6426
2280
4224
416
256
3579
9695
1731
8321
6997
5610
1298
9542
5071
6545
8300
1797
1718
2562
6663
5427
6271
8609
8616
580
6746
9806
1617
1482
9673
2133
8978
9065
1340
8856
7479
8641
7366
643
259
7954
6107
4590
7761
7814
8052
1751
2613
1598
2876
5660
3552
6561
4538
5964
2555
648
858
5083
749
672
6477
3426
4328
8972
2625
3289
5610
7005
7501
3584
2422
9479
2799
4671
3289
2584
4308
1101
3568
2831
6324
8845
5980
3384
7142
2073
3020
5573
1056
7207
468
8297
7343
5541
2359
7049
2881
8100
6568
3376
4257
6231
6475
5859
4538
1229
3446
5869
2381
6749
2654
9265
3342
4036
9318
7602
7603
7671
7139
7003
3635
2002
2565
3732
5196
5639
9099
3093
3376
5199
5946
2329
4052
5517
3341
2014
5007
8131
3601
7602
3642
2233
8520
8095
8130
1262
6351
9633
9601
7162
3454
8930
3156
6009
3454
7011
4006
5806
1753
6250
433
7961
4091
7838
7481
3679
4398
1532
7396
1597
941
6453
8913
9157
2477
4513
1497
2404
4331
3051
5592
1484
5796
7286
1263
5174
6060
845
4090
4227
7546
5035
6790
3862
481
6744
365
2956
2503
3338
288
9526
9769
239
7942
9144
3553
5369
7156
6165
4602
4317
7969
9882
7799
2972
3329
8803
7966
9012
710
8353
5966
8253
3966
9825
6292
3254
3103
5329
6719
9061
6530
451
5739
2128
9543
5324
2090
328
3363
212
3496
775
2851
9619
3424
9406
1770
3402
2827
8137
1193
6880
8020
2995
3627
9676
3911
1852
1641
1877
4360
7634
5128
6103
1503
3974
6321
9371
524
2207
2216
4491
1998
8763
2994
3217
1741
8853
2956
3527
6400
322
4219
8939
5480
3597
7732
2774
4851
538
5730
9569
2799
4260
5374
8060
9429
8473
9512
6264
9293
2808
9474
6931
2591
2679
5209
244
6200
2180
5495
7194
1086
8428
5662
9546
3500
6861
1397
2557
9170
9411
5010
3409
2695
8469
8411
9771
8672
8770
7288
5881
3973
6382
5552
8597
2652
7900
4279
3525
7337
6246
1903
2622
2063
5210
6436
6267
8784
6628
9799
6517
793
9361
509
4426
8986
4551
684
9538
7512
5931
7578
6072
9623
7954
3514
8519
7631
4747
6960
4815
7000
7777
9982
9160
6397
3401
9386
4008
127
2115
2497
4905
1628
9911
9643
5863
9605
2787
3065
5022
1519
2722
416
4382
6725
4764
5323
4930
7412
5299
181
6770
7307
6320
4253
2269
400
8131
2016
324
3649
1807
2712
95
1659
9684
9159
631
4011
2983
108
7879
8262
2343
8070
5731
8719
8155
4170
4659
7538
3631
9649
5754
7807
9836
1823
2128
6838
3491
8305
290
4463
2444
178
2444
8336
7607
9702
6890
4125
4970
8404
4680
3588
7523
8896
3977
6384
9520
4734
1440
9534
4403
2081
470
46
9863
6531
5353
1766
7432
9976
1486
4037
8040
8461
4155
4218
3804
7373
5079
9066
288
672
3317
3483
1200
1534
1336
5483
2443
5163
611
4616
3587
3283
2589
3194
2619
284
2651
4920
4842
3008
890
3180
66
8368
9197
5296
5775
7908
7465
4066
3200
8898
7106
7189
7485
2562
2505
6002
1997
2835
7155
9788
9695
9500
331
3121
8509
4826
2998
5931
8382
5702
8153
9349
5548
9620
1224
1810
715
9012
9367
4171
473
4971
4010
8184
7989
2024
7882
5347
9600
4368
907
3403
5481
2354
5847
8218
7950
8131
8541
554
6167
9947
9832
7918
2739
3973
7368
454
5812
1283
7514
2968
4879
7286
1845
5749
8436
7696
6364
5495
3486
4542
4302
1456
9296
1518
2709
3912
4109
2523
7601
360
3254
3492
6318
9990
3640
5061
5826
2542
8237
3575
7210
188
8535
9682
9628
2817
6922
4127
9423
3402
8571
9661
2416
6513
4679
4571
9947
6665
9504
8899
6339
7152
8844
2896
4079
4973
5606
9063
9387
2681
4305
4050
9570
9807
8151
3871
2646
1712
1504
3874
3234
420
40
986
5834
1479
8997
3150
577
263
850
8820
1433
5669
5514
8753
9287
2308
6914
5214
2482
7365
5664
638
8138
1541
1265
593
6361
8232
7158
6045
9722
3155
3900
4821
5508
7732
1306
9910
5175
4506
7356
1341
1490
856
3225
4837
36
4935
3574
9751
4788
5320
3021
9121
4447
9138
8304
6010
7488
8714
711
7630
4569
2863
119
1330
2403
4094
5046
654
7709
4899
7927
376
9741
8619
7400
7895
8263
4275
7429
2523
1970
521
3789
8344
7302
9229
3276
3744
7780
1483
1811
7507
9511
2302
8846
9548
4836
3977
7733
9860
5364
7360
8191
1013
418
187
1052
8787
2160
7868
6253
2399
1217
2170
9517
9493
1728
9375
2178
134
5496
8950
5200
8251
4949
7519
2414
8984
6103
8428
6726
519
3512
8242
1843
4508
2264
794
8258
5461
4623
5913
4895
626
7055
7271
5913
4849
4788
8974
8848
3012
6236
4947
9228
3412
71
6705
8506
1832
3765
9526
7933
8344
8972
1871
8665
8617
1011
127
2640
3379
6064
4290
7126
6734
6795
4376
7917
2277
4968
1487
2538
5092
5665
9884
7199
9885
6432
3303
3661
7592
5525
8431
5902
7323
4150
4507
6388
5298
1310
3031
8565
8646
4111
48
8549
6937
9199
939
1340
1554
2251
1665
1413
1863
1800
7405
1452
3664
5360
2533
2289
7880
6108
9381
3259
5020
2875
288
6072
4069
7590
4860
587
6835
6231
6938
5935
9219
5040
2673
2041
2399
7100
8745
8356
3286
4742
6355
3746
1597
8858
3398
9809
1836
592
8251
5179
5552
5242
7113
6169
5595
6872
9139
1516
3551
6751
5217
7058
1240
6430
5527
5024
5907
6753
4468
9870
7568
349
5266
1875
8886
4003
3740
6481
1994
8346
2957
8200
5563
3839
7632
7496
7277
6706
4066
3253
2551
3632
6818
7099
8224
8989
9632
2014
8421
1865
339
2327
7888
9284
2401
2227
3269
4388
51
9785
2165
1159
4381
4727
4617
3755
3477
6550
6287
8746
6855
3087
9611
2979
3686
1182
6866
3519
4361
5984
8471
159
1136
4449
3036
7348
1965
9232
7368
4159
1962
2725
437
7289
6043
1014
7519
2732
8428
9609
1488
6671
9709
6673
8305
3799
7524
185
9936
7458
3316
3238
9996
8945
2511
9803
5118
2648
7021
6060
8305
8063
9944
3684
9740
3408
5184
3095
3501
4613
6353
7830
8909
1971
7722
6295
3104
8829
2780
3188
8755
4564
8492
2980
3664
6091
5194
8314
4352
6119
2690
2564
1313
2278
5371
3790
1305
5068
4522
7106
6722
2881
3876
8830
5773
6925
565
407
7455
4333
7709
6958
3998
4656
4797
7307
7646
7535
4908
7094
4134
1433
5914
6475
4832
4823
167
8290
9436
1955
3535
3805
5625
5541
4045
6193
7702
501
1443
6906
2995
4056
9916
621
3105
290
4659
2595
4724
1179
8762
5918
4311
1740
2675
252
5572
8014
6545
748
6651
1703
1338
8520
1817
4472
811
3317
7772
2623
9128
9213
8846
2281
6490
3957
4868
9469
8465
3212
2211
8392
2743
1559
7625
7925
2687
9328
7438
2113
4970
5833
8724
4069
6262
4655
4701
7954
2355
5149
9440
7878
3076
6316
5952
4923
2368
5643
1416
2965
9710
2585
2269
5346
3548
8135
6498
6791
6890
6107
645
8077
5477
4569
3351
2553
6399
6334
9440
8117
3575
6876
1934
4978
9176
9805
8448
4186
745
7668
1779
7564
5751
3881
2772
654
3229
3017
3438
3054
497
1455
8566
3831
5032
8096
429
4529
7276
1105
3612
8278
6777
1033
4568
1625
8542
701
3889
7706
7060
5262
758
2560
1574
9102
265
6517
1474
3946
4041
6505
4341
9634
3797
4470
7901
4662
9829
3451
2127
6172
9085
3917
646
6859
2677
8991
2425
5953
7630
3600
6837
23
2934
7403
9345
5118
1505
6152
1169
3729
3991
8464
9933
3302
6777
8419
77
6392
2041
4097
9209
2125
2402
1896
5933
323
5907
9230
2188
6665
2874
3275
5572
8933
9736
3133
1331
129
6068
82
4806
520
3459
5207
5219
1728
474
4396
9931
5929
6542
9606
6605
5422
6588
425
9931
3213
7300
4990
616
4350
1049
2387
1279
2564
7427
4404
1140
5913
1866
1073
6705
9125
5301
4763
7600
1182
8521
6458
5844
5201
7049
7829
962
9928
5084
741
1118
7019
3149
1928
8395
5566
9656
2252
8157
7918
4238
1838
511
3312
6821
9703
8496
3188
257
6778
1652
412
3154
1754
9254
2755
3920
639
546
5153
4071
2477
2696
8913
5261
6372
366
2958
4025
8625
2680
2070
8763
1990
4255
3799
5399
5852
5639
2407
9124
1522
4406
5525
909
5954
3125
4691
9458
6969
642
5616
6258
8900
2637
2233
3607
1433
107
2081
2046
3724
6711
3675
8451
7993
6078
1442
3430
172
7689
1454
2754
263
9040
4561
3525
1333
4870
6024
1453
234
6954
5131
328
3788
2143
2986
3800
6744
816
1620
2874
9451
7235
6113
4153
8367
2578
3106
9927
9339
3703
1033
4922
1678
1544
2744
3324
9629
4668
6409
7002
9896
2872
9576
6924
8435
8763
746
601
5075
3655
6334
7126
3089
6016
4791
7040
3861
2448
8537
3605
283
5937
4639
1003
5606
245
764
5042
8716
2088
6730
9050
7780
4574
8053
6066
6627
1550
7443
7053
6545
2143
9389
9327
4026
6186
5198
2098
7161
2771
1196
7665
5132
1140
9791
631
7971
9901
7752
4374
5853
3135
6183
9878
7059
8424
5876
7164
7890
5434
6042
193
129
9282
5083
3908
8909
9942
9078
5899
795
9893
278
5104
5358
5066
8742
8874
5230
3007
5897
8708
8735
7846
6628
4747
5810
3084
673
9758
4751
7003
6831
3759
7889
6342
493
2612
7434
7841
7237
9348
5602
8097
2181
3471
6721
6393
297
3413
533
2727
6686
7822
8716
1421
8618
1866
956
4829
7859
6318
9785
578
9760
7006
9505
4772
692
5452
4871
7433
6040
9657
3949
446
1513
8033
4358
2966
1275
6158
2820
4532
1871
2334
8845
1391
8611
4081
7300
5967
6637
9
6280
5544
5723
4139
5690
8300
1032
5761
4502
446
7311
6693
2208
2732
8610
6003
5680
7054
2369
7399
5555
7262
5307
6496
4380
6860
6840
6427
4844
2996
8025
874
6166
9047
9942
7859
3122
6930
9514
1996
3937
3210
7676
9704
9667
5312
8077
4441
6286
5276
7762
6884
5304
8340
2923
914
651
5922
1480
5460
9396
4040
2220
8803
4087
7413
6734
6096
3068
5259
9393
7965
5424
9651
7311
6837
3548
5979
3199
5400
6105
2192
4239
7290
4188
6106
1246
9220
4652
1089
4397
4897
8889
7973
3235
1091
9375
4245
5458
9860
9880
2896
2861
4889
7759
220
2679
2552
8846
1413
556
3446
6152
3565
9071
7404
4477
7530
9062
8625
1906
9152
8609
365
7646
3779
1544
6839
1874
9760
2520
2570
47
7129
5425
2637
1038
1091
2730
308
6412
6661
9389
3918
823
7705
5049
1273
7823
1829
4421
9371
1507
7089
6568
3740
1513
6237
6436
6298
5846
465
8493
9239
8630
6962
5056
1689
4576
5380
4601
300
9810
4032
5983
9990
7821
7070
9646
7507
5715
7701
6859
84
3813
892
6685
9425
975
4910
8829
1000
4147
4002
4880
1403
17
557
7697
3097
8095
8041
6647
3762
5896
929
5542
5288
7298
3544
8260
5654
9899
796
4642
7956
2087
2507
310
7603
6688
1233
5528
9298
7340
8304
4394
6090
4664
1266
6812
5296
7142
1833
7375
8198
6474
674
1299
1359
1782
3748
4722
7041
8493
7035
4116
3823
786
3260
3862
9495
5602
7
3759
7449
4641
8676
8781
2795
6302
522
5941
1035
9489
3100
9788
6291
5904
5224
4614
1778
5490
1801
3822
8877
9150
6717
4353
3741
6699
2613
7345
1345
9090
2290
8802
133
9549
725
960
3212
9706
9921
9020
1426
9467
6445
4196
4512
3687
1841
410
4095
8527
3207
6939
2815
989
7384
4479
8439
7483
3515
9057
1159
3239
5058
7781
6885
1337
7499
928
2574
8446
8688
2351
6848
5561
428
984
4403
3099
3144
238
1848
9990
6968
4117
2108
8867
7844
9796
6820
7760
8877
7712
8397
2282
8827
7482
8734
5097
5725
1651
4417
2437
1415
519
9124
2707
988
9956
3679
4067
584
9787
5468
1547
7079
607
6559
7892
6190
7480
7737
962
6071
4437
2609
1591
3724
1201
3050
7755
5104
4233
5251
5633
6475
9171
3032
830
8010
3168
7721
585
8936
2174
780
2500
534
4807
4494
9101
9558
4709
2173
9822
9005
2727
4792
2244
8200
9056
2130
3376
6712
5449
6525
6751
5770
4745
5331
2937
3878
7253
1068
9399
4272
226
3136
7730
4977
4152
1456
6224
9557
8215
533
8077
6784
7516
350
9589
7897
1829
8525
8451
7023
4663
6302
7547
5053
3591
1962
9858
6594
1744
1833
3016
4320
6654
4964
2377
5907
2054
2946
4960
4570
7185
1818
5645
1223
66
5701
7813
4021
4577
3662
6649
7640
4108
7858
38
4208
8602
1693
9353
4454
4781
2574
4924
7230
8606
9828
3929
4762
6742
7561
4297
5569
9230
3865
6639
3037
8869
43
4175
2304
3370
690
6558
8533
8202
1794
6598
4009
9841
6614
4869
8954
3612
9261
6628
1528
4166
1169
4931
1701
6088
151
7029
4216
2865
8352
7260
5539
9096
6977
2204
6598
237
6354
5528
5775
5149
1431
5808
8704
240
6733
732
3984
467
1169
9255
6163
1635
9187
238
2685
945
1673
273
4990
6522
6884
2693
11
8246
6848
9116
1500
5320
9713
1712
3521
8319
7460
7761
7806
4917
295
5006
8601
2632
7348
6722
692
622
4393
8295
1753
9734
85
3598
1556
6498
7470
4049
5712
9324
4361
4301
3833
7849
9358
2142
6790
3671
7175
9204
3921
8852
6532
5377
7336
5828
6667
8667
9875
2032
6506
6627
9680
434
4400
8624
2057
2130
4040
6555
2872
9480
3631
9434
719
3011
3389
9375
8718
5771
4576
310
7919
6240
6809
1326
912
9167
7105
7817
8670
7136
2929
8985
4905
1886
3100
1815
6567
3922
9131
5934
6955
8895
5251
3751
1180
3395
8083
4190
452
6139
1280
8361
3136
9383
1442
3401
3622
3547
2282
8392
728
3773
3451
4335
4572
7809
6260
5405
9210
92
2505
119
3209
6447
8020
1288
3149
5974
1624
9678
3983
3179
1489
9361
2204
5155
9008
9664
1950
2458
4686
6379
6880
331
3619
6491
5436
7264
441
6455
5569
7268
1884
421
9824
7947
9728
9846
9740
2660
5771
3006
1058
2516
6066
4261
6183
8607
2123
4470
6984
5834
3081
3762
6404
4516
1627
3401
5392
371
2183
6062
1533
5637
1559
9616
3192
6257
2241
1480
2110
3369
2060
4865
2201
6902
791
7036
8610
3234
760
4798
7328
5794
5735
7463
6845
4050
6699
9230
7522
3581
6267
9347
598
6005
67
8686
9356
5349
3175
9106
120
3757
1412
4205
2731
2300
8040
247
8762
6286
8568
741
3123
1311
4788
5167
8076
7669
8130
2862
3586
3824
4837
956
7451
3957
4473
5411
6019
9232
5552
5595
7566
4684
4764
4694
6036
347
5558
9707
1552
1162
9672
8898
518
7906
4430
2741
2062
4016
8521
8614
9884
4743
937
5034
4262
4928
5889
5561
6090
1422
7535
6459
1965
822
4208
923
6734
9625
9328
7752
725
9058
4329
2435
6668
6386
9676
7732
8742
7814
9566
8309
9930
823
3300
9795
5506
9354
2114
6624
2133
5872
5746
6598
9813
6989
7257
4170
7364
7948
2484
3883
4995
8913
2435
5625
7336
6420
2481
7327
7281
9849
415
6638
8339
7352
5571
3764
9195
5916
9756
6025
3289
4895
1221
6087
5305
6797
8941
2852
1222
7098
4509
5702
5163
4303
2455
697
3715
5513
8602
9395
4413
5426
973
5434
428
6397
3311
4408
7106
4026
1120
2342
5727
5897
3882
556
8952
8110
9465
9119
7830
2930
3362
4524
6309
4005
6018
519
2305
4345
4008
8334
9144
7363
2829
1554
49
8293
5084
9762
1119
3513
5468
7034
6797
8593
8664
4416
1553
9782
2675
2704
2253
6204
1706
261
1867
7105
8179
3372
6550
2074
8506
4743
5802
9604
9859
3359
5245
1310
1970
5380
6183
2986
3765
2369
9224
168
3830
24
7313
32
5351
5230
4290
969
665
8127
2755
3545
8786
6775
492
178
4549
4413
2908
2407
8364
1869
6664
5929
7809
5030
8112
1549
1942
7217
2123
1107
2474
8624
5503
6459
9665
8455
2988
1494
6847
4951
9284
6159
7033
5458
4642
8012
1819
9662
3253
4321
344
710
5285
6745
5193
8423
9955
1931
738
486
9855
4735
8229
8301
9388
6680
5837
8597
6950
7289
7865
6198
1099
7207
3473
1546
7298
54
8823
8141
1241
7114
8774
3420
2048
120
5213
6860
9020
278
5787
1138
3478
1307
3159
3554
5371
7176
2715
9612
4358
9729
6715
6198
1331
5113
2597
5224
9641
3826
9791
7579
7526
555
5269
6161
2182
6914
3335
9347
330
8409
9769
1866
6441
5015
9069
3818
4421
647
6384
361
1385
1018
2850
2183
9368
743
7004
8131
1357
5386
3953
48
5328
9252
2308
7366
1143
666
5389
2004
2253
3022
2630
744
3189
606
4807
5359
4670
4292
9390
9183
9126
7514
5302
4458
7036
807
1495
9763
7004
6244
1958
3358
2492
4758
9845
2657
169
2845
4075
1825
9250
1262
5624
5641
5438
374
9341
7367
4471
9993
5607
839
7674
7319
5819
9663
761
604
6332
8987
6177
2475
2955
4729
362
3220
488
3082
7371
2493
1424
8487
4748
2043
772
5713
3049
8666
3610
6415
5897
1775
4594
3079
8708
5511
518
9740
5922
1525
6878
1671
9763
155
7231
295
1431
9451
6210
2375
4740
8695
3325
667
7446
2103
5956
9705
7121
5669
2727
8006
3538
3759
2596
6717
4767
1752
2276
801
4362
2368
14
6647
462
4186
7162
2391
6660
1062
4513
6184
2985
2393
2756
3447
7018
8942
7838
5110
2391
9199
3354
3848
1432
1264
3893
2234
2477
5737
4529
2873
8775
1676
8172
2533
4478
2283
5822
9804
1148
3565
7583
1821
2223
3753
5253
4569
180
365
6812
574
7673
2074
2984
9374
3551
2395
7904
8353
8381
7160
2260
9596
6048
6806
1826
8814
8071
6018
907
851
1107
1329
4821
5941
2901
2489
9260
5592
4922
3967
2396
5914
4882
6222
1890
9568
5592
7552
9206
5229
3066
1123
1189
1697
2681
4868
6972
7450
971
7107
8159
6620
9284
7587
6892
8132
4212
8082
2928
758
862
8055
1416
9229
7751
8627
5831
4088
7832
9479
7286
4797
6170
1501
9764
8696
2916
8942
6322
1285
3446
1730
3170
4645
2271
2129
9347
6977
1189
5540
9010
8542
4914
2666
4824
9734
7518
557
6370
2290
4794
1765
8822
5533
5032
7226
9379
4467
1799
484
9142
8836
7817
2544
9996
9964
5948
9752
9818
9929
9650
3672
9872
2974
3241
2851
7526
4664
8570
8692
1008
3985
7726
5199
8811
3768
6379
4504
5028
1145
5803
1736
7047
4116
990
1007
9926
3760
5629
8205
9395
2803
6650
1977
3193
6991
4373
4755
2422
2497
6687
443
485
2311
8355
8927
4361
7906
2988
6437
2644
3907
294
2064
2698
5128
9031
8119
8029
3776
928
7290
1456
897
6878
4474
6527
678
2189
6116
4810
9755
6968
1152
5940
1289
8236
6487
6542
9945
909
1382
5453
2098
2488
7227
7926
5703
1574
4328
7624
5899
497
4369
7364
3120
5034
3971
5920
9775
2054
4318
3041
6517
6297
837
4533
8678
2269
6901
581
7662
9056
3031
7310
5487
7908
4334
190
3417
7117
5544
7216
1501
7459
3390
4156
5910
6863
7632
574
3413
7878
1230
8263
3955
1565
7
4345
7129
1719
8829
5740
6544
5915
5303
3038
6422
6937
5914
5774
5032
5488
4420
3214
2375
1138
7897
7715
9726
4196
307
4771
8988
3923
1798
9799
9490
3567
1292
302
570
253
7581
2780
9340
4749
1004
4671
8717
6805
1143
2599
848
4535
456
6186
8479
6230
2688
7775
2636
6965
202
5552
596
9994
6971
4328
2332
699
1357
5427
6328
2887
4734
9531
2704
1145
9254
1671
4194
7802
1232
3084
6323
1846
6611
9834
1615
8868
9659
2647
5218
3434
8546
9744
1190
364
8107
6944
7006
7193
6855
5762
343
4053
344
6403
2448
4936
1057
465
3765
5453
508
5525
9879
4766
5391
9553
6081
2263
1654
4481
6446
4455
5242
1126
5985
5264
3833
9383
5016
9698
6122
471
290
9238
2466
1261
9605
1734
1427
30
9880
3350
8037
5216
3968
7961
3219
7977
3720
3253
9370
3746
1830
2390
9525
4553
7920
5029
5947
7887
5247
1049
8091
6247
3681
6242
3478
3372
8131
7150
8174
1673
3336
1182
9951
5425
5127
6944
8196
2409
7659
1266
4173
9132
6922
6539
8093
2890
2131
1042
1148
3384
5399
1834
8598
7652
6660
9483
6138
3908
2370
2431
5867
9742
5273
7588
5259
9890
9411
9258
9957
8695
7234
7080
4015
2677
8703
9660
6886
1299
2056
5147
139
9609
7135
2498
5560
9791
9252
6764
3714
3131
5402
6417
6189
5538
3890
460
9584
3545
1771
5851
5088
125
104
240
6482
4698
5319
7345
8457
2323
2821
7597
1392
3433
2398
5736
6219
678
4540
2436
7007
67
8249
4525
2615
4240
4080
2241
1494
3581
2619
774
3710
6230
2709
266
6883
475
5127
8848
6471
5738
4576
9632
4117
3082
3115
5433
877
3945
6243
5557
1339
9103
3614
3231
2459
3070
8946
3667
8593
5012
658
1497
6115
8280
5201
1861
3676
9318
1356
4821
2837
1199
6378
6996
3159
3807
4948
5462
540
5982
4769
7891
3653
8283
9319
9785
3718
8776
7376
4143
1632
1698
6239
2043
354
3447
5322
7506
7109
1395
6885
2306
1199
1224
4965
531
3398
6055
8583
639
5157
128
7698
7219
8350
2149
3706
6855
9892
3802
9194
5925
3859
5312
3560
7879
6436
5398
1131
6276
9699
8380
5732
7569
2349
696
1228
180
9142
6173
5049
3287
3218
8962
6352
5285
9853
3512
8283
5186
2362
7356
8451
3273
7838
7181
2535
7993
2455
4476
6640
5439
6557
8079
6725
8240
4397
1880
4675
7474
174
2149
687
7783
973
1887
7498
333
2625
4980
8365
6591
444
4
3519
7196
1479
7261
8206
5915
8721
7322
4781
6290
895
8627
2684
1565
6041
6309
6349
9288
5317
8221
7510
1651
4031
939
6100
9909
6660
7622
4639
6678
4362
6444
8349
3308
2217
5950
8769
4227
8521
9363
8442
3093
3391
7179
2041
4008
8679
943
488
3459
7192
4703
7600
1372
9314
1009
6536
2518
9954
6565
9687
1366
1843
1520
9887
1997
7530
3468
2743
3070
3823
7410
5706
2063
1343
4503
1999
8961
9953
195
1842
3392
4260
3854
2154
4537
4753
6375
5512
9092
7940
4061
7939
2805
7110
6514
5323
4523
2923
1708
2033
3618
6834
4338
6612
8571
9389
6585
9233
8477
1958
3596
6243
7125
4034
9904
1038
9780
4531
7591
8869
8072
6674
5294
6825
9558
847
7503
4858
703
6868
6332
8313
9542
1127
7931
3851
4887
9955
8430
4442
8750
8854
6019
3441
2884
4999
9886
2116
9368
1001
3522
1157
5786
8298
8464
47
4675
7791
4203
4412
4997
8990
2146
9765
6777
6496
6150
1931
5006
9618
9677
7070
723
7912
1053
4294
6893
7762
3663
6450
5039
9780
2581
496
5802
7373
9770
6254
4927
1593
8632
5647
5931
1261
6995
1004
541
4789
3700
329
5797
7852
2835
498
7705
5391
4749
2880
673
5208
8305
2152
4957
9919
9400
2034
2877
3538
6889
8752
9221
5503
6483
4763
8061
3498
8732
8059
2706
2499
3905
6773
5517
361
6626
3489
328
7355
319
1447
6293
6684
8832
1732
861
8660
4197
3666
2592
6801
713
2388
5805
9021
5826
5191
9216
4917
9242
4750
1260
3222
9230
4926
1797
7896
1692
6617
8141
8782
3312
6372
2903
4981
6186
7804
6947
7658
4352
2580
2826
1819
1597
579
8545
8248
3821
2441
7426
4115
3973
9483
2407
4946
7274
4059
1755
1935
4769
6553
7542
2034
5392
9916
4609
5659
2727
1242
8330
1816
2399
5864
9274
1103
1352
757
3387
1091
1383
6624
1136
6339
9891
3114
2984
1983
3273
1599
825
7464
5864
8402
6259
3600
1854
7677
6532
4476
9074
9460
4513
8461
811
2451
6927
4386
3169
6335
2106
6679
9566
2252
212
2617
5761
5497
4462
5620
7708
2223
1123
7339
7492
2416
7672
2272
8826
6512
7644
4253
7397
9643
3635
979
3803
562
2630
7618
8298
6418
2245
1714
6560
517
8970
8681
4693
1669
6244
7644
8795
7622
4335
9810
8963
7493
8619
5704
6613
5136
3467
9900
5287
5470
9376
2753
9581
4119
9072
7548
8499
8274
8642
9480
3949
3461
8996
383
1616
7426
9170
2281
7764
9514
3806
153
1078
6861
644
3630
3020
1817
9718
324
8260
9626
6946
9881
9709
1340
1483
4545
5145
7615
2466
7972
5186
9228
9502
6974
8539
1827
9521
9564
1092
7597
9090
5458
5999
6408
2367
340
4822
8567
3740
7627
7002
8964
7486
7699
4657
3649
2802
1962
2615
1287
9589
5532
6362
5864
6751
5821
7690
6198
3141
4520
4788
4427
7648
3089
4342
5134
7385
2520
5640
2902
7581
1936
7285
4008
1430
6039
9181
8722
8043
9280
8810
8819
9637
1151
7430
6419
8521
8859
1224
8855
6065
4525
9847
1416
7712
9
5700
5474
7440
3916
210
4936
5641
2212
1017
6896
8103
2891
1367
7236
520
9440
8444
4719
6805
9149
5726
6390
2125
2683
9747
8941
6439
483
8356
3239
9989
573
7123
3896
1298
7461
9944
137
7587
7062
3781
4203
7967
5394
5443
3949
3276
224
188
337
5415
8014
2185
3231
4668
4056
6147
45
4495
7027
4468
1960
1666
3751
6719
1562
8031
6056
5476
7122
579
1036
979
1079
1871
62
5065
3787
3139
4242
6223
8013
8096
1992
3290
6574
6103
2789
6261
2859
5380
5866
3700
1040
8517
6191
9507
6595
391
3147
7052
6720
9670
9726
7275
4448
4817
8283
3035
3721
9607
1331
2763
1390
3378
2579
4450
6269
373
7111
8570
1133
2266
737
8631
6947
9110
3266
8419
1766
4672
1386
4971
3225
1097
9073
9273
6169
3895
8118
6436
1135
734
843
321
6177
8344
2979
8973
1806
5128
2971
42
8229
4692
76
3481
7116
3050
5818
4990
3929
4429
8952
9016
8511
6520
7597
5703
4633
4603
6681
3990
4616
8568
3093
7646
2668
7962
527
5722
3765
2977
1238
8333
557
5458
5934
7360
3757
2477
9469
9468
1004
3624
6867
3620
1044
4504
8506
2375
9345
5799
4401
3375
5892
6608
8480
1509
7563
2685
5319
5115
4602
8117
5704
1125
1014
9172
1221
8554
3783
484
5686
4290
2698
6444
5799
7024
9154
6657
7678
5937
5721
824
73
9446
3471
9802
366
7210
9727
4056
2512
1650
4574
2787
3010
9365
4364
3404
5545
6903
8900
6517
2851
4693
1830
9300
9543
1044
8036
1686
3500
4204
145
7859
4696
2499
222
7942
2584
248
4981
3235
2212
1289
2824
515
30
425
310
9984
4548
5712
4337
8524
4620
7
6272
6680
9541
8336
3806
3953
2601
3614
3843
9856
2245
9880
727
5095
5256
2942
5490
4052
7861
3485
5833
84
5381
6148
8372
2381
2326
3904
1014
1085
9934
1255
2984
5978
5985
1563
8813
9001
3135
4855
121
4934
1731
3917
1450
9880
2038
2423
5038
4847
2231
796
1687
3512
3056
5549
7366
4992
7201
9175
717
9838
2545
2012
69
4099
5720
9368
2483
4594
9742
1958
9006
5157
1164
3044
7501
8899
9818
6240
546
6428
8659
8163
3669
4671
9073
9802
32
4838
2519
8306
2947
8810
6183
4255
7069
9918
4255
7850
5118
119
8998
5329
9213
9743
3432
2444
500
6133
7596
7093
7351
7858
5891
5921
9603
8805
3478
6487
5513
1581
7932
7172
6846
7983
6767
7173
253
912
6623
3239
6048
5425
2279
5208
8820
806
3334
3015
6819
7818
6014
7042
2478
3848
6724
4937
4576
3543
6833
8987
371
246
2467
8965
1375
2153
3344
8677
5895
5598
5481
1989
6565
3511
9115
8956
7912
6754
7668
660
1472
2753
9824
3903
9256
2697
728
2636
3149
2955
608
2773
9368
4339
1538
2151
1366
3031
3296
2836
2
1926
4623
6402
3015
4937
5843
2466
3027
9202
6530
4267
399
1391
716
4730
1108
1938
5233
9652
6584
8202
950
4924
5070
9552
2212
4015
7983
2697
4246
2670
9791
2762
5418
6787
4844
8394
8757
5548
1431
842
114
7363
3876
5392
6949
7899
5678
4434
7403
8413
392
1065
3523
6317
2163
1174
9898
1591
7562
7581
6517
5495
3716
8639
6639
2675
2510
2429
785
6484
9387
4232
4096
6765
6387
1743
7937
9325
894
5384
363
8547
7971
7588
1018
888
5986
2179
790
1101
9642
5907
8046
9357
5370
8992
6230
4535
5681
119
4331
9704
7478
3312
3560
4790
8109
7179
225
4851
7155
4716
3548
8874
7127
65
2280
921
8722
6245
9287
5387
4284
9445
9380
1436
9793
5331
239
9928
9616
53
5989
8234
6015
9994
7806
6495
8902
2916
9858
5532
8043
1994
2802
1858
2765
623
5581
8714
646
683
1858
5309
9867
2871
2670
4478
6709
7497
2158
4443
9480
6455
9188
662
6478
297
8230
1619
4991
1462
3199
3978
6780
1803
3250
639
2399
8464
5053
8384
8307
6886
855
2708
5127
9732
6839
8116
6704
8091
3372
6513
6696
6159
5244
8915
9020
249
9368
708
3566
8246
4617
8418
4374
532
1190
2849
3671
8608
122
5313
5578
78
7388
8236
9207
925
111
8922
4712
2988
2847
9006
9066
4334
4654
259
8633
6062
1895
1372
1162
354
2606
4863
5477
7770
7669
8480
4501
6112
6244
8012
5987
2185
956
4425
650
8615
3809
3954
3060
4370
3735
5229
8923
3171
1034
6470
536
9834
1349
4131
7211
2611
1020
8080
3407
265
7814
4572
9759
7277
8284
5502
1374
4703
6746
7037
4426
7001
8940
9656
993
5382
4175
436
4257
6214
8367
3287
4609
5746
6795
51
8120
6678
6980
5447
4435
9614
941
7822
3740
908
1056
601
5983
650
1933
5764
1667
7083
3886
4129
2487
5753
6994
4374
9344
2752
1813
1881
4314
7344
3013
9912
3134
2343
9556
6537
679
9391
3691
4773
2658
3541
7064
114
6812
5237
7054
2956
9209
3700
5627
4163
3521
6084
9393
6139
2244
5646
1346
9155
1137
4345
1583
1539
3253
7273
2762
468
6518
253
2718
6718
7433
7770
6504
6142
3583
1924
7943
7877
3893
4640
9928
4970
6950
5829
5073
1241
7986
7339
2077
3746
2113
925
7263
3893
3190
468
3986
8231
9254
827
9881
3772
8503
4742
3568
4813
412
9657
5841
6787
8155
7274
142
5001
2287
5362
6053
5536
1331
7585
6531
5387
7596
8110
1607
1146
5038
3649
8248
1291
7834
1781
9659
3294
974
3765
3952
6461
6464
4933
5988
13
6279
3397
8853
1714
5142
82
7273
7136
8950
531
4061
1618
478
4467
5875
8306
7557
1007
5416
2087
560
2764
3802
1648
6651
9291
7033
2109
3573
9852
9641
9894
9220
1209
6960
7996
311
4355
2252
7345
6967
6166
2530
2809
9014
4880
1990
5442
5679
9403
17
6797
7355
6477
7472
5950
3635
3512
2794
3551
3678
910
4297
4291
8140
6742
5462
6981
5182
1772
7707
4461
2207
7620
8308
6334
4193
919
8265
7452
5299
7527
3298
230
9524
1510
832
9343
6624
9894
5039
9027
5831
1098
7672
2180
4702
2047
7681
537
7628
2651
7314
379
758
9864
9882
8607
1130
5901
8441
5898
7594
4354
2562
877
5089
6183
7200
4470
3421
7063
2727
2240
9619
5914
1054
6097
7026
3859
6254
4894
7378
9242
2558
1937
8218
551
257
6289
9284
9511
4451
1610
9547
290
4574
82
3442
6798
9994
6618
2077
9490
8876
1562
242
7452
5762
5143
9595
7680
7622
8367
6271
4663
7819
6414
5905
3840
8213
3157
4507
3719
149
6784
748
8314
9241
4173
7119
5496
7093
5191
3003
1854
1176
1890
7169
734
2050
5080
646
1757
1958
2305
8951
1977
1721
644
7738
643
9097
3880
8727
6674
9666
2977
6562
4797
2535
902
2948
6582
6833
5725
2320
4426
1681
7598
3803
7438
9570
644
4555
2749
2846
8747
1099
2447
3542
6189
3088
1679
9832
3958
3582
1357
4084
7167
6375
4045
2755
5970
9185
2862
644
6240
390
2624
2365
698
9241
6649
3130
8349
730
7521
4759
1033
5469
6135
7507
7093
1092
7397
9342
132
798
3924
5355
9165
8993
9887
6264
5756
1554
9678
5157
3735
3307
1850
460
1869
9644
9294
8190
4366
5575
1518
8157
3534
3026
4741
9750
38
6644
1979
6286
1182
3240
9552
1235
9539
839
3871
6782
571
7662
3753
682
9793
7514
8120
5652
2696
7335
191
7849
7738
3925
2882
9801
1562
6902
2673
6426
5828
2584
9267
10000
5050
3165
9719
9302
7949
7357
3147
1200
6459
7530
2496
4219
5464
434
7957
5854
6347
3442
4658
2278
332
9231
8803
909
1376
2788
5139
8569
5645
3438
5297
3580
3137
1603
8733
1613
9823
8033
8745
2836
6291
6140
1744
4509
370
2780
7097
7410
9291
372
457
3395
7326
7536
4009
9468
8398
3307
1066
3276
4853
6411
357
9050
5389
9501
662
1339
8879
4195
6531
1750
9336
2698
9827
5185
1476
5182
2837
4850
468
8767
3452
2269
7453
7968
369
9045
2267
4287
6347
6701
2840
4059
5979
7925
4416
1525
4931
6101
7190
609
1612
6871
8337
3467
6248
3332
2030
3063
2630
510
1557
9701
8576
2725
8943
4072
3952
5861
8411
3883
8211
7528
5194
9609
7010
1726
4577
1522
5073
4894
3101
6303
3000
1806
953
1521
4164
9970
6366
6145
5914
4050
2556
2452
1641
930
8782
4674
6092
1294
52
9069
1150
9231
9278
4877
9907
1737
5213
9573
3782
518
9114
5735
8515
5674
441
6191
2723
457
6824
9053
9301
7453
7591
8712
579
6877
2644
2123
5894
6827
2479
4458
1156
8955
6598
403
7511
4353
4140
2208
7792
9388
370
715
8310
3617
6756
1111
3654
2200
7008
9173
2730
724
224
8642
190
1319
1667
4275
8849
3461
5374
7086
5557
1053
4008
6179
5749
9012
8314
7884
8
1492
3748
3249
617
9263
3358
9136
2865
2635
1285
9176
4622
4372
7715
5379
3553
3252
2786
8471
8866
1591
554
7505
1015
1326
297
5486
7958
5203
7499
1782
2329
3656
3356
8492
1632
1840
7268
2426
3059
691
2756
7168
9705
5052
8109
1579
8723
7393
4014
1206
7286
251
2103
3617
5488
1041
3395
8087
5082
933
506
8288
4511
4721
4557
427
9177
8423
5186
9515
7849
929
2311
4400
5866
3112
4628
8097
2551
5865
8046
4283
2393
2376
65
6440
6609
6833
9295
4329
1027
3150
419
8514
2465
9913
5951
2801
3824
3959
3870
363
1402
6778
9008
1891
1179
5618
135
5532
1509
9788
9589
650
5561
3320
773
6095
9664
3564
1616
4171
8269
3439
9595
5530
5204
8948
5481
7614
7109
3721
6418
717
7886
622
9575
5694
3134
5850
2192
287
7972
5686
7248
248
4824
152
9172
173
4434
3894
7532
8215
8838
1284
5174
3948
5322
8012
5614
3581
1906
7666
2359
3501
109
4766
4869
4693
3262
7639
3990
5846
7237
499
4931
4839
9492
4082
2729
1294
1812
991
4649
9357
4639
2337
3424
4760
6303
5761
7430
3476
5062
1677
6087
4689
6986
8633
7685
6004
2359
3170
3335
7197
354
16
4249
8818
2167
6569
481
5978
3814
5996
5592
4454
3618
2711
7999
6263
8845
1863
5440
4822
4422
9729
1736
8411
1442
5941
533
3855
6242
5584
8799
4652
6146
8731
3238
6947
1608
7687
4112
6927
4672
912
769
9981
6658
9089
2389
5835
2807
1750
9862
8221
4676
3783
1929
7606
64
6412
7552
3952
1725
7332
7226
6584
6247
148
2910
5941
5690
7599
4122
8878
9911
6318
2463
3898
9900
3023
3655
761
6135
8101
3538
3669
8594
7307
5274
4337
250
6537
7431
7059
5348
9695
8701
575
1479
6025
4917
5685
8142
477
5355
552
3436
9650
9001
5637
9080
7258
1649
8127
1869
6065
7150
6320
6377
2097
547
427
4303
8781
8658
6148
865
8616
3564
3181
5190
114
2106
5220
3913
7934
7993
1209
1903
8611
5342
5674
9428
5577
9625
6159
5762
1085
4266
3950
5053
3781
9716
8454
978
5880
3778
9423
5840
6404
8511
559
7543
930
2635
2468
853
2018
7597
6854
9687
9163
89
8113
9812
7743
9323
9215
2169
9733
8805
6562
639
3919
8314
8627
3418
3579
2623
583
7844
191
3640
3001
4216
2975
4720
7138
3014
1766
1060
5840
470
5265
6096
8952
71
2174
4720
9997
870
1254
6013
1323
3732
7755
8588
5275
8380
9090
9608
8505
1621
2952
3229
2153
6132
2451
7486
7148
297
9437
7187
1031
4805
5080
5418
3584
4460
9297
5781
7871
6376
6710
9405
4909
543
9104
858
6403
4499
1000
5814
105
7534
2566
5652
1786
4674
439
4881
4278
5400
7697
770
2447
1955
7085
4203
6086
534
2405
2810
7461
1881
495
2490
9823
9619
5862
8924
2638
8332
9710
3286
5709
5466
7009
5108
2432
834
9914
1958
6178
263
3959
2644
3223
104
2016
3969
7906
4216
8161
3148
7661
9225
2106
4629
6248
3142
5080
2527
2260
9836
8027
9538
8285
6492
2325
4376
1164
9649
824
329
4218
4237
6346
4946
3565
7388
6606
7422
7751
1447
6697
9151
769
2258
1287
8835
107
4513
2995
4826
3140
2779
3862
8705
1803
1527
8158
3682
2647
8768
3808
1998
4518
551
4729
1680
3510
665
6597
619
463
3763
1520
7583
6856
9954
6110
3886
2431
7378
6332
9966
2496
5646
5576
5722
8829
3176
9554
5692
8816
9958
7200
617
3208
2222
4274
1250
644
7298
4493
2435
8984
6224
2058
5575
8620
2956
4591
474
4481
2411
4017
2808
7062
9977
7629
7275
9075
714
1309
6134
9291
4623
4795
1894
3900
9683
2927
8615
491
5816
934
9866
4574
9057
1861
5672
9182
6722
4787
5450
7061
5162
5755
9836
7928
7752
2479
1354
5230
9488
9215
3821
8075
310
4028
9081
8201
2504
3565
7346
6064
3368
3642
2999
2022
6203
6617
9359
3546
1750
3372
3170
8147
6679
487
5043
4415
4571
955
9484
8125
870
63
7432
8990
9126
1893
6783
7028
5275
9885
8730
2298
377
2648
663
6657
1569
2782
5482
9190
5449
4422
8424
6440
827
4439
1851
3687
5509
9417
7353
9010
7768
4361
2890
4822
3881
6033
8645
7388
2991
5936
9979
3233
4466
6444
6664
7348
5849
3173
2257
5497
6494
345
6261
559
7604
2988
1654
9913
2845
1657
7358
146
791
9476
739
9459
2317
717
9434
4057
1231
9627
3729
5168
3610
2940
8298
3269
7183
7055
8158
8868
8369
5335
9085
3279
1334
1827
3532
5781
7331
4476
5718
7600
9703
5432
805
6674
7899
8375
796
707
395
488
8919
9869
2920
8562
4263
718
934
3279
4919
5905
8041
6618
4781
4648
1511
5043
8486
5003
1513
4075
3631
5134
9162
1869
9361
4195
125
7347
4175
8130
5141
9096
2746
5045
36
7937
937
1321
9040
6932
9430
4256
6288
6015
2748
714
3241
8968
4019
6171
9255
2480
609
4285
1417
1451
7963
1653
560
8091
6852
5011
3426
6324
2595
2603
4343
9708
330
5304
7217
4680
6221
3781
6709
9455
9954
2439
5312
4184
6272
8420
1848
8295
8956
7747
2167
634
7249
4179
5982
7061
6538
8243
5073
2202
6575
2542
5112
5184
1381
2200
8333
7528
2874
3871
9490
3783
4703
8417
3861
9439
9495
3536
788
6133
5404
7145
4418
4318
6636
3411
1552
1923
107
8631
906
7215
2344
4519
7591
3759
8571
4177
9488
3270
6041
2658
9152
2604
3550
1391
9635
338
3936
6222
1457
6233
1326
3722
3273
4676
667
8255
4880
6141
7168
4689
6921
2842
1513
5718
7997
8408
3303
2314
9495
2752
7239
7266
7285
3871
2073
3118
9870
6906
5584
1136
8765
3168
7497
3380
5152
1563
1567
6206
4747
3689
8331
7676
2082
7704
5530
2260
2203
5723
6420
5478
8758
5528
9371
5899
6124
8429
3669
2627
6504
222
562
7016
848
663
6776
669
6159
7863
211
1238
237
5069
8073
7071
810
2721
6231
5235
1572
5919
2287
3618
5135
1319
6223
3944
6128
2336
6273
9675
6393
8321
7480
5137
3459
8656
237
4610
9088
2675
8650
8764
3411
8062
8183
3075
3864
5105
8011
3612
9762
5751
7763
7015
891
7628
7515
2518
6804
5466
860
1452
2719
9220
2495
5785
1094
8831
6909
8772
4104
7235
5369
8874
2972
5007
3438
1967
2365
767
9109
7776
8124
6335
7660
8114
5648
2014
5508
6913
912
4169
561
2152
6954
5248
603
3969
1008
4441
5507
5631
3803
1813
2454
9064
2843
2059
3105
5284
889
6145
7907
962
3423
6647
1992
863
889
757
1902
7633
6286
1516
8962
8204
182
6997
8891
9450
4791
5241
5462
7377
2274
2772
9814
1604
978
8833
7606
8309
6508
835
5837
830
4136
1283
9439
2063
7665
6548
7617
6780
6633
2840
1715
1089
5606
5690
3148
5919
6089
7902
738
1256
7828
2473
1341
1732
4559
2039
8030
8888
4195
1935
4744
2493
7551
9414
4362
9651
3094
5681
2146
3198
1465
1602
8518
8931
8532
5226
8550
6949
1705
3284
9581
9211
2160
5123
1364
6668
5600
8033
539
5783
9881
7439
6533
4072
9230
7385
4647
1593
4628
2163
761
8146
7915
5211
4255
6484
4392
5754
830
5228
6105
5079
3357
6429
5374
2660
484
7608
654
1023
7422
5401
9748
9855
2232
9965
1905
4571
8471
515
6390
5699
6187
7865
4080
4559
7318
4733
2389
8566
7687
3702
1081
391
2539
6674
2526
3657
91
4495
4995
3250
2235
9095
6037
2004
9168
8121
6860
9468
8537
8196
3422
4250
9997
2496
6697
896
703
3771
5087
3983
6982
8607
1028
3737
6131
2114
2562
7798
9017
9472
5882
2453
6133
4031
2380
1491
405
8022
57
8124
4471
8200
6239
4714
6515
6300
7724
9868
5160
5838
8547
9329
9780
865
2878
8191
9231
2585
8368
9746
5577
5737
542
8514
4882
8274
3618
1543
384
3765
5439
1483
2423
186
5858
8285
2265
327
1725
7266
9653
518
113
6050
1663
4382
438
1596
87
4110
5295
458
5874
9056
1686
2236
850
5524
1380
6862
7166
140
5995
8746
2027
5405
17
9852
7035
2920
199
92
4342
5687
3288
6437
6883
9994
1125
1169
541
8163
6284
2214
1034
3051
3982
4424
3915
7159
8496
2992
6048
8541
8133
1002
5820
9633
7572
1826
2954
6637
7698
4577
5101
888
6785
5417
3879
2775
5277
957
4757
3106
9379
6956
8632
1444
3825
7578
5059
4440
3131
2132
3126
6754
4384
8806
2025
6069
3846
4805
5788
3743
9916
6221
6256
772
5762
6385
1624
3487
5491
3643
198
3826
3534
4697
1361
2587
9309
3419
7502
6240
7982
7962
2349
1614
3048
5993
7529
6398
3799
9856
9791
358
5214
6129
2054
2764
924
9017
6681
8094
8886
1454
7803
1555
4309
6662
9418
9460
1089
6791
1172
3684
1612
133
9151
205
4063
2887
1009
6100
5956
5764
5932
9327
2329
4379
9699
4618
1906
1764
7768
9654
2635
8699
3642
7411
150
8985
3419
5762
8599
3114
4958
5064
3618
2243
6121
4112
7866
3026
8061
7191
3202
6492
8269
3338
4793
2160
3915
7878
8141
6881
92
6953
6972
9346
3333
6669
4078
1676
8607
2274
3778
3863
4441
1443
2931
8227
467
2047
7026
6951
1408
5813
173
9761
3058
4239
5817
9160
7458
7465
4401
3387
431
5940
4635
5699
1974
2554
4634
6123
6184
5222
4221
3219
8660
2631
1384
1824
4155
7452
4585
2892
2093
5254
8851
5589
3045
750
3739
772
4389
7569
7092
4497
8837
1334
6526
6751
4912
8492
1199
7175
3291
5777
601
6362
6800
6985
3801
1745
4224
9834
6871
3540
9957
3686
6556
9367
821
1811
1586
7483
2827
6323
3259
7478
8885
1882
7427
8064
8483
8725
3383
3161
579
4174
5201
1363
1973
9208
8706
2736
5807
5886
6007
2611
3218
1600
2747
8397
288
6190
854
4533
6789
6022
8359
1840
9990
2310
5711
731
1888
8152
5267
5779
9501
6541
8610
1955
6861
6496
8666
2412
1260
864
2983
3262
7344
8730
1939
8307
4817
143
3010
5807
5313
3766
2048
3473
2368
6460
7885
4766
6294
5098
1902
9082
8786
7052
7098
8392
6606
942
200
7359
994
3483
3475
6129
777
4113
4358
7785
8437
2709
9500
1331
7570
7305
9190
5723
8212
9743
6912
2461
9978
8666
7360
8458
584
1572
8836
4672
9681
2185
6208
8316
7331
3772
2498
5468
8642
905
5738
6463
8484
9903
4050
6753
5300
9388
8032
1391
2132
261
758
8293
7822
6761
4961
4150
4499
7546
3474
4791
6344
9610
8514
4758
3989
9592
1643
1596
7064
7353
3427
4840
8445
197
5144
5279
6602
1798
8088
2967
3382
3817
2104
8409
8418
362
5033
2484
9944
3198
586
8968
5056
8493
3425
5267
2916
7646
3979
3325
410
5365
6495
723
1222
8905
2434
4777
9404
2127
305
4323
4211
6843
2530
579
1252
7449
9378
3261
3500
3101
4539
329
3922
4392
6462
7614
9757
6831
5575
4335
2329
8882
7712
2557
5860
7274
6341
1118
435
2723
9691
6753
2418
6491
1988
3124
7486
8008
6230
4639
2527
6734
5798
3684
704
2367
4674
2873
5846
927
8563
5514
8431
9397
2367
9426
5511
4993
9473
4792
6027
147
2718
5475
1432
8242
1938
3631
6240
1393
7041
3839
6060
6049
2133
1211
8410
55
1131
6672
2652
7342
8250
693
1441
7770
9863
85
9484
6202
8232
6577
8602
7797
2854
1296
5279
3606
3024
1943
3085
455
7635
4459
9218
6753
5993
2171
3281
3874
1538
3764
9397
627
6383
1907
6932
4707
7816
3553
4773
2604
1725
8705
2720
608
9519
5808
8753
8094
5715
8927
94
2018
3029
6248
1638
1532
4268
5945
3398
3326
728
4681
6359
4372
3377
146
5084
4920
2021
4162
5972
6167
654
667
1961
7464
254
5922
7872
9251
5705
5102
6571
8841
3306
9136
9066
631
1380
1889
1180
230
9697
9611
3133
6694
3911
4658
8819
3670
9939
2966
72
8623
883
5069
373
4682
7981
2361
6746
6275
2544
6587
2763
767
3177
172
4261
9740
5685
5437
1976
5920
6136
2921
7869
3100
2992
2844
1082
2186
9019
501
5460
8919
5225
9741
7111
6468
7069
4929
3
3047
3973
5488
8635
3146
7804
2429
7639
1773
6115
888
3067
5059
8629
6987
9716
1844
2779
4323
7961
4877
6514
2292
6665
2900
544
886
6365
8584
8682
9044
7834
5468
9881
2012
8827
8375
7316
307
7148
228
5254
6865
4678
5432
6481
8946
6857
2520
4016
7847
8403
6474
6398
3692
2357
2512
9833
8359
8196
1945
3786
8681
5301
2634
208
9395
182
8519
9515
8365
3023
9310
4198
5305
9337
354
8095
982
6504
8471
4407
7676
5744
7500
9349
8750
1682
9439
7346
2324
9991
8450
3633
4183
4022
1540
4762
1499
2530
6063
9394
6812
2942
4878
8359
5048
6820
4805
648
1823
8041
3027
3740
9157
9984
3735
6627
4988
202
4998
4573
9266
3942
7421
744
8319
9754
2733
5563
9289
9760
193
4357
594
1038
8632
6922
7631
3705
5240
1788
8235
6637
2591
4909
6172
7284
6268
6811
9358
1223
1740
2632
4871
83
717
4789
6497
574
1201
862
9777
7490
5481
8299
6447
1404
9917
8826
8355
6839
491
5299
8082
8027
7452
5707
5613
7394
308
6709
4823
7171
5308
8748
6869
1016
2523
9334
4849
8564
9991
1179
834
3585
3525
3542
8939
2352
8058
2823
2831
3998
4450
8310
6608
9556
5171
1905
8444
5162
6163
122
4815
1756
4106
2681
3069
223
9149
3980
716
8693
5242
7927
1277
3675
3379
1705
5625
5067
4669
7377
2443
3599
7912
1984
9311
2157
4571
1605
1523
4406
1175
4554
7416
3458
3200
7446
802
7484
7727
6024
7043
9495
2288
2242
7308
3271
6270
4743
1628
1112
7402
7010
975
8624
466
6768
4413
3141
8095
6980
7905
1844
2517
2520
9916
2410
8820
8846
3902
5278
133
5310
2071
593
6683
5702
630
1524
3008
205
3987
6484
5629
1738
2555
2020
473
6557
2391
3315
2393
4265
2096
410
5795
7078
3101
1967
149
3664
364
6326
3760
630
4263
7678
5192
1597
7028
5357
119
7665
1330
7591
1102
310
6538
8809
7663
6679
2010
1461
4344
3137
3340
1617
8245
631
4385
5943
4302
2295
2850
4204
2387
8464
6505
378
8976
8647
8008
8273
2767
92
2577
9654
6996
1785
480
8273
3476
6639
3961
9315
924
4301
5683
5401
8054
5643
3629
9187
7244
2870
7862
7788
3158
2655
5004
1025
7388
3081
7045
5934
3469
9680
977
1448
6449
1539
5948
8811
6680
2662
2523
1592
2952
4785
6517
4368
7786
4404
1285
1521
9599
2292
4658
2256
834
4146
619
5268
6631
1613
5566
2016
8606
9113
4061
6518
3302
2294
366
5857
6070
7704
5515
2292
409
2563
2732
2433
9008
7539
8366
3148
8091
1898
9514
3219
3083
6827
295
1202
1910
1107
7460
8668
7186
6785
9929
4203
6034
1295
3373
4035
4480
9134
3386
3131
7566
1768
5933
6534
1236
6232
4381
2164
6867
596
204
6903
2319
9113
5235
2710
8781
9126
9783
2314
3510
3142
6027
3104
7208
8030
6390
3377
6457
6318
771
9131
6153
3622
7966
1176
8089
4741
6462
1014
8808
4057
3503
4818
8544
1968
3671
5546
2792
2728
641
6403
7627
8826
3781
8545
7331
3384
1757
3659
4744
961
4649
4374
4885
6811
5382
4144
3423
5381
477
8965
5918
1348
330
4375
2643
1586
4177
9172
5810
7493
4636
8101
3259
8664
8252
3166
8452
281
8128
404
6836
1969
5115
7447
3606
2370
8978
3463
6832
4033
9920
2441
9806
944
8767
5174
5502
3959
3491
5539
1097
7924
4490
9771
1102
3373
7966
7530
6753
306
5033
5780
3954
4146
5260
3480
5392
8966
4514
961
504
8464
7397
3459
724
2576
2305
2017
1972
2043
8541
1719
1636
985
9461
6419
7870
2937
4757
6875
882
9361
7278
737
9593
7956
9929
8866
5820
3665
1680
2345
9469
9640
7873
9610
9288
5336
7587
1748
7079
5355
5201
1726
3975
4346
8332
2724
8612
6153
5405
5016
659
9988
3504
5645
6731
4407
6329
8829
4376
6729
6317
1849
5527
1846
5220
1933
348
6361
3091
2167
8004
2894
7875
9730
4606
392
2646
1439
9592
1276
4808
6593
4216
7138
189
3579
5760
7954
438
5474
9298
8975
7951
6656
1302
8167
8037
5038
8948
1007
5711
3628
9905
6509
127
5881
2019
6166
3960
4523
9961
9438
8373
4991
8696
848
2700
3198
7466
643
1799
81
5795
7878
9440
3866
6555
2451
1162
7518
7291
1129
6482
1571
7104
2552
3748
3801
1646
3784
5233
8897
9427
6942
7834
948
3622
3363
3630
1387
7112
431
1851
5204
6890
342
9823
8919
6416
2262
9553
530
6905
7772
924
9353
8080
1222
7363
9592
1509
352
103
7131
7517
8850
4480
5471
4326
6526
4746
2915
1336
9145
6692
4210
7839
6466
8750
4482
9549
3714
6137
2860
5558
4454
2555
3619
4223
8041
6031
1538
9442
9305
4256
8843
8784
4327
9559
1354
5164
283
3337
498
5730
1476
5947
6647
9904
6893
89
5244
5097
2034
1716
2802
246
5066
1219
800
1448
386
142
6164
5428
480
1255
8731
8198
5352
2203
8046
8235
8958
6782
1398
3981
3642
6885
5952
2350
1316
7949
716
4773
2827
331
4010
177
7634
3044
6912
6489
6466
7435
9929
8694
1580
1648
5973
3569
9803
9855
1730
1080
1048
285
2980
3042
7014
7703
3096
3420
8779
5569
2111
3098
9155
8913
8328
9359
3412
1256
6267
3165
6620
3769
6367
983
3513
3130
9085
8812
2968
7171
6557
3790
8613
6509
8797
4931
5294
5002
5952
6228
3186
746
8776
3549
4685
946
3516
9237
4389
7335
4601
9947
4751
4188
3888
8079
6142
7978
6520
7451
6836
8363
6130
7831
8014
3532
4837
2744
4723
681
1670
6973
4233
6850
6082
3618
2957
1686
7350
177
9116
9721
9029
7532
1208
3459
7491
6749
4813
6564
700
9876
4659
1184
6183
8001
8387
6698
1688
3789
154
6535
1590
8935
9346
8361
4067
8962
6103
9904
9058
7080
7152
3745
8390
3981
9152
4846
4086
3018
8425
3190
6155
6639
3753
8508
3143
4506
9168
9102
8087
8901
2483
6742
2896
6103
9006
2846
562
6635
5101
1059
4567
275
1631
9584
1207
9353
6711
6674
8217
4262
8142
339
2996
8849
6956
675
9234
2678
3446
3665
1812
6308
2748
6448
2218
335
1732
7678
70
1545
7953
6151
5533
6180
6500
4104
2202
7089
1728
3334
5210
1407
521
8202
5772
1830
3502
3560
2785
2616
4042
2312
3982
7011
2280
780
8672
3704
5225
5836
4794
4755
1910
8524
4392
7883
5219
8263
6915
1759
8789
4753
1194
2443
4917
76
3822
903
3876
3525
7778
3442
5993
9720
927
8445
817
8467
3213
8248
7701
4107
2147
7091
2134
8666
8034
2454
3414
2590
5758
5934
3975
2797
8359
9993
9231
8344
168
9652
5583
5927
3813
7047
5218
913
8615
1666
3151
8177
1291
8484
3083
8231
6763
2112
8199
663
8575
2931
2973
9005
2895
7721
4006
6171
8773
2972
2998
6011
9400
6769
8542
5307
1343
334
7589
3154
2563
7407
5413
3149
8834
8057
4429
126
1873
2185
3490
964
6089
9421
7952
7154
6281
4090
4367
5925
4801
4076
1116
4267
3279
1181
1552
6055
995
4975
5968
8876
5652
6610
2756
6773
620
689
6427
6235
1550
7490
9852
4937
7722
7111
6818
1505
3575
4113
4376
2760
4122
2215
8315
3457
53
8218
5018
4314
6188
4763
2783
9416
6358
1466
4854
3486
1335
6408
8926
3224
4432
4323
9758
1846
6644
1642
7255
6712
7296
4099
395
9362
7322
5252
9647
3869
7512
4800
2557
6873
4104
7397
9462
3261
348
7467
9986
2018
9909
4614
8022
8488
6091
1681
4659
1973
7773
3060
550
5155
3780
769
1903
367
6194
4544
5046
3637
2878
988
6230
3410
6129
1819
2978
863
4520
6876
7509
5985
7358
230
3922
9122
4114
6529
3010
9772
1223
413
1557
6515
9124
374
3127
6423
4639
8386
897
1928
6352
1413
2273
7816
3396
4658
2512
3746
5458
7143
595
9002
1627
2588
2113
4323
8252
2911
1685
4478
7155
7964
383
5993
7696
4535
6137
6429
1397
894
7554
5419
2020
3681
5118
4800
7656
6705
4289
3762
2949
9596
963
8461
866
9256
3293
8224
9652
1154
2876
5352
7403
4213
259
8958
8027
3538
3029
4035
7099
2000
5171
8711
1312
4285
1034
8631
731
6693
8021
6171
9971
6214
4499
3943
3002
2084
2491
4380
3244
6373
857
3171
8289
5466
4028
5982
1715
4621
2922
2269
6797
5959
1942
7867
2519
4456
1796
985
5489
6473
4328
7321
6672
3422
7204
4592
3523
8338
9705
1209
6650
7921
3286
6562
2899
9820
7260
9320
3438
6063
2940
5493
7143
4712
2078
5555
1100
9742
8019
9659
3279
1875
2359
7143
6369
7471
6132
2951
5835
2358
1692
3609
6614
4648
6927
4358
9961
4591
7630
5307
8257
6413
2929
3710
7851
3041
4628
4200
6704
5035
6392
5248
2271
5857
9631
5880
720
8921
5266
1863
7859
6954
4924
3108
6019
4799
8473
6896
2473
7063
3610
4716
1354
940
3273
6371
5378
6890
4999
483
6687
2256
8702
4707
1129
2606
2924
9503
8322
3070
3936
4929
6412
4477
6681
8503
9514
6501
5564
9483
9789
5854
9119
5867
7104
5408
8834
909
5693
7236
4191
5320
4874
8361
8446
7601
4079
3632
7324
7524
5996
8018
6957
8728
7536
9439
4093
6192
5496
9551
2672
8608
6549
2110
4605
5278
6108
3543
4434
2393
7423
198
6175
2502
3832
972
8881
1260
9134
7707
6264
9869
8486
1781
4988
7152
1426
1953
5027
7153
9397
400
8119
6455
656
2764
3629
7848
8018
6050
8741
7047
7275
5325
4149
6566
4553
5458
6398
7129
8330
3091
5854
9112
4170
9906
6424
2428
5205
1022
1828
5134
8156
2186
559
5851
7554
9869
1503
9305
1064
6657
8518
9018
8400
1732
1704
3171
8341
7790
3550
518
7669
256
3929
2012
7380
9764
6183
8298
4025
8441
5603
5753
3872
9120
7434
8183
92
5599
2374
2334
3700
5755
7924
3338
3259
2227
4473
8159
6972
9255
5000
2272
3410
3811
5151
8109
878
8348
3052
5204
9525
4635
6697
7622
4141
9706
1502
8341
3122
3408
6967
5760
4916
855
7241
9558
6456
5886
5731
6846
3974
1934
4988
2087
6476
2274
8353
9384
9921
4007
7883
5915
994
5398
9764
2017
2381
4461
6956
4829
414
3045
3206
4179
9236
2366
4802
5879
2219
221
3736
7731
9362
4330
405
9464
4819
3988
7080
6595
5029
9189
9960
1836
7851
3747
4468
8715
9776
6278
8917
3448
7592
1602
3166
5392
5191
5963
2055
281
6052
2885
8578
3196
3576
15
9793
6082
6416
9463
7144
2189
4273
5959
8479
9227
8134
5265
1370
697
9117
7194
4146
7471
823
5617
7420
9416
6393
5986
8358
3037
1482
6088
1073
1706
2161
5367
3441
374
7816
5452
8077
1529
5818
8677
4402
7728
8491
3285
7993
5140
1595
6995
7618
5533
3680
9255
8983
2356
2287
507
8044
1601
481
4326
2888
8883
359
6355
1263
5717
4918
2401
397
8
4433
4011
829
2231
3722
2074
4297
6400
5433
307
1399
4908
7572
6927
3556
9060
5823
429
8144
5508
4483
9299
5695
1751
6429
7482
2380
9438
5487
7436
3193
6007
5275
9424
9410
5692
4886
5516
9316
360
921
561
9750
8631
819
5903
1880
7454
3436
2715
2070
6244
1943
8057
3212
4474
8520
337
2922
3095
7389
3749
774
2931
982
4971
6247
2937
7203
5846
3501
5952
6332
1958
9951
3653
4745
6140
6804
679
8910
9595
4551
9598
4580
7562
3226
2568
5247
1819
6473
5543
2437
8329
1165
5570
7478
5465
8222
220
5413
1119
9284
3376
9499
5092
9663
4407
3877
3049
493
1952
9552
235
6642
927
1677
1987
1608
9883
9098
3384
2313
1506
550
4131
4419
1498
3345
7034
607
7690
6772
9647
3129
3792
3296
791
7779
6256
6773
2093
5989
427
481
3752
9928
5691
1681
9858
8568
5671
2812
2959
9098
4050
9841
6609
5986
5179
5620
5754
7132
5584
3481
511
1396
7982
8711
2614
6368
1752
7792
9250
7598
5211
5176
2147
751
6055
269
7100
5959
6273
3210
8207
4507
3298
2558
2538
8847
6627
9504
9369
7928
1955
4601
603
2666
2171
1831
9356
4323
9909
2032
8610
9356
6014
9950
8773
1793
4572
1306
4324
622
9353
7603
4603
9215
9660
5211
1605
4582
2139
4334
6323
991
2366
9838
736
2442
3390
1755
5114
2524
2448
6739
9625
3270
8346
7878
6486
1048
6426
5820
7519
1166
8363
903
2116
5408
675
4742
1411
2109
553
6045
5647
7967
9629
5709
4162
3896
1114
7424
3913
4215
8677
5328
3564
3042
2257
5992
1014
822
4942
2484
2777
5017
8979
6372
4640
9811
4974
4402
1522
3437
5460
8436
8866
6078
905
9243
8736
1431
3458
491
9636
8779
5819
8546
5977
7489
6951
5450
3191
928
1942
4690
5731
1414
6268
4331
5019
2061
4686
9235
6247
2184
5606
4750
2096
1291
5585
5499
7849
7423
498
5955
2935
2038
6496
8167
3109
5943
2171
5853
5519
8064
3784
5970
4726
5001
6167
4305
5954
4810
5624
938
4814
1102
1950
9594
5836
7986
284
1738
6061
6795
9842
8593
7452
6618
3959
5482
4986
2266
5638
9450
9284
8108
9140
8580
1709
6965
4999
366
2576
7420
65
7295
3846
661
289
7281
3185
4421
8112
3932
5003
5351
3951
2359
113
6039
7370
7067
5107
5211
7973
40
1996
6237
9322
4527
8443
6325
2818
1029
2899
6951
6308
6604
6821
7174
5512
8492
1910
5452
6571
9445
3668
395
7079
2506
7739
1895
4757
8000
8258
4096
965
2810
4912
5537
5181
2443
6469
6450
9820
3457
6451
71
831
147
5149
561
6701
2239
9035
3825
6882
7154
1878
4589
903
1956
2460
6784
6193
2763
6738
6381
4730
2099
8664
3498
9194
4738
3716
8965
9012
1794
2962
4235
2675
8143
721
4445
1525
7638
7503
3345
9961
324
4815
5302
7771
6274
1849
6137
3524
3254
4285
567
2429
8412
8967
761
8603
1339
484
1525
731
4247
1747
1848
9905
999
6755
4383
842
898
3462
5196
5851
4443
211
4487
9717
6723
6218
6176
7552
2060
6507
1868
2090
147
9321
3341
3457
345
338
5539
6210
4168
3950
3811
3147
7252
5297
1624
1865
4836
4466
4018
9661
4431
6245
9402
5081
3921
9860
325
8744
8551
8925
6660
7281
2546
4914
8750
3702
4512
4806
7438
1951
2297
2743
2284
4249
6317
8879
2529
6116
5493
4534
2911
5943
8753
8207
7416
1709
3533
799
5434
2983
1667
4710
1300
5523
5608
4641
2160
8634
6647
1078
5703
5625
5469
1133
9304
7976
7585
2966
28
9018
5292
6159
4579
7498
2454
8097
4144
2975
1261
2501
3781
6608
2230
7219
7591
4652
9506
5851
826
7608
1891
2406
40
3926
6278
9417
4961
9101
2079
6757
4763
3142
1316
9765
8875
6166
8021
5311
1973
8543
9343
7346
329
8278
300
6990
6878
1955
9652
6088
157
9972
8567
2644
2731
2130
2122
2971
8043
392
5855
5386
2265
4365
3948
1837
7593
844
321
9912
8853
1355
2064
1936
2731
9462
8782
2178
914
6961
1375
4124
4927
1502
9572
8481
790
5399
612
8522
1429
2532
3797
8610
734
6968
7052
5848
8167
9699
1393
6138
5937
7739
449
3941
6146
3340
7333
2106
7736
3031
6636
2749
4266
1920
7605
6422
2802
3393
4894
3178
335
8534
2455
4737
1918
8207
3255
2084
288
3158
9446
6369
1668
4923
1943
4065
9694
7343
3980
2389
993
43
214
2363
6098
9711
8206
3116
2126
9373
4164
8013
3469
4445
3942
279
9286
7717
5166
3316
3968
6172
4237
7198
3212
6156
4459
6801
3736
8050
7640
3707
1660
16
2154
2613
1495
6198
9693
9105
9273
8287
5742
8605
9903
4603
66
1117
2984
8432
8051
6561
7926
5049
8818
314
577
7691
8454
114
2623
3625
1624
2323
8901
7337
156
2546
3773
4787
8638
2384
4941
4376
9348
3137
3275
5156
6508
8648
9895
5294
6388
7563
6482
6072
9380
5327
8901
5144
4019
503
9072
6324
9453
5922
8367
1841
1993
4865
4757
9528
180
9556
3813
3675
5225
7237
3971
9205
944
9989
5702
8004
6718
7530
416
7819
2778
2860
8008
2779
3590
9617
2892
8269
3259
569
6985
301
4143
5359
9190
3081
4662
8453
6842
7106
3369
4354
2180
1037
46
7204
7179
9812
4252
7509
6802
2542
5692
3605
602
6909
2600
4379
1071
9661
2787
9965
2479
6984
5598
5532
6228
3290
290
3559
240
9077
2283
7379
8482
1748
5868
7280
4551
4979
7241
762
3608
8230
3178
7377
9139
304
8516
5230
4011
5353
4684
3137
444
9279
6095
9761
9760
6168
8401
3655
5232
4282
4133
9770
6731
8361
77
3763
699
5641
9538
4096
628
4593
5308
9470
2592
303
1968
5240
1025
5801
7480
3627
2938
3207
939
3160
1462
1045
2015
911
6316
271
8025
8028
161
7548
8646
6380
3450
1442
9978
451
6999
2206
2497
3498
6800
9153
7906
467
6472
11
3671
6054
9259
2253
1106
2301
1049
5897
191
9229
5122
7878
3213
9640
2029
635
2383
4365
7422
2236
1314
9422
4175
4267
5990
5109
7174
8403
1395
8840
7358
66
2209
5634
9186
5203
7037
1077
4239
4275
3987
8268
121
7979
6191
4673
5504
5482
7110
5545
9801
2513
1997
1021
8267
8763
5712
1656
9553
2904
2653
8704
644
3029
9912
3751
2334
4568
173
328
8026
2285
6903
9224
2846
8164
4162
894
2982
954
8922
8787
7425
2908
8820
6176
7688
7438
5434
7092
612
5613
2661
8637
7174
1557
3804
5253
9455
9861
5672
3679
277
6766
2345
4046
1176
1944
9496
6936
2393
4737
8018
7758
1926
1209
1100
2272
1595
6507
6619
9554
5633
5956
7658
5749
3651
2115
2542
4022
3301
4098
3093
5303
7927
2315
2989
245
4578
2508
5938
2751
7224
1565
2760
2729
7655
7874
5430
4462
129
23
6289
4046
7413
7616
5659
2090
7003
5288
8722
2193
1443
3411
6808
4997
8721
4998
1319
8404
4151
7655
6421
2939
8722
1888
6935
2647
2525
151
6796
8107
6240
7321
5340
6958
7604
8821
3214
1935
2987
8824
6896
7412
9455
698
9437
5396
5364
7901
4762
8878
595
1844
3904
4102
7556
6320
1875
7221
7500
3303
6190
2230
9548
3845
4961
236
2866
3534
658
9576
6592
7745
3539
9748
7351
32
6670
4497
8896
2037
8985
9673
1172
9975
7559
1943
2428
7478
7585
9494
2411
5594
2683
9726
1708
7252
3772
3021
9218
1415
386
769
7258
6511
393
9823
8228
4217
8854
7577
5023
7528
77
5160
8416
42
4376
1074
3072
6235
8971
3874
3630
7093
2391
2572
1482
4235
3411
7455
5430
5077
4914
9453
1465
7865
1234
263
4981
1737
5171
6963
6320
1170
3876
9707
5280
6711
8378
2508
738
5970
8319
9995
5426
8838
6344
5926
6975
119
994
465
2510
7368
4370
1170
9867
8450
2249
1041
9716
867
3152
3118
6584
9938
57
930
2472
3608
4208
2605
91
2587
1440
7289
8372
9513
7145
176
7775
8650
2504
8177
5509
8427
8946
9509
2737
7404
3459
3795
3653
1680
906
808
8031
9535
2538
7664
9775
9533
5904
2155
1882
9127
8102
9487
5830
7618
9014
6821
7822
9236
3684
5902
2042
9213
5595
5146
5792
1556
233
9764
2516
9036
8968
572
9598
1331
2780
2203
7523
7412
1885
473
9226
942
852
580
219
3152
9059
1496
4400
9763
1460
9631
7324
8249
5962
8911
7942
4002
92
4909
5181
132
4702
6518
1418
4964
7500
3878
5121
1572
3448
8782
5583
4047
1893
5023
2530
557
8231
7289
9733
9107
2591
9352
468
3757
5004
5746
942
5785
8128
3847
37
9666
9703
6199
7219
391
5509
1846
3069
9862
5757
4572
1690
5181
7072
5046
3065
4458
188
3279
6422
2023
4138
9154
3919
5743
3330
234
6508
2917
3958
4379
4954
974
1999
8980
1475
7486
3403
2881
1408
285
372
3654
154
6788
6251
9661
645
617
2478
4570
1830
2260
3815
598
6998
4271
3888
353
7970
1622
3341
5967
9971
9663
2026
8948
8260
2220
6684
678
465
3480
7611
9870
4776
4503
1418
8266
4061
1286
9823
8746
3775
2248
7624
6653
9684
4836
8497
4786
1859
2347
321
2191
1366
5289
9311
9016
2695
248
303
9446
8865
1569
2097
810
7818
1507
77
2080
8146
4433
6018
559
1510
4920
5524
4369
4347
8484
4098
1123
3262
4108
5978
9205
6766
6438
8811
9166
2049
2411
7407
3005
4539
1460
1683
8766
6394
92
4734
126
701
7653
4899
5175
3372
9112
3599
5603
9164
7658
3035
9272
141
2436
5309
5091
1045
4746
6806
6399
9057
7106
5963
9052
674
2487
4909
8515
4603
6922
8183
308
6451
3632
7633
3163
7623
9049
1350
2769
67
3133
876
8482
2945
1971
4466
5881
9675
4294
3854
8468
9802
5235
2637
4427
3994
134
7751
508
4964
3713
9274
1271
3367
8413
6961
5378
2793
3573
8060
5025
7658
222
9952
4476
9576
5852
3920
1738
3546
3773
9671
5733
5766
4932
5541
1041
1250
3485
3925
7836
8318
2243
5508
1661
8661
8519
4266
1841
3315
6139
4958
7469
4997
7024
9997
6705
5201
5233
9648
3855
1908
237
4860
4319
8936
6343
5017
5717
5378
8304
7706
3159
5169
3863
598
5847
2712
1314
8560
663
6470
2267
2656
9972
6351
5591
532
5335
1520
7385
4076
1560
7758
9470
1828
9277
5655
8906
5883
2445
8457
2129
2046
4006
2247
3985
267
645
2588
5695
8191
1939
6675
7604
5581
3466
8709
7572
7953
8415
1142
9509
585
426
6501
6850
6946
1345
1028
6033
3248
9097
142
2634
1698
7525
539
5217
8976
8659
1159
4918
5368
370
1185
300
2952
2579
7128
3380
4234
2281
3738
7184
3775
3250
7024
1580
2885
6363
7106
9925
3273
2440
1124
1038
4981
8572
9219
9901
4863
105
3499
5800
2314
8765
2184
209
347
717
4074
2298
5861
7729
1370
1285
2962
9808
1039
4312
7109
9394
7470
425
6940
6566
4590
4288
3185
2519
7420
4186
5242
8238
5240
2692
561
3848
8054
9814
2977
8171
1080
8157
2930
6407
1050
7853
1472
5883
8576
6110
1690
543
4119
9730
5287
231
7439
3781
268
3152
3454
2321
1412
3171
9324
189
3720
2458
2491
2228
3243
7333
2062
1812
2951
9570
718
6881
7194
6346
8824
194
7835
4489
3354
5189
6034
6078
6448
2872
3082
8901
465
595
6694
2134
5360
2317
1071
4807
1815
3413
1002
9410
1981
3713
2727
4803
3918
5761
9829
2537
946
5527
7222
5779
4603
3417
9537
8077
7111
8915
1220
8438
2726
5846
9994
9866
5340
8742
8922
5242
6783
5567
464
7601
8344
6515
3185
5375
122
4838
9655
8111
2607
1552
2206
1892
6738
4561
5133
510
8963
8356
8989
3199
5702
7620
3481
6153
2902
8013
2875
2667
1563
3797
8110
8935
9922
7938
9554
4537
3614
4650
3514
6702
8925
8170
9715
8194
4567
4256
6535
1351
9742
3736
4997
2251
9455
4557
4071
7419
4209
5872
868
3817
6141
8733
9867
3439
9439
4000
3308
8378
5863
8741
980
9002
4950
1370
4305
7835
3538
5627
5033
240
2830
4423
3409
8636
4480
1498
3776
9695
7353
2957
5246
7786
7392
1209
9209
5318
573
3449
5373
126
6823
1737
9152
9333
4486
2382
6461
8992
4784
7421
2487
1793
1223
3806
452
8554
4917
3050
1239
2301
5947
4549
8761
2671
4577
5519
2336
2275
1917
5426
7195
804
6785
5439
4322
1419
4673
8290
8995
2044
5501
2055
4095
7700
2284
7358
9188
7154
7586
2884
7577
1472
5319
9566
2775
4284
7686
9896
2595
1115
8406
8060
954
5345
9349
9487
4283
7856
8539
794
6080
9306
2445
8471
148
3908
7081
4273
8066
651
8500
6369
3387
5673
7454
5989
4433
7858
1839
2886
2561
3896
5995
4963
5939
6886
3562
6435
8553
7474
6313
6799
4636
2974
603
9115
9452
8970
1540
7826
7968
9175
9892
4272
9050
8496
9753
9962
5140
8044
8891
6411
9013
8529
7620
6976
2064
7007
8816
1121
6517
9123
1727
114
7104
7807
9891
2415
5029
3365
9340
5169
3569
352
1114
955
1297
6485
6239
5663
2152
7090
2714
8480
2961
7450
7504
2141
4237
3273
228
9251
9723
7297
9745
947
6361
493
4512
8413
4502
7245
4655
3294
9893
1473
2556
2838
2359
2946
323
5820
5336
5884
4614
6145
5295
9204
9185
4998
6514
2584
1623
3898
1554
603
7471
2949
7297
7810
5857
6159
9607
1957
797
9726
4133
455
7473
413
5294
8665
1550
5737
1784
239
9901
128
7543
1957
7830
6055
396
8039
6705
4279
8816
3396
5253
5422
403
3306
4151
4271
1674
7009
5662
396
8169
3337
5635
8079
2928
208
6227
8770
1157
507
8097
2659
7692
5162
4741
5033
2514
6510
9827
5440
2357
4393
8918
5295
6719
2097
5853
5474
4394
530
715
9313
6534
7231
9508
7573
5355
8633
7752
65
4457
8151
8282
712
7800
8130
779
5721
750
468
7766
8220
9639
7550
7272
4781
9274
7728
453
2595
2275
1287
3436
7636
5947
9124
8627
8365
6342
4787
4176
2864
6840
9657
9703
2545
3278
9923
6760
8148
7490
7890
514
7093
2858
3409
1016
1072
4015
177
346
8407
1362
8874
3636
6389
4868
6340
5814
9672
9602
5569
4238
3225
2068
6748
6627
9498
1425
5388
6151
6904
5947
982
6480
148
6727
1631
4260
6362
3827
3865
1111
3622
1868
7879
8426
9436
8308
6584
1319
3843
5575
1610
4533
2202
9395
7867
4549
7709
8072
5858
16
9642
2632
8169
293
5980
8055
9995
5594
2954
3335
5828
5480
1175
6942
4647
6803
1421
4287
7076
4429
2809
6471
6261
6798
668
6070
5958
974
8314
7659
4064
3630
5493
2228
5060
768
793
7428
1272
2559
1103
9229
9676
6569
6836
2730
8940
3351
3762
6454
7632
8004
8768
92
8069
610
9277
1268
5754
4288
9653
3838
690
4722
7858
3173
5270
527
1784
467
8299
6487
8143
7625
5995
4894
9383
9113
5424
5742
3078
5537
935
5866
5342
6163
8483
8055
6768
5368
9165
9474
3470
7422
794
1898
2810
7307
318
9796
5929
4101
8390
9508
1892
162
929
2784
8929
3960
6555
7300
8165
9693
2917
583
6496
6835
1898
9206
9937
8105
5356
7413
6792
364
2219
4864
8245
5681
2569
3887
1807
2178
5196
4501
9281
7060
3893
8518
4789
171
3808
1541
148
2348
8524
2719
6382
2928
123
3139
9740
8185
4989
8444
5368
9072
6177
7511
2717
7149
3002
8995
5555
8672
3011
5369
6882
2903
7870
4445
7372
6006
455
4562
5241
6383
4530
650
4020
3137
5783
1988
8637
5118
5529
3220
9878
410
1831
6116
3901
2306
865
5142
5548
6704
1796
5789
2056
5913
1321
4683
8766
8756
7219
390
7513
3348
5601
5958
1143
3357
263
6377
9312
9054
9702
2515
9276
8733
8537
4250
9758
1627
3910
2921
8084
2491
7485
2119
1003
6220
8035
4126
9528
9311
1949
530
1908
441
5685
9499
16
2004
1408
3533
2295
3601
6412
2375
8308
7330
4853
8593
4772
9861
654
7860
6274
6387
1062
5304
8328
734
5689
914
532
9387
1711
8674
1741
4786
274
8803
5757
9901
5078
3335
6247
2876
7875
5687
3390
2656
2887
6681
3074
2027
347
3563
9843
6147
7328
8401
2274
8706
2571
6351
4969
1892
4413
2056
5302
735
159
7283
3649
7970
8356
8668
1578
4872
4689
8910
1260
192
8904
8098
8126
8059
2119
5271
9150
6036
8957
9242
7438
4254
8791
7429
8639
8136
3250
168
8121
9573
8819
7106
8192
1241
7832
3635
3776
1365
4843
5866
5324
259
1312
3189
4344
1150
5240
8041
6403
8973
2159
2709
8940
8055
7161
5800
5926
8111
4999
8282
6563
9635
4977
7353
9598
3360
8657
3618
9073
8812
8798
1124
4544
7225
9543
5824
1192
1027
8379
6590
1655
1905
2105
363
1217
6940
7822
4402
7193
7153
8176
4618
5126
3483
2704
584
3652
3701
3243
6348
8628
2513
3529
9974
8020
4815
4679
8637
5563
3916
3231
3521
4453
4024
1870
1269
747
5254
4018
1988
6134
8365
7726
9810
5727
9717
2737
7237
3604
9490
5241
3391
2037
5649
9745
9399
1683
6876
5665
97
9338
3113
4059
9877
6110
9914
3132
3854
825
5041
4183
3162
5176
2048
4090
8988
3524
6306
2866
4085
9955
4123
8807
5583
4516
5854
1334
9256
2730
4708
5687
6979
3161
3317
3837
6841
9887
7549
9438
285
2790
948
795
884
2900
1294
9684
6691
6588
7611
4285
8189
1980
5832
1707
7585
7313
4384
7778
7366
3362
3009
6141
5459
5132
5059
7345
2800
3697
5698
5422
4867
8478
6695
6624
9492
7352
1664
7981
717
6802
6048
7899
4658
385
3714
5462
409
5570
9937
4007
2854
8031
6551
6616
8103
6394
3679
234
5582
8764
5742
1042
3249
9665
5954
2026
8011
9727
2367
7356
2811
4561
8063
7091
5687
3137
2122
8312
6431
5999
3327
231
3820
9491
4929
8184
3946
3526
6798
2457
5987
6435
2717
4412
3184
1140
5308
3728
9337
7670
4629
3863
9926
3370
8014
5506
1974
804
6806
5557
2175
3450
7744
907
6238
9508
9848
100
2626
506
7350
4111
343
8574
7646
1207
8706
6717
694
8242
3691
1179
7026
696
3283
7185
3241
3723
4905
9407
1491
7769
7219
1477
822
6917
4277
280
6559
1512
5345
1637
9466
7897
8137
8940
3669
7057
4072
3168
7546
6247
7675
916
8759
3627
4531
2397
6225
1056
5600
5658
7420
7547
5849
348
7859
6683
750
8261
2350
6256
8761
3509
6096
4144
8850
357
9801
1072
3829
8597
2520
803
1872
1143
3086
2300
9819
863
9195
2659
4753
7326
5403
3305
3668
5608
4338
9837
5811
5877
6172
7370
9982
6858
9324
2519
5458
8354
1304
1150
6537
1255
6107
8173
6480
6003
1705
7979
8259
3257
5986
7545
6213
9849
6047
1486
3354
9204
3790
5467
9859
2594
4568
766
2231
6499
309
8990
478
2296
6253
9510
8874
1582
4038
6656
8285
7095
7704
6632
472
2207
5434
7570
9963
5061
8314
6778
8084
7735
1224
617
1963
723
5665
4960
3209
4428
2893
5875
97
365
843
5855
3477
5350
8511
4781
7695
8628
8994
994
7240
120
8403
2218
8667
570
6433
3779
4735
5311
4782
5850
5622
6992
1795
304
9774
3780
2012
3238
6695
4131
309
2679
27
3419
8454
8721
590
5438
6195
6218
1636
6556
5783
7387
7327
3250
9497
5839
9276
8854
3485
445
9684
774
9682
5781
3043
4022
5338
4266
4145
499
3409
5542
4382
8301
3558
5222
7603
522
6518
2096
7707
6344
8773
8664
327
1938
2781
1613
8760
3861
6799
5381
669
7659
3474
3467
5736
7919
3688
3695
9706
559
7621
7532
3549
7435
6965
8609
5694
9492
457
3539
5834
6641
8733
1223
3823
6618
9336
961
7873
5225
7390
1613
7708
5490
3731
2735
7531
5187
6787
7977
7927
1273
8868
6337
3498
4565
7391
8968
3884
8506
8575
4035
5238
8516
1950
3438
1941
2849
513
800
6860
7782
5444
4142
7203
4316
5742
9438
1775
9620
4579
8812
4597
7957
9082
6229
1215
7406
1437
9359
9422
7144
7764
992
2841
3197
5538
2273
4796
3416
5081
1828
2230
8765
4910
3057
9805
20
4203
6483
6454
2647
2086
6754
5840
7774
1529
1033
4959
6396
3691
5976
6214
9922
5519
6769
9373
7320
6507
8905
8683
1375
9072
4314
3113
729
7692
3523
6510
2486
1786
1400
477
8336
7299
1544
5408
2153
2682
2593
2343
809
2068
3052
2423
5644
8106
7653
7477
6584
9139
3252
9337
1305
6632
4797
5154
922
959
6205
9110
8069
7594
393
1153
1250
467
2769
2255
9005
8408
3400
2817
7553
7706
6710
7152
727
5641
3324
5449
8499
1922
7936
3424
6263
2821
7053
3990
7151
1918
9687
5763
6225
9708
6779
9464
3944
948
8547
3704
3452
9528
5077
1094
7165
6294
7421
8337
9011
9082
1733
6015
9864
2955
9171
9507
4130
2425
4994
7076
4089
8297
5684
2270
5912
5708
7765
609
4189
5372
2811
1332
6872
4019
9212
3134
4820
5141
6501
7909
7887
1939
4056
45
762
4216
8821
9511
8480
1962
3339
6428
1494
3214
416
4115
7010
9391
5312
8483
1170
3349
5766
5464
1657
5928
2093
90
2990
2647
3660
8341
6563
6443
2383
4496
6783
9706
7644
5994
522
7908
6135
3192
5267
3587
7487
7842
1574
5848
9261
4313
2773
6724
1376
8067
293
3147
6310
9010
7844
9529
4910
5271
7900
2553
9310
3411
2673
8548
1710
2754
7487
528
4654
785
3882
4213
1554
5013
8227
7141
31
156
9627
6040
8247
1717
7908
7146
7514
4472
1757
2348
3600
7796
3294
1005
7888
3263
403
1914
9958
8220
1740
6347
6059
452
926
8589
9983
9188
4948
5698
6555
7644
6057
2159
9091
323
3682
9298
9390
2885
9206
762
6865
2701
9559
6378
7110
315
2170
7255
5393
3939
2799
8213
4860
4054
441
5958
8636
3091
8606
4444
5822
7292
7737
8300
5412
3589
3606
2746
5874
9400
1655
4171
1881
6362
4316
776
1908
1005
8874
3629
2170
7824
7522
8757
9043
8667
9000
9404
1899
4856
4441
3574
109
5918
8208
4178
2349
3080
5661
669
6046
7815
8154
7046
105
4484
5354
9675
2192
8025
345
3646
1308
5863
930
491
9064
4766
8974
470
114
858
2685
9665
2868
3247
9135
3880
6547
3291
1631
7426
4581
2414
6935
7729
9209
8760
2456
9881
66
5203
6949
23
8458
4024
5075
2709
7212
8091
5149
5797
7991
9196
4044
1311
480
5497
7399
6840
1904
9508
6608
6638
8901
1220
45
9418
7327
7326
9770
1689
6513
9098
8081
8209
9879
8299
5708
2643
443
4523
5028
324
9646
1832
5890
997
4899
2425
5611
2352
8722
8223
6780
4519
3052
9711
8294
9683
4866
9706
7960
3315
3705
7596
9675
558
1175
6599
2171
6743
1447
4516
812
6512
930
8838
3355
6331
1293
2131
7431
475
2523
1492
8099
3316
8891
523
1745
3681
8754
6081
7397
882
5263
912
6618
5576
1710
9991
5907
5394
9195
4185
6518
5820
7081
7521
5400
6203
9312
1623
4560
9050
4591
8819
1102
449
5262
2876
3503
9241
2757
1863
2907
8633
7691
6600
9888
2496
4507
8135
2415
8724
1171
2195
4489
706
5456
873
8853
5003
5513
7416
3384
813
8474
543
6544
5744
2899
1605
7987
574
6187
9129
9978
2338
9790
5351
2819
3579
8911
5593
7426
2576
1405
1903
3923
3094
7658
8779
7999
9739
6002
4139
9031
6535
6115
9228
9449
1053
3174
4826
5441
1465
996
2505
7210
40
4937
8066
8863
5548
2676
2351
2217
167
1100
9574
4269
8437
245
4864
4130
2782
3417
2074
881
7284
7372
9088
2122
6102
8468
2370
7510
1520
4072
3993
5113
9396
775
692
6999
3753
635
7939
1857
6864
1615
7939
1354
852
5712
2448
8100
8249
2213
5846
6379
5812
8526
4121
5842
9676
2164
4430
7134
1574
2075
9008
9432
7796
2409
2153
1650
37
9051
2958
7039
6051
7260
1130
4338
4641
9097
8892
1839
3148
8244
8082
9850
3157
5326
8406
4484
2032
6170
4780
689
34
2976
11
92
4635
8745
2912
4645
5713
7247
4328
8860
8106
6843
5241
4960
7174
6675
3672
4503
2065
1347
541
336
5367
5541
757
2823
3062
2597
9273
3084
4142
4577
5475
2283
7998
1911
2755
3300
2687
6703
8653
3831
6227
3557
8853
6804
8797
4393
7879
4559
9546
7497
2219
8300
3514
2347
2368
8319
4295
7700
9660
7149
9942
530
756
808
8213
3261
1048
5429
4957
5253
1797
6642
2229
1524
1587
182
5930
3320
1897
8164
8893
3543
272
8153
5063
6322
2307
3470
3809
7764
7229
9917
7416
2574
5766
8392
969
5059
3795
6555
9568
3009
6276
2517
7836
435
2182
34
3424
289
7833
2762
752
4049
4372
5109
1559
1120
9568
1218
3484
7986
6673
3171
2997
8125
1452
5503
7941
2579
3108
8497
2029
4465
8730
7303
9913
1802
7879
4723
4000
7339
5946
2558
8815
1833
2818
5989
9429
5131
7857
6347
5326
4542
4573
3972
4175
1265
1794
2841
9855
2808
8998
2446
7548
7338
1873
5295
2406
6897
9465
8385
9511
6147
5050
589
1168
5451
1796
697
4569
7365
7624
1356
8809
4125
2086
4838
4907
1581
3692
4193
8749
3516
1279
5509
9269
3563
8974
3698
9066
1649
1722
8629
1278
6068
9078
8771
2908
1833
3898
7167
9065
3029
7783
7396
7111
878
3455
7812
9723
7200
3437
6070
348
2465
1566
5503
6759
4723
3719
2993
7067
930
5476
7675
878
3327
2045
4381
194
2550
1491
7767
1090
2163
2106
4181
1486
9032
6061
3778
680
1119
6195
8679
3431
433
4401
4323
1526
9594
2426
9413
6471
4420
9999
986
8084
782
7748
6525
1560
3975
8705
7221
1707
9210
4619
366
9002
3983
74
5826
8561
6782
1518
7036
3518
433
2970
5924
9915
4220
4255
4500
7023
7910
5964
1170
8427
6739
4013
9104
735
1038
4038
3091
8457
6725
6961
5148
4541
4885
2033
2214
4316
4173
2746
7098
7811
6757
6536
3611
5687
2987
6500
4091
7464
2108
6973
684
7787
7861
3131
1426
127
8968
275
4852
4222
4541
3825
4565
8367
7442
8721
3049
352
6425
3423
8483
403
6564
2158
6215
4260
2538
6280
9711
9794
4172
9739
9378
8875
8385
7017
9136
1892
9499
7636
3960
8794
6750
7619
5492
8739
937
7345
2327
4492
2618
9532
2117
2178
3233
15
1680
270
3806
5467
6325
5621
6732
1198
9826
5044
5874
1791
1871
1466
7257
3691
3581
3895
4616
206
7835
8525
8589
8395
68
8597
6226
4168
9169
4308
9901
9864
1152
72
3736
1400
507
1912
9441
9916
2473
7831
5391
9705
5946
8239
22
7393
3361
6302
1833
9437
4665
62
7331
5847
4858
9067
3568
5874
227
1943
7114
5776
3031
1749
8478
1778
8633
1207
3916
3413
1939
9050
763
2268
5359
1261
1228
6467
1789
2088
9312
6912
3339
6421
5367
3878
6496
8643
3639
2817
1011
1420
9675
1690
3312
170
2556
5522
121
8242
942
9423
8415
183
6958
2569
1226
6179
918
8698
1894
2444
3541
6052
8531
1227
4483
525
787
6983
706
1154
6357
6339
1137
3624
4414
1945
6372
4340
2148
6758
4199
1339
390
8741
9073
2691
2424
4917
1114
7833
2552
1265
2299
7452
6159
7922
1733
1787
921
765
2207
5351
8978
2758
1887
9573
8211
9915
6792
8014
3578
8
5000
6147
7998
5922
8174
6194
2668
1414
316
5781
835
6280
702
2532
9207
3848
2259
267
1645
9806
1286
204
2186
5394
8676
9784
2675
481
1911
5706
1848
5966
2569
6174
3918
3872
1327
3036
9780
2746
1623
1343
6275
3569
7902
5243
9913
9820
6768
8473
7591
2776
6970
7067
1284
8102
2374
4128
6195
6071
4748
3892
8424
7529
699
8955
6773
6003
2267
1038
491
6521
5980
4567
3001
7063
4916
8802
2657
2986
9929
828
2113
4541
7734
8918
177
9762
7320
4338
3952
2819
8773
8261
7663
5407
4372
181
4666
3632
3049
8200
1860
8244
2510
7173
6166
3486
4220
3397
7700
4029
6633
7539
5909
7236
2387
1921
6958
4248
2172
754
3789
9623
1617
9657
1255
4033
8940
1049
7047
3715
3031
9439
8694
7442
3579
4943
7822
8325
2909
7871
1316
3946
9361
448
1162
6162
5337
8832
6566
3954
8564
1976
2226
949
2775
1681
8759
5392
5326
1421
9973
3310
5369
9674
6796
9930
3489
1699
8134
8399
7801
2089
62
7948
7281
3244
9282
7762
3238
5859
1423
8912
5090
7239
9667
2766
4423
9247
1443
9465
862
18
5878
4920
8763
6692
1836
8649
4331
3687
6758
3492
7856
4276
2519
7476
4219
9194
7622
5613
3904
767
1195
5785
5020
6542
3480
7193
4014
1158
1891
9325
4948
2292
3260
7784
9324
1738
9326
6200
1956
8113
6863
6344
1763
3589
5443
9146
2333
2102
2934
3599
4894
7272
4367
8691
5977
1712
9087
3746
3569
9013
9601
9850
5258
1737
4883
3535
2494
4762
2903
7653
3334
4975
4317
701
2878
1459
216
3720
3766
2889
357
8385
1689
4406
9293
8449
9487
8442
4118
3777
5466
3395
1984
222
3133
1743
4313
485
7070
5102
9982
324
7878
6393
6684
3981
4672
8738
6325
9605
2293
1140
6735
1776
3167
1879
8929
3701
5081
5170
9896
5359
4991
2454
752
886
7057
2714
1110
6056
6865
587
9302
3097
7952
6428
7572
4971
6708
2388
5536
5591
9447
5045
2372
2117
6661
4667
8446
7816
7298
7964
6194
73
8888
690
594
711
2381
6345
4184
6891
6565
7803
5088
2869
969
7868
1140
2158
78
4636
5602
286
2784
6295
7648
8091
2548
9144
6169
9581
2298
7094
1465
279
310
3280
6548
6169
2834
1465
3066
3752
9619
7466
4287
4284
130
4826
3430
5160
2604
6659
6182
123
322
8353
9055
1044
4145
8521
8298
4894
3592
1595
4568
2485
9632
934
6051
8804
3533
2810
2342
7986
391
3682
6181
2625
4835
1314
3263
2890
9426
3350
9089
4394
9541
5707
3187
5906
6912
4751
2916
4768
7766
5925
9399
4228
7242
1284
2280
6590
6851
4730
756
5453
3598
4388
6726
4012
3918
2722
8363
3667
1401
5799
8167
808
6971
9540
1675
8103
4572
6729
752
7620
8135
1538
6605
7885
2102
4069
5175
9201
272
303
3461
142
8113
2689
688
7730
7468
9861
4923
4073
9912
866
647
6381
2416
2207
9388
3193
7185
5345
3161
4161
965
2227
6828
6872
268
9182
8937
5433
5422
442
8249
5802
8189
7811
6061
4301
122
3786
5125
699
8088
2005
1271
4077
2296
4414
51
7149
8093
796
3556
9444
4144
31
4266
7948
6735
9944
6013
9479
8050
3304
7172
4274
4806
4511
7772
782
5118
9839
4047
1384
6961
4350
5781
4222
76
2348
5598
4891
7967
2946
6121
5520
3695
5909
794
5623
6964
1865
4665
6907
1065
3863
1021
6020
9241
326
4439
5839
9536
5815
8194
2081
3181
2309
8607
4803
1132
8791
3298
2051
3523
2810
7664
7450
5224
6761
4213
5089
9171
1740
9517
2586
845
7109
2795
4465
2881
3276
3786
1193
6619
3520
5365
829
8202
2377
1126
6623
8353
2981
5406
4984
3279
5277
9314
881
9273
3161
4675
7409
9172
9467
1982
5046
8456
3544
3950
8213
1170
3099
3367
7321
89
1438
3475
7349
4243
1028
7193
4012
9383
5778
7369
2718
6969
2238
677
6656
6492
4030
7318
3977
2571
5931
1780
4699
268
1919
935
1582
3092
6732
1268
6213
7545
990
2138
8442
6933
7312
822
4637
1309
4266
2174
1646
2517
8294
6521
7042
9987
5276
9401
4576
827
4760
9086
9683
5072
5986
7224
5342
7630
3156
4911
8377
9193
3132
418
8527
1543
6180
1503
9652
2290
5567
1621
7341
4162
2251
9687
6236
1651
4915
5324
8509
2354
6824
9747
2995
3805
3926
61
7284
4367
1046
7583
1564
6463
8572
5701
4876
639
2206
9363
2297
9178
204
2352
6255
5763
881
4268
3129
115
4299
477
3008
7683
2379
8188
246
3460
8471
1864
4286
7208
3048
5016
7572
4143
30
9695
357
5675
2756
5839
1879
279
6023
6456
4315
5837
7349
7099
7769
2946
296
8606
9625
3435
5198
1193
6997
7001
6338
3292
4970
1917
2936
4021
2147
1457
18
5922
962
8909
4047
6898
1133
1822
7237
9404
2703
5977
4747
2036
483
8613
249
2717
512
9238
5815
3158
1706
3779
9836
334
5028
3513
3908
4102
8764
2023
6097
6483
9415
8251
5093
1678
3094
5869
9498
9565
7951
8770
8314
1250
6993
3799
4410
3000
5125
1221
7540
646
9284
9597
9437
4083
6536
7896
4456
2839
3122
3542
5749
8285
9064
7418
9550
1005
7134
5302
3813
9652
9279
3016
2877
1280
6695
5786
8867
8351
5888
3422
5925
6390
8659
544
927
5247
5400
1236
8243
439
28
5837
3988
9547
9084
6630
7255
1380
817
8315
5334
7974
1948
5399
1831
9392
4620
2180
8613
6614
2745
2375
9980
4574
1217
152
9005
340
3981
4049
9477
5324
3344
2271
2894
1324
4024
3692
3727
7324
9347
2664
3326
2510
7096
7915
7238
9243
6833
2975
8249
9864
6618
6105
5352
1464
3517
4560
6062
5824
3988
2385
3566
4892
2080
4497
9879
461
84
668
7253
6950
8119
3734
2436
3839
9104
5319
3013
471
747
5390
8769
860
764
8735
6005
2387
2339
9735
7246
1741
6549
2503
1773
7083
3744
2520
3812
5696
2293
6627
5334
8478
9240
2436
9303
9253
5222
5657
1806
2118
7108
391
6404
2367
7825
5092
6777
8301
8939
5364
2842
1583
5911
5785
2046
6237
7194
6995
1981
5109
7325
7929
4904
9040
9643
464
5305
572
7615
4395
4706
5799
5835
3947
8688
6348
6569
3545
2950
3749
5572
2493
8087
1372
1329
9720
9863
9707
3359
7767
2395
7326
6612
7686
6872
5948
2769
9244
7160
9796
6313
6655
4340
8157
1890
7002
30
2600
972
3372
4426
9505
513
5033
9057
9904
9203
9891
1750
160
8909
3645
7019
5034
5696
8128
7228
7545
7808
6118
2517
4460
978
3815
4172
7770
5303
2728
5484
8762
2029
2400
5724
3155
1246
3629
9848
2635
3189
5004
1832
5315
1708
2240
1522
1742
7011
2852
2645
7051
337
3294
2420
9085
2447
9621
1970
3077
4258
7397
8915
1472
9074
1068
7531
875
5852
7824
4497
3505
4255
3323
1960
9342
4132
216
4140
9280
1114
2231
2214
7899
3053
3309
6599
2700
4054
9244
2349
1633
2967
89
364
6794
3342
6947
8323
1800
8372
7622
1974
869
7932
406
7182
4710
5825
3392
2187
2268
6908
3892
9434
6132
6661
2707
639
6415
2556
4940
9412
4628
5588
7866
7310
118
484
3030
5017
1781
4852
448
212
8436
9432
546
7173
2107
5295
5632
5639
3996
601
523
6982
6791
6607
515
316
8173
4916
6476
5859
1124
1984
8233
8432
6096
9950
5908
6448
4411
6293
6866
1472
1055
6238
869
1640
3634
14
818
8469
9421
9633
6484
7192
6937
7972
5275
2144
3037
9225
9354
6738
3790
9558
1293
5083
9675
7934
3806
4247
6670
8769
9855
514
6749
4137
4873
6758
1964
1475
8549
2204
608
265
8221
5788
4461
3881
4899
7352
7775
1466
5258
3022
7092
9163
8001
8567
1474
6005
1369
9867
8143
6996
9376
4520
4403
7131
4544
5070
4702
3578
577
2390
729
3574
504
3499
1791
2122
928
230
3231
4533
3570
4455
6698
556
8268
319
8993
4718
5457
2886
3284
6842
5767
5998
5165
8515
5488
8015
2320
5021
4037
3929
5428
7460
5798
842
6607
7496
6891
1126
6574
4118
3182
9007
8573
224
9027
5346
9456
9515
8668
1918
3553
21
8903
796
6523
4551
7637
2841
7300
9909
880
4626
5158
7482
5497
2493
5214
2398
6245
6477
7775
994
737
7078
6088
5375
9190
4926
9706
4189
325
3306
402
7807
7525
9472
3004
9918
1887
3565
1367
1500
4637
1872
5703
4853
7751
9138
5304
658
89
793
3842
3635
5027
3819
5108
7163
2384
425
9857
8759
9345
7494
1541
4014
6131
9012
3372
4832
8963
8415
578
1378
224
5977
1699
6473
278
7661
1630
5409
9454
9711
9321
5252
8994
7986
7289
4710
4926
2394
9842
3751
462
4896
2121
7413
1607
7185
6708
4337
2411
3929
6271
1810
8335
9544
5967
6893
2015
2441
8174
7048
5130
1052
4904
8676
6450
174
3878
1302
4898
4971
9126
4919
9538
4848
1103
3477
9454
166
2564
748
6
9422
5658
2855
6732
5027
6058
8450
5492
2960
3796
6517
2908
8924
150
3381
1650
5113
4174
7885
9263
4228
9087
2149
4335
7620
6499
1700
92
431
1618
2120
9128
1004
7834
8195
965
727
4747
2190
3700
3822
9538
2353
8273
9051
3515
2475
673
8127
3701
6389
8788
9334
1116
896
1865
6691
4897
7296
2029
5976
4896
183
7845
6691
3787
7793
4069
2272
4424
8341
9836
8731
1919
6115
5293
256
582
7835
717
8211
4871
1629
8398
8403
9487
4326
1505
1480
4718
6108
7389
6224
2528
7541
3632
5115
7157
8747
2840
1792
3740
4983
579
1125
6305
6213
9390
7129
4081
5119
5570
7904
7264
3599
7456
8245
5072
5071
6704
749
1137
3529
5805
9772
891
4713
4646
182
6263
811
1793
7010
3014
7574
8147
8680
5588
5742
8912
8892
5172
9623
1148
7934
7493
9331
1626
7123
7414
5700
6237
2637
6099
2170
2019
8514
432
9136
8757
4595
7395
3778
4221
668
1460
6255
3064
6449
7960
9743
6477
8701
9308
1128
4330
8581
4752
6306
6864
1013
9608
8870
7476
3392
6764
3787
4236
8966
621
2333
6076
4336
3692
2206
5787
7254
5104
4366
3576
9447
338
5211
514
6574
439
1968
4195
6953
8548
6405
416
8896
2563
7587
5630
8286
8911
9304
8919
6577
8665
646
4331
5470
3647
245
4229
4818
4918
3228
3094
5219
2361
690
4751
647
6472
6166
8930
4901
2218
7798
2496
2655
9928
5825
8682
2219
2178
7055
1100
9641
7165
6020
1867
2018
9297
3390
4183
5060
9887
3498
9605
4583
6669
9234
1792
2249
8449
2710
7576
1259
5519
1640
5671
8255
8479
5589
2721
5887
8622
7321
2638
9587
5821
5230
7845
6011
9148
5203
1820
7292
9424
4140
7926
3640
9339
1397
3824
752
1975
5119
19
1174
8414
7352
42
1100
4416
5929
3159
350
267
4443
4600
494
5636
8068
7410
6886
2979
6178
6575
9430
7842
1488
7624
6849
4660
4384
7649
8549
1266
7250
4052
4422
6060
5834
6681
5035
807
2911
9515
7435
9403
8039
5015
9022
6449
6819
3800
7635
2487
8949
2190
4244
5561
2065
6023
5903
7375
8473
8742
3178
2554
6362
8024
7611
7027
2275
1211
5621
2557
3023
7651
3611
436
1204
8503
3148
4606
7475
3490
4578
3579
1650
4822
5458
1185
941
9556
2399
3288
7378
5258
6391
7303
4731
1039
6918
7001
1212
5721
7895
3965
9418
9458
1333
5545
1694
1154
6724
5479
8378
7210
200
9935
6314
1590
1603
2020
1515
4086
4438
9144
596
2764
6098
864
6082
8287
7843
9042
7815
2663
9226
9176
163
1716
5425
537
1699
1095
9318
9804
4370
1386
3234
8247
421
5205
2049
3949
6164
9218
7970
4768
1935
1049
9207
7473
6511
3537
9176
9522
6762
3153
8603
1924
1481
5944
9335
2819
7186
2688
4865
272
9187
4481
3371
846
8906
1745
9879
3518
3329
4431
3025
6038
1149
6581
9567
3770
796
6259
3215
4674
4965
439
6577
2723
5708
9198
7207
7942
659
4326
5635
6837
7990
3155
6057
3747
5184
8144
9470
975
8349
2138
3461
5328
2083
8304
5087
6444
2922
8800
2559
7238
6629
6280
2505
2346
5705
2965
4154
9436
7363
1863
959
6522
5914
2039
5349
2062
7347
3140
8841
4225
8203
7179
4471
5519
3437
3423
1813
8121
7450
2582
2733
4406
4109
1505
6370
5840
9920
467
9324
3074
7888
7549
5724
709
964
936
7085
8166
1395
6454
6034
5506
7934
8632
7798
4099
4016
6815
1515
9817
7912
2985
1160
9643
3400
2998
9786
5822
591
1221
8823
5112
347
9508
698
3108
8251
9238
9626
626
2925
3160
3660
5135
5539
5594
6792
6076
7082
9793
6088
4772
2398
2716
4126
7324
3817
1002
4410
290
4993
1811
450
8661
6789
1729
7831
5934
4786
1449
4746
8073
9303
521
9428
3085
4698
8280
7265
9141
779
1610
4812
3403
1167
8970
5185
6949
8422
8518
7937
3221
8908
4522
650
1160
4572
5873
5787
7325
3299
6563
3057
9152
7304
8655
9191
7991
5268
2109
927
7469
2407
5204
1817
4592
8076
2702
4058
4813
4784
4997
767
2681
3617
9876
4052
3361
2661
6702
5477
3341
8084
5012
4926
356
6489
6176
4878
44
6179
5387
1064
6018
708
4231
5007
5125
6919
5000
9965
1709
7373
9492
5912
5650
9254
7121
1288
2903
1720
4316
626
6089
3021
1287
4812
866
6332
5226
4843
5224
1720
9390
4677
6604
7608
3055
2977
5850
439
8409
9611
6417
1098
1948
5453
8178
5618
3022
4992
6297
4304
1232
7145
4500
1579
8192
6389
6639
3055
7585
3967
6112
1712
1550
5556
5853
7564
9288
4695
174
4700
1122
3423
9327
2461
8301
6948
1603
1598
4893
3537
6505
8584
5974
3274
7495
4948
7435
8675
488
8258
6481
4016
3127
3396
8934
1846
3943
5802
2429
5911
3487
271
4290
6544
3230
442
2107
7622
7792
4711
8909
5129
5895
9501
4176
6139
316
7759
9668
452
4217
2585
2212
1786
7507
9379
4081
2884
3882
6629
1135
9441
6135
6786
3666
1108
5567
1948
9890
5160
1843
6548
5132
8597
4791
7970
2513
1067
9918
7279
7856
8866
2962
352
7434
4184
3704
2533
6861
6087
4677
143
6964
7449
8088
605
7412
4938
2446
340
284
1198
9339
8847
2283
777
2575
1807
4002
2253
8059
9322
2708
1680
8738
8588
7888
5266
7211
1377
7777
5568
4191
5311
8566
9935
2528
9602
8564
2019
5443
7919
8156
6998
1010
3018
3130
5845
2622
1264
2710
8918
3768
829
7159
4241
2411
2712
1379
764
8127
7365
4277
2450
7877
3049
1089
6928
3924
8765
2242
6696
6059
4319
2357
2331
2897
3641
5650
3581
2241
8328
8010
1708
8790
5042
2516
6803
5656
9226
8028
1609
6187
1718
337
4649
7739
3486
4518
899
6975
1586
7139
5434
9022
8832
8848
1258
5217
1703
1225
1323
4392
4030
1934
2343
132
4052
6427
1339
2787
6731
1591
1721
6258
6950
4662
9887
53
922
8784
3710
6247
3719
4054
6965
8932
7262
3690
3322
4183
2564
5848
459
6357
1005
2358
1880
8188
8740
2909
5782
7468
9918
6944
6909
1337
8502
3533
581
6447
5238
7522
8940
2904
6568
889
987
7009
2682
2716
8484
3011
1548
7753
2444
5247
8146
1942
7301
9024
5155
1461
361
2352
3642
5708
4032
3110
2890
6101
1606
873
9939
9302
7154
7563
6744
3982
7900
7590
3306
4401
4410
6462
6800
6743
2555
9767
2703
7047
8655
236
6876
33
9744
5784
2468
9239
6959
2257
1025
4597
2784
5908
9541
2714
7855
2996
7654
6985
8456
7768
9599
8151
9357
2870
6941
4253
1770
896
4671
4953
7483
5344
2312
3947
6125
5499
4686
2934
3833
1380
7774
7034
5838
9289
4377
991
5293
8916
8248
4470
2359
9547
3348
898
3630
9122
3973
3352
8545
9747
1263
8238
3103
3951
7438
9192
9154
7969
954
1185
1916
4504
2686
488
4157
7354
7707
8956
1715
2596
6382
8023
777
198
4050
4435
9636
1066
9481
7606
2482
1697
8400
7368
3564
4608
5244
9497
2101
1404
8249
4554
6754
2297
7350
1745
3507
9147
765
6300
4648
7344
3742
4050
1279
4532
2964
9364
5879
7377
938
959
9472
3156
8639
443
1739
3093
1224
9524
6485
102
6046
1706
4002
399
1726
4601
6943
9901
7550
7157
185
6292
2485
2260
5833
9340
7196
7925
8089
3404
2776
2361
9857
3602
4778
6077
8129
2348
8539
9183
9586
7309
3628
6856
8852
4072
2143
8130
9342
2352
9462
5528
6403
8240
7641
1232
3787
3091
8954
6575
8163
2978
2605
2774
4810
2796
9175
4848
6889
4773
6452
9291
5039
931
7548
3291
5723
315
8020
3340
7971
2377
3365
4567
8831
7642
1088
9422
4366
3213
34
897
4527
4249
7965
3209
3190
5316
4521
6998
4123
1255
6665
5536
4608
5296
2599
7033
3831
9885
1047
7447
2827
1338
3145
3716
2510
1150
803
545
6528
9336
6619
690
4008
3550
2521
257
3727
3576
9540
5821
1972
6818
4709
91
6035
6594
8219
6328
5020
2622
9407
7639
551
794
6282
7768
6198
510
2792
5646
3975
7517
3811
4367
7474
1494
5788
3762
1624
7804
3228
6945
2925
1481
1118
7755
9831
965
9973
1173
8448
7096
9973
5071
6649
9146
5116
9659
8156
9504
94
5769
399
62
36
6315
139
7343
2835
1147
2183
9991
5903
5698
2694
5650
1738
7632
6883
6891
3652
8073
728
5999
3028
6375
3042
525
5460
6683
1931
6798
5098
8796
7705
8939
3268
5194
4991
1001
8811
3582
7803
2919
1434
777
5693
5322
5788
7752
3121
3630
2510
4309
4273
565
6071
9319
1158
1384
4681
8728
7975
7164
6953
7370
4634
8582
3532
452
2202
2179
769
505
2657
8029
6556
9922
5389
1887
6398
2360
632
2193
391
439
9504
1403
1438
336
3265
7808
7530
4839
3999
9388
559
5854
8595
5209
6160
1853
3122
9784
5838
6253
4295
962
8772
587
4496
6221
3274
5685
2324
9106
8483
1517
3053
7497
6209
4220
4573
2827
6787
9295
9906
2045
7286
3098
9316
6745
6939
7434
9978
1905
5137
842
903
6631
4910
3573
3943
1936
4247
9615
4111
8343
6230
8404
4062
2833
2911
8793
6521
4312
2503
2073
2580
8405
41
3092
6006
7656
2750
9421
1270
8461
1220
7957
8791
674
7055
8888
440
9339
7706
6621
3822
8142
4317
2190
9006
3008
6413
4578
971
4134
2660
9532
8290
1707
5900
7509
9901
8678
3819
2946
444
6333
5892
7859
669
7887
2677
1223
522
485
8017
5280
3139
5394
2254
2612
6249
1120
4519
8340
8304
360
9795
5740
3781
9527
9289
3340
2848
9360
644
7803
6715
740
571
7774
17
3506
5352
3608
4810
4332
6083
34
1740
2714
3952
2369
4870
2790
2339
9455
519
789
7608
8094
6984
4688
8284
3968
1609
7456
2843
4690
2623
3527
527
1564
9824
8025
4951
2732
8197
3075
67
5500
4387
4841
8967
9073
7497
2544
4259
1234
8852
1681
9578
7329
2543
9461
5824
1867
1587
1323
8690
783
9651
4599
7129
2840
4389
5419
9530
2120
8677
9935
7242
7009
4139
8842
6004
1973
4630
6725
8313
4530
4545
5010
9542
8604
8200
7558
1766
6493
9315
2091
675
8513
5212
737
3975
2707
9365
6328
3592
5531
6929
6698
3322
1107
7019
2564
2913
9389
5332
9409
9357
4812
9265
3375
3380
8119
8149
8989
6838
7976
8109
1988
6623
9020
3042
7353
3892
7500
972
6345
6592
7347
8449
8643
3357
3548
8182
2097
5886
7896
8957
3896
5210
4135
2829
9721
9006
6975
2139
1402
7679
599
2359
4493
8727
7274
429
9087
5685
7811
2092
4673
5572
9154
9917
5531
2394
7997
5035
7647
5405
2323
5887
5405
1283
8418
3376
6638
4472
4899
3253
9320
8860
7709
7216
8200
7566
3320
6471
6714
3627
9838
8027
3291
1717
8838
8120
8800
9822
4950
5661
937
187
1742
5477
8839
5954
5029
2422
4301
6601
7123
9434
542
3971
9990
8058
1339
8513
3200
3485
7279
6923
5238
4764
9073
4789
7005
6348
3028
8227
2439
7724
918
9677
7855
3255
4119
3500
2436
303
1945
3577
7863
252
9097
3245
1244
5671
4540
4442
495
1020
1614
4860
2621
329
7905
465
7396
7937
8426
3852
9665
9877
1816
2831
7405
4496
8456
7570
8918
3567
4882
3242
4248
5825
5487
9846
5953
3719
2292
533
6936
7706
1771
6157
7709
187
1459
8553
9162
1261
8883
6011
6271
3190
3017
7806
5459
6403
1741
8055
8928
9521
8735
2664
5997
414
5488
8811
5147
6782
9148
165
6821
829
7485
2028
8994
5529
5691
7752
9305
4339
8736
4837
5666
4728
2291
6786
10000
1807
5812
609
5783
4942
4939
7671
6583
8042
3141
5560
5902
5344
7867
3554
3059
3864
2490
3154
7124
8267
7527
6657
6256
1256
7249
7608
744
605
8558
5033
7372
6613
5323
1716
9665
8781
7568
8630
7768
9142
8437
455
9655
9470
3808
8229
5366
7581
4623
4933
5305
756
222
5831
5170
9505
9065
8899
6089
8914
942
1657
58
1426
9433
416
5660
8711
8751
249
7420
3929
2465
8249
1867
8752
7677
8830
9929
7632
7958
7996
5670
8669
515
380
2024
1659
2711
9216
1519
5715
9039
672
1429
5051
3499
5281
1819
7805
9813
8249
3034
3360
3729
8695
9523
3622
893
8938
2767
9615
2702
315
1477
6826
2737
8562
6134
3593
4768
5389
8838
1680
8958
9972
9129
3043
4951
6514
9622
3423
8173
7672
8175
2459
9066
9002
1096
2137
3935
7417
9105
9361
2507
616
6624
1987
3600
6335
735
3503
5063
6710
1883
7347
4657
8762
5989
1028
1554
3400
1941
4081
5824
3204
9109
7675
2365
6339
9852
4016
3104
7291
5563
6462
6277
5827
8262
5597
5210
7586
4157
1524
661
3642
8109
4986
6714
9973
2849
2351
9612
8920
2169
9891
2764
1583
7005
47
1939
5812
610
4897
9473
4871
9308
909
9342
2161
9370
2380
7040
428
2639
1932
6377
481
7511
2192
743
1337
3996
3058
8542
5898
9210
5487
8208
9424
4568
9813
467
7681
9499
431
8503
6974
8551
3158
3509
9456
8455
3328
4779
4952
4846
40
6108
1567
7024
301
3481
4450
5109
4719
9451
409
3772
1703
4370
2165
3739
5100
8367
8169
3822
7172
5776
5498
3647
7089
444
7804
2089
951
3788
7282
7485
3857
9731
9290
5005
8796
8188
4778
3993
8855
5145
7553
8091
7934
4796
6100
8380
8187
3656
4821
6186
5251
3857
4669
8658
7411
6574
2671
5308
9750
5016
6488
647
4271
3792
9556
8491
4126
1826
8009
2361
8493
6286
8013
8313
4435
5056
9270
9859
5832
8135
706
7996
7456
8980
8202
8302
3645
60
2515
4066
9083
4767
9566
2147
8951
9576
6142
1074
5778
7856
5439
185
37
9168
2378
2365
4151
9438
8177
2210
5296
7423
2336
8985
2393
390
8084
3285
4720
7593
1117
3175
4700
2057
1600
5989
530
1774
8767
8070
2240
3358
2865
8976
8319
445
7653
8884
4860
1733
9929
581
257
1565
7802
6713
2097
80
2959
9110
6629
1916
3238
4652
1005
6695
613
3094
2356
3617
4498
5067
9226
7787
4761
4275
2160
2061
5624
8793
7532
9377
6743
5073
4160
2124
4146
9748
3004
127
3633
5278
8228
594
9649
7780
6746
7590
721
6095
5597
2701
9139
3420
1121
4382
8324
370
1851
6786
410
6344
138
7543
3630
2676
1347
9692
1227
5701
6143
9335
4393
5399
6751
268
1826
5633
711
8564
3749
3565
1682
3104
7440
6414
8030
4550
8468
8680
8255
8930
5222
9564
853
48
7638
2803
1973
4604
1042
656
2178
9100
8847
8589
509
8990
8910
273
2413
1591
204
602
279
7768
2803
4611
6053
9441
7191
2680
743
210
3719
238
4003
3970
7538
5546
665
4172
5226
5568
2019
5274
7022
8118
4111
8863
1304
9055
7700
8139
7650
509
203
2478
6295
8036
5448
4948
6223
6919
1663
534
6991
88
4073
7947
2467
1299
6102
368
3562
3529
2041
6310
4340
8985
8375
1340
8231
3536
8847
2340
3900
4384
9931
7380
320
2436
6227
1614
2505
593
4193
2966
2722
4030
1090
5915
5409
9136
6609
1478
7012
6150
2166
3371
6312
7793
9065
3039
1451
6458
6547
8625
8303
19
2979
5863
8766
5872
749
4807
2184
4469
7262
1362
2740
7934
6239
5173
2012
3621
2790
6752
6099
1945
707
7564
8555
8594
3777
326
1257
5532
5123
5800
9928
2705
7955
2542
4210
8298
4584
2891
50
3672
3116
4955
4065
7388
6800
1553
8221
767
9930
1272
8144
712
3477
7391
8836
1549
4026
3931
5958
6076
7015
9711
9262
7503
6771
7958
5625
3728
5779
1073
5593
719
2658
3878
7930
961
1861
5853
1380
5491
1051
9796
8908
1604
5490
9627
3225
7448
8086
7608
5129
9296
8534
559
5761
1400
9131
6697
3696
1400
7960
4027
2373
5990
1973
3614
6317
1796
880
9515
9439
3035
7717
4947
915
8097
5196
5996
8084
4138
9258
4217
6367
6884
8746
3414
6618
1535
8501
4772
9907
4714
2925
6173
7271
7372
7598
6717
5748
2870
7551
1539
8332
2067
410
9773
9241
7928
5772
1310
2141
7370
9273
6009
5390
1411
5678
2565
3500
3099
5523
5206
4656
7553
3784
8672
1268
5849
1260
61
7393
8051
7204
9110
5429
5287
3047
5074
1816
3317
9891
214
1805
8898
7799
5851
1202
9884
3312
6082
9971
2300
4746
3278
3943
7421
1794
265
3561
1199
8263
2709
5235
94
2537
5245
9956
2678
1905
6309
9719
9621
7421
901
6738
1214
3712
5831
1099
926
4986
7591
9307
1922
8920
7124
7057
8651
1748
9791
4028
2593
2227
4501
983
3017
6156
3784
9632
5840
1733
4173
476
690
569
8455
4942
5751
8582
5921
1553
5245
9273
6808
3752
8645
1342
8120
9531
7787
3282
5839
6167
2352
6052
4950
1755
7096
9041
8008
2034
8565
8704
3117
4796
285
2273
4988
2354
459
3710
3397
7074
6327
3200
6242
5103
6024
9712
6035
1703
9940
2363
1357
6643
6387
5780
9068
6485
3152
8922
7876
1598
2163
1487
2604
3500
7235
959
2196
4115
8536
9575
6397
7230
7058
8034
2145
8962
8559
1487
7717
1565
5433
3275
330
5901
6521
2941
7998
5789
862
4652
296
1756
4006
8268
2537
1945
8433
211
9240
3267
6056
494
1095
794
4100
4926
7353
9753
6457
9394
4778
2183
3437
7469
4086
9326
3660
8778
1112
2478
7911
5292
9425
9946
9165
391
9955
6571
9482
6283
2845
7168
7808
3742
5416
7190
8725
2412
8565
4913
8328
6645
4914
1353
1383
9559
5670
8877
3878
7406
2305
209
6154
5497
3103
9054
4686
9139
8127
328
7058
2525
4564
4262
7171
3985
6534
61
752
9843
3781
2297
907
2524
3522
6858
2922
742
6597
7338
611
4723
2166
4110
8989
4376
343
502
4670
1750
3873
8968
5349
8709
5401
5088
4693
5706
7446
370
9888
5880
216
7152
8169
403
6642
1770
1680
6030
3280
5268
2299
2175
9174
7831
5956
9898
8028
7713
5016
4586
4640
9677
3833
616
2114
6669
4123
8348
5346
8506
2032
5321
4951
7872
9412
2103
8127
1931
2700
4638
1028
8178
6268
2091
1650
7016
727
712
7829
5848
7553
3396
8515
2823
4137
2646
8790
6812
8851
2931
7353
5192
730
7434
8669
9356
8637
9387
1625
2886
9391
409
6293
8651
3492
7943
855
3838
5306
4185
4996
8630
4237
2363
7370
6702
8613
9700
6511
9603
9082
450
6918
5632
9010
4816
439
1618
7220
5036
7094
7850
421
6297
1343
8998
3450
4780
6678
2154
3859
9169
356
1776
3821
2339
5642
3258
7452
451
7213
5866
1160
2528
6475
7575
8279
5655
32
870
6053
4111
1626
4393
495
5702
6412
7177
3340
7081
6640
5441
3840
3317
9689
4284
1591
5210
875
8894
7633
9692
8979
7894
750
5751
372
855
8163
7155
2871
8186
7163
9892
2875
6372
1639
3771
961
7024
5722
8725
2800
1010
7560
3960
6342
3518
9942
3880
9659
261
2558
6407
9271
4072
4333
5228
4057
9385
7569
6886
9473
3551
9417
3721
6460
1819
3858
2390
776
3034
1418
794
9494
5899
4992
938
2796
336
8653
8717
6235
52
5831
5074
7180
8980
9877
4841
6065
2952
7106
7128
2859
1413
5814
9159
1608
8851
278
9147
5311
2884
4588
2777
8648
8545
8062
4844
4069
6160
6041
4642
1942
5878
8550
1375
6129
2993
9569
5094
4829
9703
3935
3315
3038
260
2748
1713
198
3657
5569
3330
5234
6448
3057
1917
5203
3745
8294
7736
8103
3490
2523
9753
8731
2895
8071
7588
3355
7696
4119
3059
346
262
9561
300
8444
7199
2520
3957
9416
6035
3680
9540
4438
4990
3735
414
7369
197
9085
9419
9126
3064
3771
9854
6223
1175
5390
3065
9343
3848
4124
3981
1450
852
177
7939
7678
111
6592
7367
6981
5645
7857
9127
6164
8157
7812
694
8861
1628
8347
5399
400
9199
8867
5360
9285
1999
6794
4323
5165
5652
8804
7653
3973
7482
7788
890
4230
6387
1297
9500
5391
7487
7198
415
7076
7059
399
3143
9465
306
1360
1428
5537
7588
8174
1491
1491
9814
9504
7631
5322
9608
668
8259
4560
8464
6654
9083
8412
743
9181
8280
1340
107
4751
7142
6351
3969
8109
6938
1879
8831
9642
5497
2306
2716
7077
3078
5633
2228
2436
5579
4131
904
6086
3880
5554
7664
8365
8558
1942
5650
6362
9921
5668
3060
5885
9296
5345
8349
4128
3166
6492
5974
3902
5082
5238
3706
3936
9194
4446
9253
1095
752
2506
2901
9233
137
283
3134
5346
561
6666
135
3720
4662
4391
6722
5808
430
9613
4873
1886
5979
3577
8123
6431
9121
9819
5626
4311
4081
2504
2314
9949
1389
6901
5455
1709
3641
4256
1838
7978
4064
1262
1329
1401
1542
8622
1503
8709
1378
4167
7091
425
9194
598
9069
9739
4613
7267
37
3145
8185
6595
108
798
6600
5704
6843
1396
5005
9855
8070
2427
3561
7823
326
9108
8218
4011
7241
8865
580
5293
8106
7869
8377
7881
8494
4588
2797
4111
8385
5648
4486
1770
1972
716
3150
8578
8948
6963
7838
3694
5870
7347
3533
2214
2324
7672
9247
9444
5770
8772
8107
9975
3267
3036
9728
27
5873
7280
7306
6412
9271
7956
7164
4343
6426
7762
8569
7494
7179
1200
6935
3225
7989
4980
6140
3972
884
3331
6367
3259
6841
8839
3529
2837
6689
3666
7532
9759
8302
8927
4592
8469
4523
9517
8407
1987
4638
4667
6145
3251
4721
6552
2087
5320
5857
595
1319
9035
1630
9070
7096
7986
8978
8376
8699
7235
9482
8707
1238
8063
1220
5706
4008
4972
4816
4859
1720
6165
9565
5587
5460
3456
5575
5970
4332
5194
9102
1534
9755
5718
7428
1509
5331
8315
7785
1864
2108
2771
4329
2771
9903
4828
5508
5117
5009
4936
8129
5834
3887
1424
7670
1923
8674
8135
6272
1587
4179
4149
7884
5924
6835
9621
1267
24
3112
2940
2951
3221
9873
5333
8181
1787
8774
9523
9128
3866
173
9023
676
7683
8793
7256
6167
9945
3540
5859
9919
8157
8980
3032
9315
9999
3282
6853
9794
4593
8595
3923
1663
8094
9437
9811
3461
8016
81
9724
3530
9336
9334
5849
5044
4568
9708
3757
2351
5368
2739
514
3127
2146
4176
3294
5707
1756
8696
8360
2533
7781
148
131
6049
9262
2112
8046
4389
1187
8148
1048
9358
6848
8533
3755
6033
1888
488
4489
7102
5340
2954
7099
3256
2940
2895
2755
368
8224
1497
5258
1853
6191
1035
4959
2192
4235
6032
8711
466
325
105
1467
8227
1454
6418
7664
5259
3337
7637
4169
1223
5909
4729
3159
7443
2276
4791
9076
2096
2608
4380
3840
2116
6347
8790
8798
9586
1576
885
5294
9691
7993
4161
2807
5867
2264
9419
670
7645
7070
8931
5974
6802
8592
4575
2272
6198
7239
282
1019
273
2368
1045
5132
8844
2189
6911
7362
7977
7608
7068
1179
5810
77
4327
5329
7358
6738
2007
6073
2156
9193
8903
385
1978
5762
6627
4437
45
3414
6939
2717
942
4065
3453
5882
3798
5578
9745
3362
2290
7321
6967
1805
9931
7174
8353
5981
4734
5723
3670
7147
6215
1109
6869
907
3086
4330
2480
9301
7521
3196
4712
4685
4948
1965
5490
3038
726
6580
1604
9959
2647
6516
2580
2816
9301
9741
1357
9579
8672
2760
3625
3879
7419
720
7085
1704
1424
4316
6511
659
4738
7590
6081
7781
3952
5236
2275
3256
9207
393
1655
4062
6178
4659
5658
9311
5465
2818
4703
3182
7900
9941
694
5707
8549
8504
2284
6849
140
4765
7452
8615
6254
121
8798
3773
6944
9962
6768
543
7364
2306
1273
6582
6436
6514
1933
8892
8569
9732
7312
4529
338
1393
1315
6809
1680
9567
1796
4719
8879
6954
9403
5808
7360
6347
3970
5607
6290
5371
2725
6577
1631
1853
9682
4640
8387
313
4075
8132
1235
5522
927
1990
7340
5522
4433
2116
2711
9152
7501
3896
5695
2463
4713
1929
8127
1942
5897
5352
7703
5561
219
451
3931
8
8901
4636
1874
9384
4697
9656
8335
1197
3839
605
6674
8378
7000
8647
4371
9913
2495
5251
3525
6951
673
2268
6987
9521
695
5098
1467
5600
804
7177
9856
5311
7164
8608
8795
5517
2879
3790
3259
9336
8942
6007
3643
855
6674
5707
3999
9061
5274
3246
149
7363
585
6194
2990
3852
5090
6196
7380
1229
4076
9055
247
1401
8490
6255
9017
8079
6419
2344
2456
8681
6440
6704
3288
6107
8415
4704
5289
1249
6047
3123
553
2806
1341
3243
5883
7511
6927
7294
9541
9173
5126
769
2452
2879
6129
8692
4168
4522
9273
6586
7767
1358
5229
7741
7801
6041
9265
7413
3911
6113
8878
8985
4178
3361
9854
1980
7305
5558
472
8892
174
4611
7751
1289
2907
499
3069
6300
8449
6930
1003
172
9726
8100
609
4892
9452
916
6105
3096
772
3157
5427
1105
7532
1352
6895
1250
3938
2140
4615
2754
4071
1725
5761
9331
3858
6230
4539
4586
3896
9713
7663
9871
1514
4228
266
3157
3635
557
1383
9408
5452
1383
2850
5503
548
6024
2088
6176
3479
6971
75
1647
913
9010
8371
1029
6697
2958
7881
3273
9668
2559
4020
9288
5087
3568
835
7368
540
5581
6908
1126
1785
3343
5738
7408
396
1340
7433
1124
3298
2877
7878
4240
6465
9280
1006
437
7583
9235
3306
9130
5589
6491
1034
1520
5408
8137
4557
7614
1647
5620
1417
7915
1000
1969
7723
7768
6239
1198
3565
5773
2960
2252
1000
8526
3838
5420
5573
5190
7105
3628
3115
7575
8048
6052
7387
8279
7065
7178
1416
6883
7924
1618
8143
4448
6950
8498
9066
4540
954
6527
2189
3325
1649
363
714
8410
7821
2186
766
1616
7251
8482
6383
8085
5307
2441
3542
1982
4020
6530
1808
7066
1417
9902
9745
5540
9366
2229
3209
2466
7498
1035
5403
6566
8254
8299
431
3449
6857
1275
3837
8674
8394
2950
9998
6801
4813
4814
4839
1368
5027
70
694
4453
9192
6064
707
7632
2179
4913
3648
4787
3964
9451
2287
483
1153
3885
1136
5929
7502
6966
2132
1792
232
9728
558
2226
2593
4282
631
6574
1863
4444
3024
6007
8609
4909
6280
1452
130
3404
1518
1530
8463
232
3496
8850
6414
6470
5611
139
2175
6996
4551
3628
2027
7408
9486
6821
2816
5547
1757
2591
1042
9751
2315
4485
3632
9422
4886
7326
4572
9801
5707
4232
7462
1650
894
8689
5309
6680
8509
9547
5521
5447
8474
4887
4196
8307
1561
6273
7344
7184
9838
2122
499
3504
7655
8381
7741
9435
9390
8676
5584
4597
2936
7822
6763
5218
3010
3109
519
3585
8524
8725
8762
1178
9968
209
5247
9157
109
2904
3233
8043
9525
5823
9549
8805
4307
199
7070
8301
4106
1406
8294
7394
5758
9171
8695
930
7778
8342
2015
3944
4522
143
2172
7631
7224
9908
4078
5904
9100
8869
1879
1513
3589
1618
880
7221
7283
1230
7924
2023
855
6921
9812
2257
5782
1516
9396
8682
5044
385
4595
2060
1316
7581
7726
9112
1830
5698
7675
9976
3148
3697
2161
6613
8792
7655
1684
8864
96
1254
312
8712
2560
8606
2441
4984
711
3565
2058
2489
1838
6903
1985
5180
1813
4733
2237
6997
411
3431
5339
5834
5369
6708
3731
6221
4384
100
6583
3872
5921
1043
5017
6718
2750
4615
7476
8291
3583
4542
5857
2985
73
6739
2721
6685
5968
2318
905
1717
2255
6639
7635
1259
5516
5372
4774
8273
9498
8459
4747
6348
288
9773
5444
1555
9034
7445
135
4303
6559
6608
4812
4367
9018
7647
1407
5777
7891
217
3159
6009
714
728
652
9674
2245
2977
1877
3217
8634
3072
9629
2036
3071
1805
7953
7088
973
2114
8476
2456
4988
3697
3902
4976
7484
1487
6255
7826
3717
2125
6720
2681
7129
7847
2124
3194
9506
8741
9496
9505
7412
9497
9301
8870
7709
9929
1291
370
4263
2787
4045
5074
3980
1398
3755
3642
1070
3667
2018
9681
7179
235
4444
8047
3589
2587
9640
5730
626
243
3191
3667
8125
526
8363
1969
328
6008
5150
1518
1274
1543
7277
9901
8632
2351
8697
7538
8225
653
8449
9091
1754
7738
319
7142
5206
3317
6362
62
7585
3775
2500
1148
1695
6945
4185
9891
7560
5002
3697
6012
9856
7098
6312
7997
4374
1080
2628
8774
466
4839
3081
2435
6372
4184
7143
3369
9999
6426
2821
7534
2429
6297
5263
336
4587
5829
2508
8889
6622
1889
3590
5768
9010
4219
6555
4611
4835
759
5361
1484
7646
5015
2683
3825
9008
7607
9831
2666
494
5491
7417
1257
8301
4886
1997
1427
6180
1032
6496
5961
5748
106
4166
9632
5589
3172
526
173
9490
1285
8197
8433
106
7124
9444
7103
2359
8013
1894
6562
2144
9495
6922
9984
2306
7230
6981
6835
2035
2152
1479
9700
9381
7420
9323
6426
2600
4084
8597
7547
4892
7107
4106
5130
1821
5029
6555
3491
7262
8050
6715
3723
347
8627
2628
5576
6731
8043
6406
5742
9928
1537
6562
371
6069
9787
4531
9217
5438
6381
572
9869
388
2722
1335
3029
2422
5922
99
7159
9145
1563
292
9639
4318
6918
3794
9867
2856
5555
8830
9557
7688
5764
2083
2560
8302
1545
4276
8247
3708
5594
6684
3693
5739
3983
4026
5965
1349
7070
962
2137
838
4043
7886
5441
9872
1695
6620
3892
2968
3382
3135
2961
4617
4842
8645
2549
7214
6781
9439
6487
8650
1123
8817
9081
9162
4257
4602
747
6870
135
1813
3010
4949
273
2083
3865
4855
3214
224
1203
3114
8871
8714
4320
8484
3367
826
954
644
6733
8885
8492
6668
9017
5273
2843
3777
9277
7107
8486
9559
7132
3516
8466
827
5632
535
6433
6390
2467
114
982
9626
4286
2592
7263
6520
10
2621
3492
1055
4780
1033
5832
1334
840
3645
3957
7721
9008
1830
6182
1093
5933
1915
6966
5965
135
9790
8600
8621
3333
9497
546
8232
2279
9850
1583
8389
7060
1716
611
8382
3113
980
8806
918
490
8135
6460
6511
2820
649
2328
880
5550
2705
9185
147
5839
9952
8430
8015
8188
2422
7103
5142
1708
1882
2945
7501
2233
2829
7930
9556
8310
4817
3827
7538
2648
3062
2379
8236
6620
1410
2573
2529
1732
7149
5009
5145
1282
9085
1453
4805
2297
1886
6480
7823
2289
5663
2332
4096
384
8418
7236
7317
1229
3150
4071
241
1892
6037
1934
5742
9898
744
3215
404
1409
3299
2355
6655
6848
2495
54
3220
6108
6039
1525
4095
981
1087
9929
3675
5661
2273
3385
4867
5738
3145
226
2933
3281
2240
78
3056
2374
9563
4818
7512
4693
1252
1194
572
6188
6523
6660
8279
7216
2127
4352
3365
3359
8336
113
3378
2060
3678
6526
5503
1582
3735
7312
6524
647
8003
4537
3057
5327
1694
7548
4509
2818
5007
3880
5946
3837
8103
9545
6703
9454
4285
3918
4046
2816
1315
4698
3407
9536
64
9528
4600
5339
2283
7261
6323
8080
4395
6260
8157
1019
734
6061
2280
7939
4983
1156
3064
2530
8628
5986
6924
2205
947
4714
6064
1540
1347
5306
6355
4712
7697
8039
3242
5786
5510
4852
2927
9545
9931
4307
9029
883
8193
2556
1016
4580
178
990
427
180
3969
515
1599
6125
7146
8094
998
4478
1355
827
4374
245
5054
5526
9557
4556
5240
5930
2397
2562
8648
2551
6109
711
5424
9141
5030
6362
6290
5289
9083
8230
1604
3113
7696
902
5270
8372
9692
7122
3046
3289
8576
934
8162
6446
3429
89
9365
6013
271
7141
7205
4207
8532
7450
8470
7816
6675
2355
1859
4775
4447
256
2920
4155
3106
710
1112
7068
6408
2897
1557
9797
1702
7229
6592
3150
3586
9510
346
6814
7319
3213
5230
5292
6120
3407
2566
8741
5761
9360
3122
6989
9215
9419
9468
5701
6812
6953
541
7022
2212
5063
9479
1874
4601
4800
9768
8567
7992
8409
1496
2990
9880
7545
2516
4634
7760
9555
7740
2505
5260
9856
3063
1644
3247
8624
6282
883
8925
7215
8664
5140
2896
9746
3044
2156
5875
5180
555
1873
1668
7119
3731
4270
1747
5918
8991
8493
149
1076
1171
1894
8825
871
8782
1075
2832
2446
8555
4600
7725
8557
5475
6344
3387
7294
4108
3025
7300
534
4527
5953
7337
2785
2272
7306
487
9389
4362
9436
230
9917
6367
5731
8233
5017
8298
6285
4687
3281
4855
5994
8046
7521
4379
7642
3520
4434
1598
7033
8678
5115
1950
4533
1913
5170
4634
7170
3823
7458
5052
9072
7247
6595
5883
1415
312
4052
5061
6235
4378
6052
2368
2894
751
3036
3391
8772
8106
8306
8071
624
7100
8254
6678
2065
4226
3473
3228
8358
5133
3670
8451
5174
6501
1140
1142
5829
4535
9216
3568
1627
7711
8833
6368
6262
7803
2343
4628
2992
134
7137
3167
5453
8487
3014
8137
1339
4840
7484
422
1218
9043
6142
4386
7534
28
7364
9854
1133
7383
9655
4063
5197
5699
9859
8158
9203
630
6468
9667
6251
4570
4190
3746
334
203
2240
4406
599
7253
3307
3491
8412
8040
6870
575
54
3466
7428
5592
503
8892
6873
8694
407
7110
2778
9499
3202
41
5949
8296
9544
7437
1686
459
5422
4574
9688
7321
7927
1448
2633
6145
4896
7082
917
8893
2655
9261
8555
9906
4931
1320
3606
3410
1338
4343
5597
6032
5741
7295
2538
7454
6920
3951
1197
6647
7365
6411
1445
1479
560
9394
1356
6468
2254
4411
1358
8352
8792
4293
9607
1819
9091
8628
7858
1746
9411
9111
8613
887
6173
5275
6453
831
8825
9517
2135
9223
8774
2754
9186
2553
7784
6040
2217
139
4912
3055
6461
5293
4307
3571
1531
7548
3478
3105
4361
850
1153
6594
3190
519
5724
6384
5447
2169
7244
3622
9737
4524
3817
2130
8425
6061
4682
6957
5157
9033
5377
8
3161
225
8446
9281
5959
1817
3123
8292
7345
8489
391
3833
4999
7578
3277
5199
8936
5715
7963
1573
1875
1713
3013
6190
823
7710
2679
8099
3732
481
1128
6469
4585
7870
9844
5129
3540
4981
1465
5419
5557
751
1025
8413
3843
2802
4642
542
785
2990
4799
9747
329
308
3064
4521
3375
8935
8889
3587
9587
9678
2917
6452
8895
2841
1420
3317
2864
7634
5257
7062
518
1702
3177
1953
8077
5927
366
1229
2049
4426
5737
9492
2793
1493
2616
7101
1246
4782
2923
43
1724
1239
7914
1169
5144
2026
1515
8251
8087
7362
563
8904
6995
8011
5643
1631
260
3519
9800
5741
7177
2320
6119
6262
6440
9732
9215
3722
8148
6836
3199
2392
4025
8730
8898
1571
5891
65
2206
3246
1033
704
7075
9934
1206
5066
3530
1076
8243
1196
3102
2710
4798
1991
3996
5395
8231
8711
7798
1492
3056
7714
6190
663
8517
9234
9858
2178
9056
9612
4111
5344
7744
8665
5900
6615
8936
9449
7619
3396
5740
5485
2049
4
6743
817
522
6712
6010
6915
6838
8745
8931
1410
5288
2428
8102
644
8806
8462
6031
1456
6439
3719
6718
9638
6983
585
5108
9646
8089
4663
1627
1906
4926
9106
4977
5042
810
744
8207
714
9769
8893
4765
9350
2766
2941
5606
5659
3445
8529
3078
3184
6632
5566
7286
2998
740
9502
1741
2650
7582
66
7188
434
8586
4274
1480
3896
3069
7330
1247
2298
2574
5780
7147
2016
8791
525
4593
4930
9913
4282
9089
7502
2166
1629
8768
3184
5569
664
7892
1677
8159
9102
1018
4549
5029
6868
2503
1438
5907
4722
2891
7650
6841
4564
2054
3878
3216
7223
6297
391
2254
8257
593
8402
5185
2354
179
5888
4050
5070
4630
1753
6809
4624
5367
8971
7560
748
8156
9410
9675
651
1959
3141
2377
5764
621
2258
694
6590
1574
9848
8580
2090
2403
2381
7249
1520
5516
5502
2581
8735
7799
7414
4654
7139
9199
8251
92
6165
6094
3296
9460
972
4047
5940
9083
7138
2780
6574
2924
3118
4362
619
2191
9370
9680
1999
5021
8226
3235
744
391
2245
6971
6250
8360
9648
6190
7347
4797
325
6572
6255
6545
8176
676
7721
3783
8786
8961
8894
170
4446
7226
8973
8560
3572
2097
2344
1256
2128
4773
1817
3534
878
4102
8229
2156
744
7433
5451
9449
2981
3831
2738
6808
1231
8308
3779
2413
1193
1465
6340
7419
4767
7058
5931
651
5406
6373
6736
2897
9347
8937
9715
3008
9473
8317
8719
8471
4979
312
516
7761
9830
7545
3185
7672
7791
1074
3203
5061
1751
4337
4114
5087
8148
9239
3588
6957
3172
3147
9762
552
7993
1839
8351
9834
2168
5873
5422
114
2388
3623
5731
8415
917
2863
2071
9315
7415
524
5345
7594
9933
5784
7067
1575
9017
380
9685
966
929
6183
7175
3520
3017
452
9382
919
8985
2024
7566
7070
1945
3232
4859
2849
9213
5777
3807
5450
962
693
6087
9832
121
3796
4077
4715
187
9577
2448
9436
1845
2408
1675
324
521
6033
8359
6382
6056
5544
4274
7133
7095
7533
7248
7484
1389
6551
7350
328
5821
4798
8783
710
8660
9821
7569
1865
8681
5398
8712
75
8252
9275
1127
7020
6617
2201
5414
5963
4012
1964
616
5888
2766
1403
2992
5117
2358
3459
4303
8737
9770
2360
735
180
1460
7108
1143
4444
6416
218
8120
2728
9164
224
2009
718
7990
5104
6053
1485
5151
2095
7238
4474
7267
373
5958
7373
2330
6201
8760
6273
9638
5309
8959
7528
3767
1669
7334
882
6266
3529
9775
7176
644
278
9202
2001
4040
4074
6997
6086
8973
519
5917
9687
5209
2919
3928
321
219
5524
2459
9002
9199
6648
6375
3624
5049
1325
7805
614
4797
7328
5089
2108
4334
498
9241
2765
7426
2053
5001
3086
298
3444
7991
9787
6883
4606
2764
5063
2789
2339
993
4100
7239
7404
2849
4161
8385
4412
5307
4687
6360
9347
9263
8974
1360
7562
9367
6097
8236
306
7110
7343
1941
2202
2981
6364
7937
3017
5179
8961
7901
8238
4619
1914
5826
1586
5574
5895
1059
9492
8628
8555
6738
3299
3050
5343
1206
5729
7547
7176
3743
2267
3554
3160
6790
2930
2974
4733
4531
2564
7312
9655
6126
5991
2966
3470
9136
9894
654
5375
5207
4499
7682
8939
2182
1184
6502
789
5743
4819
9393
4112
7774
1176
7207
311
6546
9602
6420
9200
4728
9865
4934
4738
5612
1782
9581
3985
8518
432
619
6913
1321
6677
3649
3697
2908
4688
4520
2199
1673
5288
9742
6898
2009
4545
4035
5433
1842
2559
8538
1815
7716
5931
5292
5126
319
9652
6539
9380
8041
4362
8850
9030
740
1001
3666
5447
8973
4726
519
4618
7410
4797
7414
5108
3375
5220
1490
3994
881
7371
4575
7232
5053
8728
2498
2176
771
9312
6986
7080
7187
7371
3194
5610
4662
5690
9177
5049
2490
9571
2749
7019
3588
7843
2121
6897
7015
9030
6542
3712
2384
1375
198
5761
7291
9252
7341
236
9198
970
8915
2604
5418
8030
6469
7754
6376
3047
2880
837
2933
4786
6997
8210
165
8743
1652
6894
1145
812
2175
1400
27
8109
5836
6540
5281
7341
340
5836
438
145
2044
1923
8422
5272
3814
8502
142
3318
8599
9672
4395
7659
4617
6018
2779
5848
6439
7683
8210
9723
6134
8458
9796
2171
7806
5531
8741
6756
7973
7855
8743
698
8194
971
2358
717
5951
8680
9001
7546
4280
9948
8923
8156
8741
4591
9956
1111
9229
4929
7614
4527
2461
1364
468
5572
3170
6772
7199
6471
7931
890
7983
3755
6316
846
1140
3022
2840
1828
3128
4976
2905
9407
2419
4575
231
4125
9141
9168
2303
3946
2743
1603
6031
5457
6043
3753
402
1567
278
5188
6671
2080
7413
773
9062
5842
3119
900
3668
36
1646
4079
6443
3164
4271
9038
7250
2088
7681
6504
9505
5104
6286
8027
8160
4482
1786
7260
6901
2068
9099
1027
2689
7944
7264
4009
7604
8043
9996
3648
4417
4244
2905
3962
2152
1221
9947
4262
782
1245
3952
2952
9354
3002
5079
9067
8888
4144
4650
3330
5291
7337
5020
22
6871
1212
4835
7738
7478
1323
3610
7585
5795
5641
7706
7097
1807
1645
5848
3072
9101
2740
6201
5126
8727
7028
6620
2628
4940
3529
2455
1021
2334
9921
7736
6954
9852
3115
6631
1361
8812
9220
5749
7855
8974
4861
7706
7097
3408
8011
2220
5810
9084
201
5528
3646
6154
5398
2375
903
3786
2198
8878
4808
7713
1885
1238
6734
5858
8721
4703
1229
3694
1547
9974
8959
6000
8756
55
3482
3117
2405
6110
1380
2537
8528
9343
3255
3730
3382
3466
7391
6552
4940
2158
5001
7682
6983
1721
8001
1636
7259
8058
2749
3584
4954
5602
7832
3277
3354
2899
1638
4934
4498
1082
7838
9190
6041
5010
4294
9802
6543
3519
6511
9012
1427
7533
7821
7057
4801
2846
7304
5956
321
1826
2595
7708
4145
1946
3111
5888
9418
7471
3044
7303
512
4252
2395
9028
4472
3376
8466
1387
6820
7788
9296
8863
1490
7939
962
9703
8859
3706
9933
3692
6551
9865
1061
4959
3366
8603
8656
3432
2239
2850
219
3759
9557
1158
1614
1722
7731
7882
4334
559
7837
343
2199
4981
996
2149
1202
8398
9308
9581
5557
3864
9876
5092
7336
8914
2156
2605
1679
7598
7457
203
8215
8846
6805
2955
9082
9742
9045
6782
7307
8593
1890
1924
5224
1616
9587
1619
9816
3731
6588
8032
4996
7826
2419
7199
587
4873
734
6860
9141
693
4761
3038
4032
8038
5761
8110
6611
8258
912
7244
9591
7540
9516
5957
8289
4077
5654
1693
4873
8108
3265
1469
2198
8343
3161
5051
4692
4790
3155
8140
2126
5501
2221
7595
7341
8305
3324
5745
4027
1311
3553
1349
3611
6863
3983
7632
8404
6873
7540
66
4579
2092
5435
3406
3595
4355
5979
5210
3578
5679
2258
9492
2620
1819
8123
6949
2119
8232
7156
8970
6159
940
9640
8955
9567
3576
2660
4447
3024
6227
3076
8978
2707
2888
3290
5190
7512
7229
3343
7659
2561
1521
9093
5485
4836
3492
868
7399
2221
4579
5458
6530
2710
3439
5915
7594
1983
163
1354
6058
6217
3546
976
4693
7237
9090
1841
8844
6606
3928
3869
3222
6440
3073
2938
4167
1495
7806
277
6757
9837
7291
3766
907
7678
5385
2572
7893
8187
9412
3537
2062
89
4902
796
5962
512
8532
5853
5307
5818
3946
7200
9412
900
7255
2034
812
4951
6448
8650
6747
7489
9713
4383
2301
5092
8172
7068
1168
8638
4756
9257
6194
2867
5531
9339
1246
2702
6448
3783
6752
341
1721
1519
1413
8860
4737
3802
4865
8561
3208
2737
8329
4649
1628
5987
1324
9900
7826
5996
7743
4712
9128
6435
8214
1821
530
3415
884
575
6910
899
4503
4276
8280
9131
7059
8767
6373
6969
5120
5888
7483
3829
4607
507
6716
6278
7629
5918
7423
1784
6054
8910
4551
6447
7207
9711
4416
4827
1526
4281
6681
332
7926
7160
4768
7401
1373
9896
8121
4867
8042
8983
6978
861
4340
9457
5963
4027
9333
1142
1984
2386
2434
4552
6544
1763
4526
1695
2209
3300
3980
2832
637
3759
1919
388
3946
6326
3459
2097
6103
3051
6622
7083
1259
3549
7012
9017
4243
4278
8988
9539
5766
698
8863
4199
2741
8808
1015
1406
8837
7089
9507
2189
9933
2920
699
232
2356
1644
5309
3749
7548
7814
6258
5063
4425
9802
7189
3615
33
8624
423
4945
3979
4365
6190
7367
858
4594
9918
8038
5797
2566
949
3378
4918
798
9004
7366
2641
5184
8212
9736
5172
9859
5129
5953
7482
3533
1129
5295
6613
8496
9650
396
260
4710
7010
1641
6584
8638
2730
7670
2314
29
2447
8113
1047
4520
7891
5451
1526
1312
490
6641
304
5525
8666
1707
363
8151
8014
1042
2849
4569
5801
4845
670
7659
6596
2373
8122
6636
8959
9311
6712
2060
8247
6733
6911
5131
2470
2756
8582
2908
1362
3870
4244
4575
3997
7086
9300
896
9932
2522
3424
9217
8421
5518
6704
1860
6301
1405
5756
1538
7459
8314
2006
7675
7687
281
3098
2153
3563
6668
5228
8567
3494
1059
2223
1410
5130
6853
1790
3832
2153
8498
2868
7605
9568
8323
4788
3309
1570
1569
5625
6020
2651
3082
9828
4590
4499
7333
5152
9835
9018
4052
1913
4375
5646
7813
9099
8726
3872
4319
9499
338
8828
6798
7723
9604
8371
3897
2510
8360
2235
4023
9888
4595
9984
2309
6456
6288
7524
1058
4316
6626
922
810
4487
7077
1499
5547
6724
4740
9694
333
1018
9996
3522
3259
2297
1549
1883
6769
4359
7425
3924
3896
6366
4651
3823
9277
9036
672
8780
2926
9158
4120
5408
5198
8849
6917
6581
6885
2845
2543
9777
8795
1758
2932
625
9847
3268
6278
4535
4448
6576
3583
3136
6887
1048
5767
5674
3785
526
8238
4043
795
7496
4366
936
1986
6685
4811
220
5863
4143
551
9052
6699
6224
3096
5105
9602
9931
281
991
9695
3766
1529
4701
3261
322
6332
6608
2438
6959
5548
4574
7067
581
774
4259
6129
5107
9475
867
4475
8235
9633
6412
2575
1036
3459
6239
986
7505
7749
2819
6229
4875
6482
2279
9785
6586
2904
8127
1843
4964
4912
6830
9821
545
9236
3486
8630
8660
4168
1834
3736
9423
9104
8817
6236
2290
9689
4822
8415
6935
6693
4100
8168
652
2823
6162
8264
9780
7020
6528
2070
3186
5736
7159
1053
557
7215
736
505
7120
9377
3193
7280
27
4978
7423
5715
8683
6705
3685
9553
3240
4864
1104
7
1959
6640
6445
5715
4267
3298
7612
1445
6898
6721
4979
8901
4312
9185
548
1954
9701
9698
8760
1529
3796
2837
6232
6458
3630
2907
943
7694
3570
7152
7413
9266
561
3938
5193
4759
1381
7028
5024
9494
9946
6138
8112
5542
2530
7426
2125
5032
628
234
5052
8127
3920
175
5862
6775
4803
5308
5709
7574
1971
4296
1374
8799
6962
185
1765
7573
6501
3518
326
7133
3053
138
4557
6074
5646
7143
8523
5766
9860
3042
9941
4728
6765
4172
477
6274
2933
6495
7389
9521
8755
5609
4854
5646
2003
6877
4415
2757
743
1196
9076
858
4892
987
7362
1324
9038
4574
2395
8654
2696
754
4460
6396
5795
8157
7823
9521
1244
5681
2829
2337
3463
5212
6819
1709
9279
3491
9670
8790
1033
6817
287
6014
2570
1349
8493
6094
7326
7707
3546
9304
8305
9619
3346
2326
2231
3684
2670
344
1010
2830
3021
1725
594
8924
1869
2164
1464
6842
4553
8475
3660
8148
5594
7892
8220
8385
1140
8553
2365
82
2426
6853
1056
337
9408
3486
5104
3844
8586
9521
9709
3759
8666
7890
5963
1083
2888
4243
7568
6699
9763
2877
1999
5442
8829
8526
2773
9655
7897
7510
233
1911
3542
5344
6054
5705
3335
2384
4810
8765
9502
5024
1822
2633
9436
5657
954
7573
9935
8309
3504
8325
9295
9255
257
9879
1190
5758
4139
4074
3410
7234
5900
7712
5309
9816
6340
9851
9818
4570
3433
7252
5872
86
5605
1911
9700
1696
2507
2531
5706
9306
9067
3224
4498
8937
1506
1082
608
5079
5051
537
7197
128
5395
3495
8073
3843
6185
6610
3164
4897
3576
9443
7779
3132
9601
4069
4482
3021
2746
1204
9612
1694
9643
7173
7894
9920
4572
1312
5994
185
6286
2599
9990
7824
2073
8447
9750
4352
2383
6965
6356
2721
7993
9035
5151
7214
1250
2038
3580
7302
4141
4495
9561
8406
4441
594
3338
3698
2877
8017
5608
1834
446
9285
7510
2959
7960
8877
6730
1341
8662
2189
202
5438
3197
7772
2761
3389
2656
4190
8124
9837
4003
9381
2539
2067
3913
281
1945
7468
3521
4459
4903
4415
2632
2699
9236
7920
1691
1511
5426
3823
4815
3668
7764
4432
472
4481
5143
282
5880
6470
6349
1375
6192
4573
1869
6303
3919
7265
3561
465
3839
2179
6955
8222
9763
3212
2683
1848
2427
4055
9997
7634
9772
1012
6325
8079
406
5700
6908
3200
5049
4301
3330
2402
3140
6002
7456
2999
1131
2750
7857
1432
1030
8982
534
7620
8257
6549
1718
6206
1399
7142
1091
9315
8699
6921
5360
5238
1741
2598
9095
2071
6194
4671
5848
261
904
1030
774
1178
7745
9295
4366
9732
1981
3226
2104
2388
2069
3710
8679
5698
2011
935
8370
8890
727
6159
8
5818
7911
1697
7547
9667
5275
2387
3823
3035
4178
3930
7821
1931
3915
8792
9788
847
458
603
2553
5204
9364
7944
5734
7691
2676
7569
4547
8946
266
7662
4318
1830
8912
5002
4522
3331
5660
9331
5928
7029
2353
7769
2375
7418
3515
3983
8233
8543
9011
1123
8061
7926
5817
4678
454
3082
7273
1121
7396
2306
8574
3040
9574
4426
196
8744
3182
8108
2500
6917
8031
1461
4242
1073
7853
2103
8341
9843
639
9104
2007
9955
964
9343
146
4305
3805
5141
7643
335
4961
3486
6948
6714
1211
4807
8127
1087
1385
9531
6078
7532
7056
9517
1653
6984
941
619
36
702
1465
5979
4502
1310
7609
2348
4826
2386
8455
7501
152
147
8462
8100
9206
8620
265
8234
2980
1605
7519
8230
308
5985
8323
4802
6613
4295
9768
1872
988
5997
166
2776
1506
3303
2265
7829
4316
7768
6925
1953
9477
4540
2059
8448
4590
2329
9844
7319
1283
1360
6546
7717
2865
8439
6534
7394
3811
8862
4254
5956
6872
6818
755
7496
7460
2860
3183
5536
7866
7356
2024
1012
9460
3883
6379
7200
398
2852
8937
3092
8354
2192
5139
7706
8260
7261
5183
4641
9354
2898
4846
661
9193
9293
9289
3001
4291
4636
9092
1086
7005
280
2952
9799
6178
3261
1652
2159
1462
3462
8795
3510
6222
3016
3405
8890
8262
7522
768
9189
1419
5504
3972
9866
8412
9589
6963
4406
7335
5633
6909
4710
2549
3597
7845
3686
2834
2964
2090
3538
8577
2308
3088
4977
1522
8399
8034
3465
8012
9588
1510
2830
4178
4741
8429
566
2056
8446
4787
8014
7780
2623
6357
7004
1175
6466
723
5142
568
2468
3758
1135
2733
3342
5863
6852
7724
292
2481
1093
8118
1558
9963
8577
3157
5845
5041
2445
1188
7507
4412
4646
4065
9824
658
4979
5845
200
886
4050
8617
537
5259
8354
8218
4303
2594
5285
5913
7802
6164
5701
3474
7798
8185
1433
3209
7365
2551
2606
5318
318
3099
7429
367
6421
8394
4885
597
1820
3086
8337
6032
2247
666
1541
4154
4699
7190
5679
1189
2048
2001
888
2155
9966
1944
6248
3459
3738
8654
6757
9997
8028
113
6488
7399
9316
780
3161
9635
2242
4019
5525
2685
6514
7810
6316
5351
3641
6329
5281
5541
9293
7372
1803
839
2437
2615
1779
6102
6124
205
6586
4568
3427
5596
2150
6335
6082
5342
1899
2273
4196
7395
3956
6111
8677
7954
7921
8146
8850
3750
2931
4600
831
6423
1750
4820
9280
7147
6116
9562
1445
1133
7222
743
3794
9167
3606
8742
5009
4759
3600
9219
7761
1621
5723
9173
4810
9733
6326
9933
6797
5771
7453
7996
4948
2140
7572
9648
9766
3783
5320
4693
1720
5699
2892
7623
6171
2074
1007
8071
1611
5418
1416
4885
7359
9548
7422
2002
5869
6193
2569
217
5934
6564
7330
6131
8523
5246
5818
6396
4287
5720
5584
8756
9458
3895
8156
5199
2700
7480
1293
7397
1422
2268
4044
2423
5457
7812
5792
5313
9458
7259
8857
3699
4792
5443
4927
52
3042
5446
2557
6658
7169
3668
349
7351
3388
88
3690
8951
62
2231
191
704
7021
1873
3287
7335
8867
8427
7547
3527
5906
3783
9087
5109
9211
8817
3252
942
3778
9469
6304
9094
7883
3002
5891
4902
1924
3596
8839
2930
4293
1652
3751
7493
2003
6327
6011
4470
7442
4800
7720
288
7263
2383
5223
4743
3583
2996
6313
4905
2723
7349
7602
5587
8768
8459
5240
8606
3629
2254
8687
4309
5269
6442
6914
2454
4406
4872
4067
6449
7202
3164
8905
6891
2951
2660
5211
9979
2966
5216
8021
9300
1025
5540
8773
722
5513
7614
9539
47
840
9605
7825
7320
8021
2651
8477
4320
3570
1487
2835
8435
7461
3403
8833
5303
9272
6573
3966
6914
8677
2078
5129
1400
1387
3442
9157
5128
9087
1898
5628
5863
8445
15
6079
6856
3964
9306
3212
7454
5796
7959
819
5138
3525
559
6011
1340
6229
6941
9113
9815
8461
6229
1524
5290
215
3423
2654
6640
4206
7707
6200
4444
3771
4659
9531
8059
6257
1198
6045
7970
2695
5091
8444
6531
8968
4333
5380
8033
8749
870
4968
2450
7094
5456
7041
574
7282
8039
6685
1953
8586
3324
9080
3547
6859
117
125
6893
7864
1455
1014
9411
7723
2294
3833
7881
6335
9374
170
5442
1874
5676
7961
5556
7535
889
3089
894
8624
656
9157
4661
4269
6502
2376
6253
3772
3891
8712
5086
7517
2676
8266
8077
9074
4244
9956
6811
1869
887
8392
2564
8346
3685
7890
4568
8335
5656
588
8230
2990
7398
3104
3894
2488
5297
5989
7764
6855
2063
7312
5348
1993
8426
1873
8056
5423
9594
3
2926
7088
102
3201
5402
1956
8385
6110
9313
9550
3682
9186
7677
7098
9994
6241
5863
6174
2483
513
2615
571
6531
2787
4811
1091
3697
987
2006
2365
7358
7202
5995
834
5974
2171
5734
9621
4213
9963
6840
4806
2266
4177
1320
5716
2093
540
2687
3205
4947
9740
3769
4984
31
3525
4694
9968
7650
7109
7389
4713
5498
3702
9954
6971
7795
9157
5750
218
1617
7239
9392
2327
7571
8483
4044
4002
1301
1551
5499
6073
9840
6920
6101
5112
4720
6197
5773
500
115
8407
4737
9097
6601
7022
7949
5555
1658
5956
6942
5933
5966
891
6987
2082
867
1050
4452
2554
9541
2116
2655
3012
4836
2636
9713
8495
3913
2316
8119
3122
2118
5310
9761
2796
2954
8343
4952
5213
669
2590
9144
2928
4944
2927
5856
8286
4864
7011
6180
3049
3739
5488
2453
9985
5424
9129
7400
4561
3210
937
3133
8609
6040
1057
1512
8995
1416
4585
4979
7267
9575
9262
371
9014
6692
602
6380
1870
5318
3255
656
9854
10000
5001
1165
686
3808
406
8813
8961
6075
5677
7042
3861
7513
4933
2794
2090
9890
8864
8573
892
2151
3298
3335
2076
8172
9742
8428
8971
4524
2744
2781
6035
6653
1017
2718
1451
1226
4113
5152
8364
6416
3885
7529
4511
5537
9519
9919
1795
8944
2948
8663
4521
5135
496
3344
1298
7641
5101
8026
2697
9399
9050
4979
5313
1129
1425
7264
2227
4338
9088
6501
2446
4537
7946
1744
120
8515
7208
9512
4674
9269
6383
8862
7695
7786
4920
3446
1336
6561
6614
1478
5133
8060
6850
882
9386
3715
782
9943
647
5147
9790
5600
2255
4646
2995
2270
6509
2575
3416
2986
9375
9238
9641
1471
2810
2635
3635
4653
3381
6282
5844
8485
9693
8837
6409
5243
4498
1328
5520
8985
7542
7740
6399
412
588
7316
7486
6076
8433
5923
9865
8445
2576
4237
4513
7281
5228
1919
3938
2361
5327
6427
8609
1424
6080
5255
645
6344
6867
9255
4457
4435
7909
3108
6801
1946
9968
4103
7193
9241
4919
3109
9663
4088
8263
5229
5081
3686
5331
4999
1021
871
3085
3387
760
8319
1129
3895
5879
9800
2708
8466
2111
6586
1467
4819
8651
4606
7962
637
6678
9280
733
3228
2632
4071
6946
1920
1784
4274
3659
3925
9666
263
7814
4729
9940
8754
6023
1585
1654
694
840
3515
2510
3830
9633
2628
8973
2109
3911
2053
8687
2841
73
1460
5562
3759
8320
3797
1313
4286
8930
5710
7363
7159
9103
8763
7132
2418
1070
6859
5904
4560
8454
5089
1619
2436
5073
6728
2414
1237
6688
1417
1707
1387
6872
8278
8569
5324
3843
9306
1402
7335
5455
7036
5527
569
6629
8936
9046
5372
7086
9520
4668
9764
989
3595
5093
6848
1823
4266
8258
719
8350
2575
4224
8501
1018
6515
5007
113
9413
619
1489
7029
9925
6090
4266
964
2032
211
7418
5975
8249
5708
4518
5029
9463
7230
7560
3258
3563
4383
9210
9361
8821
3692
8458
421
1413
4670
252
8996
2293
4342
8700
313
2582
6772
6282
7883
6655
1782
2589
8570
6186
2503
9623
3225
7699
8408
2535
5001
1330
5147
6520
3646
7732
2232
8464
6062
3635
9746
9489
9857
2699
3328
4702
7094
5997
668
1516
7504
176
6739
9841
2712
4472
3983
954
6697
5859
5528
7076
4133
5668
2469
231
3983
4917
1008
7594
1171
5008
7112
6499
6053
4716
4225
5290
2655
7130
9059
2554
6393
4982
7667
3049
5583
9794
251
3212
3670
9332
5706
8673
4685
4508
5527
4921
8925
2351
1411
7501
453
7596
8796
2652
8901
8389
492
7723
32
1674
9076
7454
3395
569
4447
4965
4310
7351
220
2752
2323
2461
5000
6379
6878
2887
7361
9856
8807
3971
4968
4456
4517
9737
3922
71
3239
3232
6640
4228
7863
244
7075
7349
3485
5494
3806
5912
1720
5546
944
9723
116
340
6041
5383
8696
5376
4856
5778
2175
2708
4236
488
9299
9787
6315
7740
1418
7203
6907
1749
5031
9409
7031
1156
8702
3305
1566
7956
568
2256
8551
2350
854
8762
1883
8156
186
6450
457
5224
4439
7393
9736
3412
3452
7111
8133
2106
4967
9600
1849
409
5971
1046
6112
1649
7170
3685
4210
6550
2993
4442
1612
7026
9747
8063
5780
7917
253
1196
5012
5968
6679
2761
7780
8254
2088
1378
6582
9561
6933
6840
3820
487
6877
6053
387
9263
6712
2930
5172
9750
1273
9735
7927
6606
5399
4318
1127
5947
1630
7075
9483
8997
2405
3050
7363
2891
5741
3281
7275
3739
8484
43
2374
9185
4565
7028
1238
6537
8201
5031
4411
6816
8382
3752
8231
8195
7382
4749
8984
8469
2479
8164
6762
6277
8687
4299
906
5601
514
9022
4955
1419
4948
5684
7858
8972
8367
1357
7393
293
7447
9825
4722
4618
2720
7760
6301
3580
6505
3130
1408
9386
8226
6880
7608
5140
5763
4051
1973
3777
6146
5762
2980
9779
4253
3633
1245
5797
8532
9560
7988
5978
424
498
408
253
8553
6054
4433
2535
8622
2242
9202
2459
1643
8023
4580
3160
1510
488
9500
9037
1581
8490
4829
248
3108
2914
4987
7784
3470
5589
1695
1075
708
7482
7677
971
1132
1753
7009
6357
456
4706
4945
7455
4565
6407
9514
3985
1320
5058
7750
1615
3431
3454
944
8705
3678
7062
9876
6981
9250
9305
4096
2331
1839
6588
4867
9760
5821
1760
562
1599
2759
4082
4087
1193
8278
751
2186
5713
1105
4392
4840
4788
8819
4446
7623
1366
4364
5796
417
9272
4530
8470
2414
5989
7116
3144
2254
5818
6490
1393
2394
3915
9645
7232
2812
4628
2723
7914
7869
4956
5839
7687
876
9180
4778
1266
9260
6567
9418
409
4514
3918
9391
4985
4470
7213
2545
5059
5077
232
7667
8299
5865
2939
4926
2057
4287
5136
767
455
9914
8660
6705
3118
741
6326
1388
1626
5958
1537
2042
2695
133
152
3467
3179
6214
4206
3857
6578
6646
9316
5095
4015
1963
2210
5956
3405
1328
1818
5673
1361
4086
5803
3055
9062
5063
1065
628
57
2122
4549
6353
5215
2632
2940
8775
9255
2125
5470
9364
4223
8114
9809
9086
434
3532
9339
525
7208
3116
9942
4800
6331
1264
1956
4536
621
9506
2698
1232
8039
962
6158
8980
7428
9196
5854
3888
2220
6704
7873
3869
5853
7076
9901
647
6188
471
6144
2529
8093
3126
8261
155
7659
6634
2754
3310
4237
7738
4319
6270
3848
1845
4641
5086
2172
5693
8516
37
2114
5084
1969
6184
8392
5535
5062
9548
6430
4176
9954
589
1302
2670
3421
420
6275
7341
622
7491
2759
8272
14
3750
1063
9963
4466
9094
5395
673
2395
5724
2605
1884
5334
8821
5970
2655
8842
8416
4314
1874
1504
7799
6254
6756
4249
2820
1774
3367
1908
171
4968
1638
8893
2010
6722
447
2652
5621
8117
4279
2138
9179
6305
1672
2435
9988
4367
2268
1807
7421
8523
3937
5422
9604
9686
1913
5948
9578
3016
4046
5173
9393
1784
2397
1717
815
5519
1237
5270
6720
8208
5706
663
9200
7294
3330
6070
2565
6433
4248
1138
7680
3487
7931
865
1805
4614
6162
6056
2116
892
4927
2058
9409
317
4325
4584
4903
2806
2384
6899
4439
4072
920
3337
7460
3341
59
6614
3985
1095
3007
914
3616
3406
4975
8878
7925
4365
2486
8063
2193
2624
9096
5295
9330
9577
158
4760
5725
2743
5713
2089
8759
4306
8402
9091
3041
2687
5238
7162
7753
5316
7539
6181
7675
1554
6774
4090
8146
613
2986
8825
7094
1209
4441
9865
2656
139
4804
3421
7959
578
8670
3460
1399
4487
3831
7622
5751
8925
3429
9017
6884
8718
2861
656
6642
3037
8665
778
3287
4452
7300
9044
4755
1797
8073
276
9323
7707
9139
3628
8483
6229
3138
4303
4895
4822
9028
6303
8864
9780
9086
7144
430
3817
4856
7786
1135
7153
9354
8946
8754
9805
6031
725
9074
2672
1953
6422
2942
8780
2292
8333
6780
7895
5858
2401
3901
9618
1773
1557
4217
6073
9150
7820
7778
5499
7164
8320
947
9604
1059
2930
9639
465
6551
3615
2056
8674
3295
9617
8296
5754
8849
9791
3706
3616
7771
2441
5664
9128
1721
5060
1374
338
8717
6692
1082
8013
538
1119
2629
8705
686
1013
7842
2225
8072
318
6963
6581
7911
3519
4744
1076
5795
221
9701
1167
5487
8291
7360
9913
9849
3999
4805
6903
3518
8150
9042
2880
254
2724
909
5677
2181
8995
1520
9701
7416
7880
9484
81
7114
6159
9956
460
8006
5173
2913
7197
2369
4097
2362
4634
345
6068
9772
4148
7895
4218
1660
559
5186
1564
4898
9820
1939
7419
5371
7024
7451
7194
3241
1542
6341
8918
5531
957
1553
8918
9632
8630
4562
5826
1045
6935
8586
8845
4354
2650
3200
5238
993
8086
4879
9288
7635
7982
2922
1433
6757
3719
9708
6333
7929
6214
8471
2570
8475
8523
4172
7438
7777
6785
2639
8840
8667
7272
3195
7366
2470
9933
9469
2349
6113
2279
2867
4278
4726
1363
7116
3052
2954
6526
6706
1130
8256
3529
273
3749
7365
6513
5125
3811
4329
3418
7360
5597
3346
4281
9036
9118
3104
1224
3182
456
9331
4872
7323
2653
7203
8377
3886
2201
9996
5648
3044
8670
3768
3092
1577
4324
7652
6123
8696
3852
6143
557
5292
6361
3147
183
8842
850
6521
4159
7445
8934
1983
1227
2069
5000
8709
7103
1404
5677
2632
2422
8105
7641
2300
2093
1658
3210
9351
4163
3525
9183
4857
4779
3904
9128
9879
51
9754
684
7296
9803
7795
2312
5523
1153
6549
5079
507
999
7773
3439
7302
1997
1203
6172
406
8008
4330
2163
1852
6983
4527
4527
7539
3574
1186
1722
8231
510
6133
628
8932
2544
2873
8522
4985
6379
9218
2293
4892
3032
9764
7391
341
1266
4430
2639
984
3528
4393
5284
3179
1326
8486
9822
9828
7412
98
8545
9048
5317
2628
6781
8980
7299
4975
7035
7513
9520
4172
2387
9110
1269
8720
6599
5738
2681
5148
2471
7271
1908
4008
8050
1702
4217
8573
3049
3996
1253
435
9963
9610
3314
1377
4064
4591
7404
8455
938
3292
2674
8598
844
6697
7836
4278
9355
2054
8982
9040
5835
7471
487
3089
6092
2414
1711
2369
4128
2793
1351
922
4923
6114
8815
2767
8850
4018
1449
4552
4755
647
4989
1493
9758
1210
9222
1027
8007
340
8243
5899
7889
3740
1494
7657
6471
8583
9863
7096
9015
5718
6250
8568
3974
8896
560
7434
9350
7294
9495
9307
3066
5934
999
1728
8539
9989
9628
836
2802
3915
7403
2602
4941
4578
8723
9585
5864
3048
2077
1867
3316
2889
9211
3990
9183
2189
7833
8373
4101
9358
9472
2825
4413
9257
7383
1567
9032
5500
7042
399
7119
5108
7480
2547
5401
1745
5939
8695
9381
9555
7286
6424
8979
4646
1198
820
3145
469
4738
5482
8175
2414
4077
1900
6078
7104
651
9251
6595
2902
6307
2151
9297
4840
4069
9923
4522
5916
8152
6643
232
3302
7177
9471
3146
7634
8933
6093
3251
2306
1404
8400
7154
2650
2062
6269
6144
4986
7484
3506
5929
6110
7198
9678
1105
6587
754
3246
5165
4417
3930
8228
8533
3251
3606
3364
218
2185
8718
7750
5345
2335
8040
5
2840
2329
7333
1170
6857
4259
9674
4229
5373
1901
3173
4587
3674
2525
7640
195
7666
7911
1150
1150
4469
5263
1637
8510
6724
3753
4092
8291
5692
2546
7700
4783
8166
340
7847
942
7333
8185
6767
9509
7586
2531
385
5218
6879
9878
1647
7413
989
151
1983
8044
3963
1639
3422
9935
1243
7499
1533
4428
4984
9519
6717
8265
9034
9828
4358
1928
1352
4196
8831
25
6011
5156
4662
3413
1979
8910
9306
5488
8753
9547
5124
4024
7484
5470
5200
3257
2815
5300
9767
5831
7769
4351
5613
1760
7990
6774
586
567
8248
1984
4369
776
6634
3747
4498
6979
5721
3166
8450
6245
6481
6572
8704
9053
6731
9800
9928
3231
4688
8403
4819
173
2357
8462
4214
9092
3281
2497
1059
5769
3080
8850
4093
4912
2482
6392
6103
564
642
5133
4085
527
4202
2432
6901
7948
810
202
4462
3147
6543
6757
9143
1341
9174
1355
1779
8628
1288
7463
297
6016
9703
9125
7697
6333
424
5245
6047
4872
7481
2747
4099
6961
3439
672
9952
6790
6805
1113
6705
8742
5708
7255
7038
8131
8332
2910
1465
9442
9235
7515
352
634
4117
6204
3349
1442
1259
8636
6546
5139
2076
4308
2568
7228
5936
1135
3401
2960
226
7523
9889
7741
3773
915
7674
2935
702
1416
8077
9634
2367
8135
7909
1529
2749
8696
9926
8067
9353
4108
926
3454
797
8849
3270
5747
8191
3697
8481
387
9972
9053
5129
4047
4801
9939
2767
6812
9919
8294
6393
718
7268
3453
5624
501
7466
2850
7619
1074
6172
1332
9144
8370
8008
5923
1700
1176
1088
1120
4011
1833
4424
9056
3273
7558
2458
250
8457
3889
3827
107
1890
8142
8122
4986
3426
3463
1631
9779
5085
7871
7337
6919
4255
1982
7031
9260
8446
7901
2776
6023
2297
5883
5492
6996
7399
8513
625
8734
5958
6453
4970
13
9427
697
3226
6138
250
6661
666
3763
5183
5271
7973
796
3355
6719
6822
9275
1683
3618
3919
9053
9230
1195
7872
1332
9136
408
3301
4012
6881
5833
9759
281
9282
6878
2597
433
4231
1215
1373
6747
475
298
2412
4420
9655
2269
9888
1018
9696
7103
9564
1987
1484
4498
5616
8727
1480
2778
6893
4698
3271
557
1120
3594
9565
4052
2490
5172
9476
5772
6640
4461
5233
1689
7630
6262
4264
8649
5190
9630
4974
7480
5133
455
8233
7516
505
8274
4384
5259
6122
210
3319
2729
3730
1895
5484
1488
8655
7862
2232
4941
6587
8272
6610
3713
7415
2443
1761
6176
1251
6333
3016
8068
4703
1341
9633
5345
3149
9
6875
4842
6546
7789
9440
6248
2871
5091
554
9364
9081
9896
7929
7655
3592
7163
5361
5315
8392
5765
2600
7488
7237
5836
8606
9040
5031
6292
6764
6593
6711
1228
1793
462
2661
591
9166
2923
3033
5521
2448
7798
55
8331
4982
2651
7219
5395
1056
7524
4482
7461
6658
9402
2524
7011
4089
9684
116
7152
5915
2196
8302
3777
7683
4961
8102
7389
3652
2717
707
1493
4238
4012
8490
3868
4007
3606
2973
5843
4043
4043
5120
3829
5529
9339
1962
1293
3080
4390
584
434
9965
1974
130
3973
298
6724
124
7844
3475
5075
4860
8550
7361
5917
2618
8447
8447
7128
1953
8136
5015
9588
1850
4319
2388
6426
9356
950
7193
1365
9387
9968
6708
588
6758
8717
7302
6609
5549
4599
8977
3999
930
6661
1116
5507
8682
2185
2747
7826
7115
2648
4540
9516
2445
6745
264
1030
7692
5863
7374
6578
2879
3548
2270
223
4658
5572
6766
7463
4685
9140
4785
1278
8533
7211
6196
5826
3702
7884
7359
7090
4216
5600
8901
9893
7410
3497
9374
4572
1949
5772
306
8191
1939
3097
1182
9192
8528
5538
1091
2376
4413
5572
9760
6793
8086
5002
6633
1349
6957
3936
3382
7276
9321
4284
3459
5189
2377
4866
3580
8790
9071
766
177
6263
1271
2794
1651
5070
1116
9257
2586
2797
2687
6341
3169
5675
2196
5155
3721
7006
8910
3638
4161
1775
9697
612
9784
9404
2744
1582
198
954
6662
7788
3319
8204
9985
3476
9389
7422
4901
8956
8755
7149
5379
8373
1870
8508
6243
8811
8352
4780
8582
8786
5495
1813
9449
5860
402
7355
6619
1960
8090
393
2624
9520
9345
3524
5035
6080
2636
1424
7763
3560
6130
7381
3114
4241
6035
932
3048
1045
1282
9158
4125
2417
9164
8262
5725
9779
6514
9856
3016
8398
7391
9553
3773
9086
5905
3414
6025
9094
8116
4026
8386
5565
3028
8152
3407
8934
8538
7303
7077
9607
5747
2215
5093
8538
3047
734
1537
4084
7714
701
8268
8471
849
6529
2176
2601
9359
700
9359
9071
5600
4587
6272
609
5617
8552
3313
3778
1280
7614
4503
3809
9995
9936
184
2642
9967
9921
8294
9257
5518
7408
6786
4806
1081
8248
342
8579
7792
1472
9579
8754
6150
1351
1339
6766
3948
9990
8717
7984
9161
398
7531
4568
9538
4712
2486
8700
7901
1417
6357
3452
1043
7485
407
3338
8034
7685
4668
9861
1939
7613
2153
6638
2877
7344
8155
4495
5465
7473
471
7809
1478
4818
7156
6202
8148
4975
9252
8331
6259
6737
5766
5474
915
507
6544
678
2344
9152
9084
8435
4636
9079
2423
9707
4055
4843
9915
6643
5595
7919
5268
6658
3916
1327
6819
7472
5799
5399
3806
7796
4067
1689
2324
7296
2323
7409
1737
5909
3913
6446
9449
9481
7878
9532
7958
9312
4169
8863
8911
6122
6754
8596
4283
6948
8155
3074
5008
8082
9772
2724
8830
6919
6335
6488
63
7682
4654
8160
2039
7270
4078
2270
5134
82
1302
8544
81
9314
7932
316
2555
9916
5384
9401
6604
6668
2814
6095
9145
7696
616
469
8517
4932
4837
7119
6175
9669
5245
1161
1976
6981
3574
7806
8125
9319
4363
3752
2583
9967
3884
2067
987
8473
3826
1685
3376
9020
3120
3769
7449
1887
6409
2120
2440
4261
3318
5471
876
9606
8828
3708
2184
9951
5196
1266
5341
5867
7076
1652
2382
1136
9062
6758
2369
2765
5042
8599
9579
9147
2245
4465
6189
2491
4814
1549
2957
2217
944
2051
9429
2370
593
9255
4974
1625
4466
9021
6988
863
3377
8806
7520
267
7150
429
251
964
1515
249
8620
1319
4174
7302
5055
6165
782
8344
6469
6238
5666
3224
2978
5934
1395
6347
2691
1494
8884
4065
4931
875
4081
4326
610
9217
8917
9736
3706
6085
2063
4384
3979
4583
7484
4323
6921
3929
8868
7726
3940
8583
9380
6365
3101
2266
8528
4431
2595
6579
6088
5335
4343
362
8868
3262
2435
2184
479
3445
4458
4247
3759
1954
1169
207
5886
850
8283
4105
3548
9391
6812
3906
3321
3764
9292
2192
1992
8807
4356
3867
8633
5763
7749
3187
984
2464
4664
2470
6888
344
8550
9240
2446
3961
2027
5382
8179
5397
9751
1781
3926
2076
1356
1159
4174
2137
4703
8774
8792
8840
105
688
4668
2481
8593
2395
5617
3818
3027
7548
4109
2469
9085
6016
6326
7592
150
2723
490
6087
5777
9967
7640
3279
6351
8577
4517
8723
5349
2817
8097
6902
2249
6921
3722
7457
2038
407
2244
5608
9903
7144
1843
444
3252
4840
3017
8645
9907
9266
6419
752
9471
1591
870
7117
8755
6328
8461
4520
7106
7763
8652
4781
9565
2635
9673
8652
7985
8369
6338
4992
9597
1826
8606
7710
9922
1315
876
2778
3106
6172
7913
4743
1347
4056
1907
3090
8773
7116
7696
610
2200
2650
1668
49
4677
2946
4485
6865
5935
3906
642
9895
6666
9150
5771
8012
3680
3845
1103
852
2697
9083
3520
8922
488
4874
1498
1303
3891
8314
7869
6987
5528
3768
1928
1865
1338
783
4926
9915
37
3755
9322
4815
755
3518
6545
5255
2379
3653
4419
9833
5428
5093
275
7431
3647
5257
3776
8130
9052
9739
5850
2237
1015
6001
4356
3036
1846
2206
6219
2073
6662
5750
9152
3604
4135
571
1860
8776
4532
1938
8944
6393
7045
1339
8211
118
7756
1401
9068
8101
4889
8016
6062
4494
3757
962
3998
7869
8754
1618
4932
9763
4606
7195
6584
2824
8666
1551
8737
1733
8288
5069
38
6251
7965
2466
488
9921
3865
1925
7315
7232
7456
8436
1668
9592
5714
5797
1527
9946
9818
669
5496
5341
8126
5089
3872
2218
1831
2140
8802
8117
346
1311
4835
2269
401
4438
1517
2064
8304
3008
8480
2052
3799
7376
6348
6654
8216
4444
5525
872
5467
5551
898
6441
7178
5760
5760
4569
2583
5586
1487
8723
680
4490
9545
3515
3304
7179
461
6803
3479
2026
2257
961
9679
5618
3859
9744
1282
8828
7452
5000
4740
8504
3828
8789
1158
1378
8244
4556
8534
6699
5429
7532
2798
8474
7752
5316
1425
8054
4700
1255
5180
6814
3210
1829
5610
3958
3779
4404
765
6989
914
2432
3068
9428
8715
3090
6177
3316
1050
6190
8774
5729
2115
9296
1953
9643
2089
8380
9021
5968
1503
795
5775
7670
3371
8722
837
8566
6997
5089
8886
1111
2415
7256
1575
2183
880
7131
1877
4501
9246
8440
1419
5140
4472
6111
6496
6201
5854
7546
6626
1769
3389
1246
1711
6657
8038
2362
1865
7356
6177
2445
8060
6766
9654
3192
2014
9968
8823
5962
853
5591
1655
3233
3778
2742
1332
9110
4776
2041
6181
3016
9103
5850
8716
9937
4995
891
1764
7293
5797
2810
6117
6312
4673
9257
8686
2371
5690
1510
4957
4961
3002
4439
526
3124
1914
1556
9254
2875
427
659
9218
3072
5157
9007
7941
3532
3586
6799
6495
4958
8555
9905
312
5917
4048
8530
9750
7679
1370
1448
8042
6617
8853
9668
2864
6394
4563
5268
9107
1279
2540
8862
1463
9145
4143
765
6879
6726
4174
4920
6059
8454
433
4408
7777
9508
7610
2287
7533
83
3147
3877
6212
6386
951
4472
9530
4764
9448
9333
3317
6707
3979
3523
6999
649
8241
4178
7989
3031
8456
3166
4553
5942
7249
3810
8052
3442
8440
8546
6304
6354
786
54
7258
3825
9480
804
1336
320
3204
9091
4094
5137
3402
2579
243
615
2928
8422
1245
1791
2265
8682
180
5998
749
6813
4898
4400
3680
2450
7892
5941
4653
103
5374
274
3953
8762
33
9504
3670
3221
6475
7083
166
73
6149
8734
8120
7556
9735
9387
8233
2865
1529
1691
8068
8105
4678
7887
3714
5301
2440
7643
728
7894
5505
3521
2227
534
6241
7148
3299
787
585
6447
2428
7458
6156
8371
2643
1625
4492
9684
8573
1508
8878
6040
4536
3682
5337
8388
5137
7062
9963
4154
2965
2771
9422
697
991
1366
5522
8209
1588
7807
650
8198
5776
349
700
9887
4955
7784
4344
1488
4843
3972
4992
1291
3483
9559
7173
3330
9564
6861
1641
2013
6387
214
2395
4386
6568
9296
9843
4276
5181
9723
7386
3498
6448
5026
9470
8351
8070
3634
4090
8511
3924
2608
1657
5054
2101
6045
9699
1980
4020
7616
3397
4374
9986
9557
7570
9474
5619
1585
7231
2902
6620
2672
8944
1185
1751
260
140
6948
4885
8800
7899
7994
7199
9051
5919
587
6171
8120
3311
6477
4052
4942
516
7788
5575
3417
8441
1259
4128
7017
4472
5357
8314
6532
4319
6894
6274
3425
3500
5222
7687
5768
655
5996
7653
1448
7634
6537
6274
1826
6801
4621
8528
2540
490
8805
6351
1628
863
7291
9723
6618
9817
1470
8017
6474
887
1242
7522
4587
5694
2867
9257
8037
3820
2777
1450
1110
7150
993
7588
9995
4386
3338
2448
5967
7579
3592
2739
4555
4857
3986
8085
6158
1756
7458
8624
9983
9878
6988
5383
6475
5014
8558
5470
5059
150
9430
9531
3107
4091
5355
3655
4164
6519
6277
8927
8829
4748
9252
387
7058
2666
7513
6048
2136
5170
1639
8279
708
521
9682
4092
706
7355
1148
7259
4388
7610
6448
4396
9220
3541
4736
5661
140
9550
5159
772
113
8119
5501
5896
9062
9531
9413
2969
2786
8851
216
4463
8506
9702
5164
3549
4328
6889
3815
8502
8936
5369
3273
435
3134
1813
8380
9165
8739
505
150
7315
3967
4829
4641
7110
2352
4445
4722
554
8392
6799
2415
1647
8550
5785
7209
4369
9406
4492
9037
832
2018
6167
6099
2350
9030
5341
4019
332
3511
9231
4745
5536
2343
4328
321
8183
4196
4357
4085
901
2375
3501
8367
7910
2755
4096
7383
8986
5253
9731
3272
6857
4732
3947
3050
5605
4294
7503
817
476
4935
8019
7028
1114
8258
1206
3692
4313
9809
1923
360
9697
8861
4038
4698
2209
9295
5704
9985
7564
2224
7819
2249
4627
1732
9906
4023
3573
4721
4805
2973
2420
3689
9228
8263
5650
5934
9175
7018
9448
4594
5513
9220
9007
2365
2057
7174
2216
1903
4682
7827
8501
7639
3165
1283
9411
3455
5656
6145
5476
2240
1904
6469
5984
5708
8484
6707
2396
144
3287
4244
4537
528
2961
921
7981
9993
3562
8461
9781
6496
8904
1722
5748
3652
4340
847
4417
2783
7428
130
5300
8157
708
8551
433
9123
9752
8598
9080
5726
5980
3243
4292
4262
5496
4541
1484
8137
6960
2469
120
1157
8651
290
3514
1896
8909
1895
1762
6586
6993
550
8539
1359
9205
3946
9863
549
9931
7349
5910
5045
5647
5416
8540
7807
9231
1366
5130
7679
8813
4739
2416
813
527
6502
6489
132
7883
9529
673
410
4124
4945
8074
1076
2874
4147
2337
5969
2106
7586
8938
4679
1660
8186
7477
9241
3009
210
5432
6091
1415
4259
69
5732
248
5125
3007
5580
1772
433
8301
6693
3302
1366
155
2848
498
5472
482
1727
467
6813
4971
119
7457
4667
4887
6075
2863
3591
92
7902
5096
8534
2199
9330
10
5639
8773
2749
8529
5606
1826
170
2149
9317
3143
5175
9680
1669
982
7802
5943
8573
8925
9902
4242
9492
401
4236
5245
4231
1809
3807
5657
1170
5082
5556
3177
6094
3013
5795
7063
6475
6733
1778
8716
6633
4934
3132
242
1413
1165
7744
6979
7255
787
7569
7587
2282
5483
7388
4784
5975
6816
2289
9866
4749
4507
6376
1776
3067
7322
9659
1195
8789
9109
943
1133
7891
4785
1825
6603
7113
3352
1595
1554
6064
2660
3735
5305
7873
3725
1716
8576
7501
9364
4943
1099
8700
8979
1845
3913
4814
3117
4054
1673
7370
7412
5108
3476
4680
9223
3333
6020
8559
3745
3387
3928
5768
6794
5083
288
3662
9156
5270
9632
5110
4743
3058
722
5841
2141
9347
3227
4711
1654
8259
6785
9634
2250
1204
7532
9835
4599
3296
6796
4880
3354
3510
3115
8092
514
4938
9423
9315
6155
7863
7149
4486
7351
4313
2990
818
5002
4821
3549
4692
8681
2958
129
6845
1523
4635
8478
6049
9058
4757
1427
5256
191
1258
5456
5392
6637
6303
4909
8614
5071
5860
8769
3509
5678
3769
5243
6740
2875
7891
2531
497
3606
8499
1304
4436
287
4820
3173
1774
5523
9452
5794
9905
2913
6108
900
6738
2690
1141
6352
2018
6812
373
5714
2834
6012
8649
7935
4780
9732
3501
1170
4601
3982
4240
6233
428
7556
937
6743
2039
858
2134
5419
2139
2599
4056
4666
1123
9690
9497
9050
2251
335
6594
594
7700
8713
714
8339
3681
1960
3686
1193
5638
1946
2444
8838
5947
1355
7728
7148
2379
6083
6076
841
1754
1551
7702
7358
2648
7142
6068
9796
6683
360
8449
8378
857
7413
4731
3284
4453
1561
3501
4833
2115
5755
4865
5442
9036
9187
4268
8220
7960
19
9536
6081
7585
4780
6417
6531
1112
1471
2257
6641
7127
2923
9170
6387
7039
2184
2700
3820
7106
868
3131
4905
6189
76
3493
6730
4566
137
9428
2209
6352
2947
5353
2764
2612
1146
3744
6645
7775
2284
967
9400
5616
7099
4630
7214
2961
7984
390
3458
9520
2530
8950
6509
264
9688
3156
1575
5973
1760
514
1473
7821
389
2653
8708
1995
7913
3075
8614
6957
8360
6101
2377
2366
9818
2332
2728
4020
2160
2687
6834
8886
1797
1824
850
6792
4066
4924
5021
8049
2289
3975
7414
5168
4292
133
7556
2517
2311
4683
4715
1383
5759
8765
6114
5476
9689
201
1915
6838
7479
4835
6536
5515
6794
7873
6352
1070
4890
7076
907
6627
905
2385
6186
9511
5482
3262
5213
692
1873
1040
9235
4071
4527
8044
6098
4408
1708
28
2423
4184
5897
8139
5169
3018
5080
1447
9804
2856
3465
5321
9067
8574
5175
3107
3758
3412
4434
9103
3365
549
9338
9312
6729
7122
5160
8718
9142
9387
9667
9743
8279
68
6493
4347
345
6434
820
6474
8553
4956
1625
5274
837
3679
8983
4163
2882
788
2875
1400
550
7792
3559
2096
7990
5043
6211
1011
356
2794
5750
4435
7594
5084
5527
2859
5742
9170
608
3880
5584
7394
6351
6211
642
297
6477
6498
8290
8597
3276
3061
8203
245
1969
216
6997
6065
2781
8807
4365
4556
1832
2233
4501
4850
4602
3068
6641
2790
8744
2276
5631
9501
5362
5212
8773
554
4382
5381
5567
5824
2796
3126
5264
4821
10000
6195
9372
1564
4662
2441
4871
3337
11
1474
143
8943
3809
6579
7827
8287
4595
4984
8702
2919
7624
4544
1986
267
7735
874
9978
3353
2992
1444
413
9076
840
6825
1222
5895
6482
9018
1670
5943
720
7012
9112
9165
1515
2167
7269
6525
3030
8594
6175
4865
3003
4307
5779
4276
7555
5310
8199
6917
6871
3772
7997
8458
8896
3952
6124
4900
7469
525
1635
9544
2417
2092
6286
9546
6384
3569
7643
4863
8923
9974
3378
4078
7714
1666
7226
8238
5575
612
660
1735
7994
7383
9855
7549
5991
4558
5236
1324
6533
6032
596
7673
960
5952
5230
1694
7300
5643
216
2641
2234
7910
8741
3983
595
5290
7533
9252
6570
6101
1796
1676
8929
3943
1931
3778
2224
2175
3823
6840
3053
8464
2407
849
7751
9625
2476
6347
4217
5539
7319
5723
405
6850
7785
6203
2194
2422
26
4089
8976
4140
4581
6359
3467
3451
4403
38
8364
8179
5396
7894
2911
3016
8875
2415
5613
4208
189
7577
5352
5802
4240
4103
4142
3240
117
5336
4843
1369
6969
930
2906
7483
9824
3352
2707
8301
7813
5364
958
122
6442
3452
2367
5949
5657
8002
4947
9347
8251
2801
5800
1474
468
1067
1206
6903
8602
4338
907
3007
9904
9246
5271
509
7105
6804
9655
4788
3393
1557
399
1699
7750
3232
1660
3829
9153
4526
7382
7823
8076
6046
8556
3373
545
4411
6970
1154
6539
1390
3653
961
2181
2024
5762
2093
6969
5588
4084
6809
343
9952
9070
3703
75
2849
7277
1681
3644
7731
2333
9651
8611
8116
5205
6627
8186
7770
4730
9239
2547
8762
9562
5638
5404
6153
497
8240
3337
5444
8937
2560
5770
5254
3125
97
8781
5285
8986
3638
930
3806
4454
2774
1828
564
667
5636
6164
8721
2319
1328
3582
4519
8439
8503
5555
7773
4951
8422
1772
3914
7378
2477
8375
2861
697
6598
2015
7204
3662
4337
6180
5530
8757
7473
7692
1824
4546
5158
2580
1321
178
4928
634
5481
3560
6734
594
3715
6865
8015
8484
6351
9280
1973
7680
2155
536
2801
2872
337
4935
8725
9456
7767
3084
48
1764
7366
7203
8719
1100
4672
842
9615
7731
5618
1731
5504
2132
9397
2613
3033
6833
4637
5321
6345
7739
7857
9517
2600
8795
6322
2036
1690
8347
7257
9872
9950
2939
2884
5313
5055
7496
1626
2844
3550
5511
2991
7367
9628
4338
6820
4448
78
5353
2344
3851
9424
8237
8038
4767
1354
4961
1943
1665
957
1917
2198
5924
6778
1614
2686
3794
8361
1216
8217
14
4010
722
1325
1925
7273
8725
7232
8313
7119
6916
9973
1553
3617
8341
745
977
2722
2189
4929
948
8368
7593
4520
8904
265
7587
3522
2152
5916
5148
4336
5308
8231
4039
9515
5204
1000
9517
4747
1015
6256
9740
6305
9672
5988
6235
6886
2142
9055
4774
5510
9557
3534
2284
8402
3071
295
7152
532
7052
8016
1046
9699
7859
7631
4095
6580
7324
7670
2027
2967
7812
2387
9360
5757
1022
6374
2147
3321
9453
6215
6483
6693
9163
847
8184
8221
4438
1559
7441
8749
2405
7511
4782
8625
8281
4264
8273
2715
9434
8848
6967
8312
3343
6790
7752
7102
7161
3359
9015
8842
7451
1802
7885
4095
6343
6029
2439
1830
5655
3367
9442
7760
1160
6763
8015
8261
8925
4724
2119
2065
9151
1313
6954
5537
9779
8911
7027
1063
6390
9416
1390
6990
4241
8881
4209
8199
8060
2965
2130
2767
8722
3270
4735
3358
9579
5439
8127
657
2835
8689
591
6393
1720
6732
6268
8798
5508
436
4666
8188
6705
9552
2330
5901
5044
9403
6886
8061
1641
750
9478
5282
4346
2232
5416
285
7994
5953
5691
4716
4522
4901
6448
8486
4043
8685
3600
6151
3259
9221
32
9581
2751
7718
5900
4880
8916
8210
2715
3853
3337
6814
5055
4268
9405
3457
7822
4574
7628
6807
658
6455
6056
2110
8285
5654
4614
8831
7256
4537
1967
4070
5949
212
9544
9625
3729
7512
6257
8531
3507
6469
8524
6602
6254
2943
5134
3134
2507
5784
1469
1924
2661
3986
4927
4399
5298
6813
6226
1252
5663
215
6585
4511
6056
1462
7556
7148
9090
428
9378
111
6886
3091
6009
5916
7190
8941
1611
560
1280
5671
5142
445
4382
3990
7336
3767
3314
423
7002
6750
3408
4218
6898
5382
2040
5732
7144
1118
1452
3757
9668
9074
5667
1438
834
3076
1550
1363
3769
6733
6006
9173
2976
1548
9412
1146
919
2669
1802
6638
7936
5079
9119
7922
8258
3351
3442
3452
3477
3065
1640
5386
5711
301
3821
2187
1
8224
9690
1511
9693
8408
989
9426
2071
9493
1863
9691
939
1267
9996
6168
9142
1469
8687
7911
9996
7823
966
2439
4315
9705
774
732
2071
9016
3878
8967
4681
4941
722
753
1886
5415
5943
9346
5746
9762
553
5093
2195
2962
7376
4793
7706
9031
6366
4571
9519
763
2860
3654
3421
7842
8027
2812
437
117
3238
5964
9877
1209
4223
1324
1905
4101
4020
76
3105
2046
1771
1228
1069
2513
4560
478
7722
9231
1748
7753
8050
5240
2801
399
2741
9696
3799
511
1696
2475
8844
1931
4066
7278
2010
3062
3802
8808
5817
4757
4373
6267
7938
3563
4444
3752
1080
2095
607
9532
3629
5944
1382
1968
2145
9125
5457
9100
2481
7971
7692
4475
2519
9036
2514
3931
1553
1766
796
9113
6085
1154
6892
2799
5381
2185
3169
7560
749
8843
1462
6371
795
7650
9958
5601
6060
6370
7589
5468
2590
4648
7685
7698
225
4576
7662
1114
8000
5190
9244
8881
982
3617
5686
8227
2153
4770
7315
9386
7812
8154
2755
628
5594
2120
8517
9614
4396
3213
3181
5380
8434
7383
7786
4695
8770
690
7141
4249
2399
5361
1884
1476
8516
480
3057
6004
5266
2226
6483
3018
7190
4801
5717
9377
5192
6771
8963
5468
9124
1206
518
241
1703
6531
2742
9818
6
4420
4923
8155
4567
3335
9747
1613
1560
5769
6511
3536
9770
7298
2338
3355
42
269
586
9514
8212
8326
8127
670
8567
4724
2531
3450
4857
2833
7025
6068
3607
9106
9344
7958
8012
4926
6837
1792
636
1124
4789
484
1135
3757
4288
2119
6525
4243
7458
1806
5368
6407
1716
4524
1470
7033
1021
118
7748
8692
6731
4503
7610
5084
4085
2981
9498
8095
8540
7472
7179
7036
5366
3100
6870
8749
873
4308
5291
886
9500
3415
6108
5515
9678
6148
3821
1107
101
6796
9704
9478
988
5922
4578
4401
7179
5746
8584
7149
9009
4825
7710
6215
8926
7456
2286
680
8140
406
8138
7619
4038
5332
7986
480
2748
6437
879
378
8510
7654
6791
1688
5753
658
5352
2037
6644
4309
1055
5684
848
1360
5799
2701
2163
7697
8481
6064
4036
7323
8809
5103
6471
7386
7628
7243
3389
1719
7238
6813
4327
4210
9858
1664
4626
24
2235
9151
4504
8875
6411
6870
9464
2102
8153
126
3866
2557
2989
902
6512
4244
9576
2117
100
1016
3356
9240
5165
3202
9546
3254
4531
1685
4551
7073
296
4690
5178
8090
2455
4703
4061
3243
977
3457
1208
807
3490
2767
7937
4742
5635
8631
2480
8582
7573
4315
2158
8352
1249
7233
7172
2624
1131
34
3799
1688
2173
178
401
2020
1556
9399
4321
1535
9456
3308
9688
8539
2697
7440
1100
6873
4318
698
7085
9923
8560
7353
4237
40
1594
7869
608
3134
1478
2450
1634
8363
3582
6742
8571
3304
4491
6498
6610
3192
4151
6212
2603
4342
9923
4464
7567
1274
9450
7294
860
8421
8105
4369
1370
3373
3950
1927
5787
7394
4200
5504
5610
6090
3802
209
2642
5885
3163
8629
5282
3909
4551
9507
1731
3360
9
6396
3153
2755
9285
2654
1845
8023
5084
27
6732
760
5533
2733
4929
2556
2392
9709
6899
4502
8133
6203
4879
8680
7836
658
5915
3778
8516
9080
4206
9733
6273
5009
8496
9101
8505
1766
3551
1134
7237
6897
9988
6651
7867
8344
7552
7123
5924
2487
2524
489
3026
2316
608
2421
4488
2607
1087
7205
4056
1894
8739
9269
6091
3646
299
6105
7244
6767
8657
9317
3760
638
1084
8656
2990
3972
1663
667
2495
5453
586
3547
5513
4248
8035
3690
214
6932
273
7229
5602
2286
929
7903
8682
4362
3725
9139
8928
2003
9844
1234
5479
9859
1422
4447
8075
4149
2465
3177
9844
8374
9573
6508
3636
984
7944
9839
7227
5968
349
9712
7664
3700
6591
1396
5857
7970
5105
8691
5479
9993
9294
6283
1687
6088
4753
665
7860
7592
8649
8686
4350
1330
4271
6549
5020
5614
4286
5777
4989
458
7394
4398
4640
9242
7114
6231
2978
9068
3630
2934
3995
931
7525
1981
6927
6976
6315
7159
2755
3517
8134
4361
2100
674
7799
1046
6121
7492
9782
6468
7989
6220
6187
7245
5061
2202
5985
3006
1521
8164
5105
3419
301
8410
4524
7019
7464
8159
9977
1335
864
2938
665
9937
6426
8583
8749
8065
7878
5061
1287
5776
810
7360
9087
1967
5343
2551
6
6045
1334
5202
6542
7785
275
4715
7228
2029
7161
7667
8159
2172
2707
7781
8682
4278
1282
4230
8129
7352
3088
168
5994
9727
9690
8963
3123
9298
5654
8124
8160
2852
1036
6261
1924
3641
8364
1450
4356
9670
7908
624
9853
3276
2915
2777
6068
1236
6090
6097
2439
6871
3075
5773
8622
9898
7155
5241
5948
3809
3919
6057
3605
3814
2635
4162
9927
2113
94
7761
8655
9013
6299
3429
2644
394
9496
9697
1619
3445
1964
8394
7579
6852
2327
9057
9401
2085
3484
6911
6805
5645
7172
5149
9914
5401
5940
262
5309
8861
2492
1972
6960
848
2164
6211
5246
6715
7439
2488
1049
738
7688
9197
1215
9904
5911
1082
1719
6804
2393
194
6815
7343
3268
1272
8294
2973
1443
1387
1094
6959
6522
5216
8030
6368
4006
6426
8756
6963
9911
2505
6282
8382
2040
211
7858
2408
5562
2153
1363
3140
7480
1246
8281
7520
5390
9283
9553
7100
8670
6790
1608
2217
5830
5446
3353
4070
9598
4618
6745
1113
9059
2574
4342
5337
4376
9096
8068
7283
9355
7426
8802
6305
3215
4373
3613
933
4699
3897
5493
5761
1683
1063
2835
2183
2504
3347
9338
3186
5433
9334
385
4570
9645
8969
9109
7895
2709
566
3282
4340
313
8546
4798
111
3945
9181
8835
4487
820
5133
2575
5578
9672
9977
9536
4135
5071
1574
9441
4472
4716
6732
7459
8224
5848
1010
9257
746
5069
6519
5675
9028
1722
2039
8082
5141
1923
8518
7716
8612
9761
488
8251
301
7224
4786
4840
5380
5123
8408
6266
9715
7429
9886
604
2172
8758
8230
3151
5719
9617
6416
8705
6830
9634
552
4419
9418
3209
6465
7698
7376
4257
9242
5619
5841
4381
7027
1763
6878
1623
7314
4770
8350
9957
1753
1244
3222
4379
8351
9509
9325
6130
6399
7156
602
8090
5740
2047
488
4486
3742
8907
1365
650
528
5557
5678
2917
1924
963
743
8337
1951
3660
1123
3163
5937
1841
2169
4406
8076
5895
400
3169
5249
1060
943
4328
9443
3612
3403
9016
8245
2262
9024
8657
6660
7104
3502
509
8518
7553
8130
9874
4094
2768
2671
9732
3946
4858
5027
7587
5626
8614
5773
849
1308
6779
3737
7341
6288
3171
8687
5459
4139
10000
7876
7475
2549
6379
3746
1434
3297
6461
3960
5282
8600
8764
5946
744
6299
8788
2328
9169
988
2290
9756
7697
8845
9845
1062
6932
4288
3504
2973
8688
1503
4002
2055
9920
3286
1280
664
8377
5623
6996
490
5546
4018
4199
4568
8642
5394
488
1730
448
9575
8701
137
274
6807
7725
2328
4408
1903
9952
7091
2504
4285
9006
5704
4898
9915
363
151
6908
6719
7817
481
7135
9568
8689
4762
893
7355
5377
729
8347
8238
4703
7805
9766
7585
2339
6038
8862
9270
8360
7533
6536
7462
3716
9992
4334
9014
2355
9160
1302
7069
2128
7581
2936
9421
8873
4947
7770
4774
8301
3465
3693
3972
6702
2175
4289
2622
8667
9156
456
1815
1759
4151
7294
1147
8403
5665
9489
3932
8236
9850
5327
4574
3360
7880
5172
63
8917
134
5625
2773
9904
7451
2113
410
8483
5369
580
7489
2274
621
2619
8721
9161
8596
1203
9525
9120
6912
2554
9180
8083
2509
3142
726
8676
2613
890
7867
6508
8047
8122
8873
4054
4934
1654
8836
3537
6141
8229
7234
6397
7689
7494
4835
5731
2709
6710
7008
3101
2570
1556
4846
9064
1412
6217
1306
9106
3263
7198
7279
3447
6747
9998
2605
8011
2526
7182
6128
8243
4013
6159
1371
5190
2476
7888
7318
9116
7443
6220
5861
4957
6700
3057
3111
8383
2232
475
9732
8458
3206
916
8211
8706
2262
5940
2807
3701
459
9636
6703
9395
8695
3696
1467
7924
8567
8277
7369
7785
9962
3914
5667
2120
2483
7123
2973
9395
3889
6655
8407
888
8542
2962
1119
7331
269
7440
1947
9248
4903
6341
4413
9522
9655
5051
2697
4173
7961
7282
7965
4384
9271
9566
4190
438
6954
6975
9836
1133
379
1248
2479
3194
621
1945
525
613
470
4097
4876
8806
3430
5873
1653
4544
8433
7522
814
8363
2913
3532
2374
4239
448
5608
7129
7051
469
2872
3113
7242
2877
6748
9323
9073
1045
396
9020
2778
1846
1415
6307
9199
5411
6498
3420
7085
3051
523
6167
5601
7281
9149
2665
7995
3172
4953
6156
5384
6890
2949
7161
9167
9821
6410
952
1790
7127
556
5163
2579
7684
9499
5095
4825
9514
9828
1117
3658
3595
373
1833
4980
8441
7191
8881
99
8693
1083
2794
732
5407
1461
2280
2236
7017
934
4802
3294
7098
4270
2940
2613
8109
9860
5696
2321
5407
7629
858
3552
6077
9071
9386
7182
6138
6748
3357
9873
3660
3978
1736
9808
85
447
9282
2232
9681
5488
8494
5635
9200
1942
6082
5857
9347
1189
6889
6941
606
4425
9068
9350
5794
1899
2843
476
738
7886
7893
6250
4729
9308
5085
7451
7
7227
4408
7138
656
1631
2530
9947
1953
5600
4545
2610
9169
911
3154
8704
5035
113
2004
8228
7190
3011
7498
586
1043
8190
2346
5218
1212
6589
2684
6056
5111
9666
1010
9783
6784
1145
3582
9886
9180
8629
238
8703
6692
9019
2579
4518
641
3522
4958
9202
7917
4761
7721
9191
6908
3654
4337
5059
2051
2945
1942
2271
6581
9752
9411
7766
2346
6865
8830
7077
9617
6572
1020
5988
7997
6001
763
8110
2566
7362
2960
8781
3194
6132
775
5827
4329
3547
1786
5076
6760
9035
7498
766
5936
1186
7375
3180
7538
5754
3902
5962
69
2216
9116
6944
2925
5641
2958
1479
3925
1522
7256
1117
900
7063
9169
2711
3311
3960
5018
1777
1684
8369
2919
8061
399
760
7177
1568
2598
4773
7060
2123
2339
103
9701
7101
9820
5944
3829
8413
7415
9350
8725
2660
2939
4306
5655
4549
8620
3237
102
1023
8615
3783
5598
7224
8389
1932
1728
7527
9011
7097
4650
2316
8252
7603
7258
3110
6665
4948
832
697
8482
7767
6382
8840
9139
3819
3039
9540
9419
6988
5394
7275
6080
4279
2924
3444
896
8514
2738
835
1367
5048
5537
565
9047
5474
6191
2458
274
4079
9814
2538
9883
5974
7309
2137
908
2413
5679
170
5890
102
3163
7054
4298
2916
9597
8916
5329
6397
9158
4938
877
1081
6568
3302
2504
297
1360
6412
9691
3061
8939
3997
4354
2857
3425
7297
7202
1374
2081
1353
9801
7734
2796
9632
6536
9544
9464
473
9139
3917
360
6751
2760
9364
9270
5614
5373
4767
9309
4704
1203
7365
2049
4650
9840
2986
3521
6478
278
9867
1364
3497
8982
7416
251
8859
1778
5586
473
3403
4945
9269
7470
6305
3118
9479
6933
4657
803
1408
6522
588
3212
3513
7993
9586
526
6490
23
4625
3668
6056
5447
6618
6633
89
7586
8426
6473
2587
5754
9870
8218
2114
7049
3678
1062
2473
2076
1464
5855
1466
642
9604
5204
1615
6530
4785
6136
1238
822
6592
4761
2399
3529
7477
6615
4130
2703
9834
750
3791
4810
4249
1128
7537
3232
5538
8358
9151
761
3251
8935
3911
7328
2460
669
1364
3567
6251
7032
1689
9316
3194
3055
703
162
6777
2892
1089
84
3267
5607
6539
6823
6840
3390
7958
534
446
5212
4559
4903
5837
8090
6633
2383
7452
1817
9157
9432
9575
9365
9471
2587
5970
9223
8541
8473
8461
5520
6191
2931
1461
8406
2481
9154
1044
6590
2206
3733
2939
5047
300
4000
8901
2297
6754
1683
7113
4076
1636
536
7918
1719
7004
8697
3776
9371
3928
2642
4449
5524
124
7973
3928
5594
1754
9682
5671
3639
6995
1095
747
2403
1552
5230
1261
4449
2323
4569
1749
5017
506
9718
6432
3553
9239
2930
4331
166
3948
2035
1804
7207
1645
7498
2559
5597
8917
7804
8532
2696
6120
8283
2661
6010
3491
95
62
7373
2437
852
6729
9085
6304
7982
8538
8045
7895
7318
4534
2541
2426
3106
1383
35
7191
6305
8517
2848
6554
4590
2141
5587
6059
2123
1429
4967
5275
8713
1576
2448
7596
3561
9624
2175
1181
4073
3408
7838
6232
5158
6296
4447
6597
2244
1171
6894
4569
5645
903
7414
5999
2637
9733
6395
9856
9535
3964
9976
7539
9557
8305
1818
3215
8996
6100
2060
7656
8913
6179
681
545
7977
368
2865
6247
1727
5441
6228
8428
2584
8813
3491
8810
5390
2060
9213
5848
5548
323
9688
4546
6503
1321
5911
1631
7347
6887
9828
1389
5773
7691
6892
9569
1309
4151
7228
1033
8829
9065
6072
27
4521
9076
2336
4224
9963
1286
2270
1933
8595
7526
9555
4791
5205
6852
1973
7114
6389
6457
1617
6371
9306
3686
4539
7529
9386
998
9475
1589
2897
5078
9024
3560
8357
7035
6384
2939
3137
8121
734
9258
3822
2192
7562
9395
1218
767
6936
3476
8553
1355
2390
979
913
6374
2786
9000
6404
9037
6779
738
5447
2998
6663
9635
1795
5377
8841
1568
147
1825
3784
5057
6888
3235
6523
9947
5047
1365
6103
8317
6784
8011
6146
6694
2154
1422
8776
9522
3761
4230
5380
3739
6302
4521
6176
9837
3925
6461
9064
3045
3243
1797
7599
7143
8470
9389
1037
9895
6391
4676
6533
7567
9345
2127
7402
1350
7767
2430
3645
7308
9760
3329
2776
6731
4918
1699
6337
4164
1356
4492
6911
7495
602
4076
4578
5285
5578
4039
5416
5239
404
4113
8432
7880
4398
1000
7162
6271
6218
7124
6327
2852
7258
4239
694
361
9985
8507
6448
5914
1603
6112
9982
429
4212
5831
527
4725
2893
3222
7865
5284
194
5694
8797
5560
5335
9646
8203
1244
7439
9283
7417
8664
7233
782
2777
7375
9105
6949
7059
1165
881
323
7425
4764
7421
7410
9784
3193
9480
2840
2817
6785
8794
4751
4187
9513
8523
6152
8786
1826
5468
7436
7062
2558
1516
1576
7765
3340
9296
8900
5151
7921
8424
3222
1663
8911
8854
1198
7083
7426
6003
3205
1917
979
3505
6389
341
7131
1386
7888
7603
3806
8083
8038
6579
4347
1434
3658
8177
548
9433
4895
9524
6165
274
6159
2239
1697
9399
8154
8680
9111
6725
6986
2864
5999
7696
7549
2530
3457
8299
7105
6203
3428
8103
354
2884
7225
8579
59
8472
7856
9074
283
6507
6292
7122
9686
6804
9741
4617
3867
9004
6608
9288
8047
9616
2075
5126
947
1248
5920
4224
3988
3916
8603
3046
9815
114
8119
5568
9479
3207
6875
6718
2260
7176
465
355
5638
7965
6808
9563
229
6223
7065
6651
807
1337
7031
617
4482
2500
6733
2799
1014
605
3467
2564
2389
370
8152
9442
4659
7409
8187
3636
9862
4229
7439
284
1088
3942
3717
746
7799
8231
7026
4131
7741
5741
6979
6323
76
7651
3497
3378
3617
5375
4737
5782
1615
6398
8014
2511
9975
9508
9578
2142
1950
5949
1206
7444
1441
4189
666
3300
905
7915
1472
2745
9380
8266
1614
5344
1896
5832
8915
9773
7818
7530
1579
1696
9443
4116
205
2713
5324
668
2951
3217
8933
4205
2486
9924
7671
7452
6301
4026
15
3672
5592
2576
5385
572
7782
6394
4293
4826
7807
798
1755
372
6280
9798
3693
8566
6878
3917
1629
1017
5446
6320
136
3887
4450
3961
5101
3302
4930
3756
2344
9187
6312
6161
3065
5412
2202
7343
8718
3208
7478
9166
5066
1453
4867
242
4746
5716
9609
694
1691
9941
4825
2889
2275
9858
3233
9690
4174
512
9380
7717
2575
9506
5593
4345
4695
6097
1002
9345
8305
7715
8380
7039
3183
8150
2492
4513
8894
4235
9314
2152
2214
6751
3579
5652
2169
1278
4397
2533
8439
4315
8674
4288
7446
214
9170
4918
3268
3449
1410
4934
2031
5565
7499
1467
3699
7240
7475
521
3565
2041
9299
6619
9956
8297
7027
9493
8358
9120
4977
3119
2322
993
4260
530
4277
119
5479
5474
2156
7091
185
7818
199
236
7065
9064
2737
6862
1229
7512
7899
3762
5242
420
5360
1409
8349
228
1809
8782
9133
6201
7327
1348
8987
6927
9652
9301
2541
7296
6200
1621
489
9225
1804
1724
380
6823
1551
5686
6505
4190
8375
3640
8081
6213
3339
4685
7756
8177
2057
8247
6275
2435
282
8271
4635
5690
1320
1143
3345
217
8375
4374
5251
674
7007
8863
4657
5278
6963
8055
6463
6320
9769
4031
7779
7181
6415
2245
841
9469
3087
2276
3777
289
1399
3303
7227
5564
7166
3222
9420
3484
8394
5503
4267
1484
2758
5083
569
1217
9731
633
4954
519
2388
2930
9426
2945
5487
2843
3757
1771
6568
5073
5899
8545
5967
2393
979
4929
8811
9883
5774
6756
5437
4440
6453
9840
797
1043
4984
4054
483
7569
616
3992
8336
4883
5341
9535
5766
3737
769
561
7366
7978
349
3792
1643
5667
5507
7459
9307
2038
5953
577
1171
2765
148
3384
9254
3959
9042
908
2552
681
6977
2637
6337
6315
205
4623
475
4643
1788
2888
8627
1523
4540
9521
249
3080
8716
9141
6732
2122
2524
4677
3524
858
7612
4559
4793
434
7621
3500
5746
8589
3179
7021
115
4583
2335
1228
3954
1578
9407
4809
4068
6013
7773
9664
5778
7557
2717
3999
6579
799
3400
662
5193
9108
1325
5507
213
5949
7190
17
3585
9361
8620
6294
3550
2674
7731
5502
5649
7252
4208
8326
5606
5978
6094
219
1963
9707
509
4621
158
553
7939
1612
5372
2899
5088
1952
7158
7884
3462
1945
7084
898
6641
9555
5536
6093
4332
2749
1385
4641
8798
2593
4573
7703
510
2811
311
4556
3095
5795
797
9807
9516
9816
6141
9433
7940
8296
9815
2672
3017
7806
9909
7126
2063
5229
1661
1722
8241
5084
5193
9
8915
231
5864
5871
7913
1860
4773
7614
204
5422
9379
6141
8215
1664
1959
7006
5421
1167
2877
1067
6710
8046
6623
6547
7265
8598
4986
7284
6782
1015
8116
847
6595
9257
4148
7515
511
6466
8671
8368
7674
1911
4954
4642
8106
1383
8143
6726
3548
2792
729
9138
6189
7778
126
2593
1491
4444
2258
2199
4037
5143
3759
4547
7663
9874
4592
8467
6984
4250
6017
1881
3475
2989
9861
946
6396
2456
6639
6779
2177
1992
443
2420
8583
3444
8339
7894
7460
8207
4725
2951
7530
3376
2041
606
892
7261
6556
1543
728
9258
4500
5584
5499
1996
1647
9774
2577
8554
7033
3646
9914
181
616
82
4294
428
8937
3007
4087
5154
4702
5492
7836
699
3518
3414
5920
4861
3146
1897
1353
9731
4964
7225
6304
1665
3560
1265
7124
5603
4360
9380
576
780
9529
2482
6330
4969
9533
7523
3075
7960
2795
8424
8337
7903
3042
8055
9172
4533
9496
4451
8811
7644
9823
5310
208
5849
9343
6442
5543
7438
5937
410
4309
3623
5897
9741
917
7492
5505
2540
2392
9635
2811
6701
6742
107
9387
1944
274
1784
9297
7887
7431
4552
4220
3845
430
5541
3940
2746
4487
432
946
4171
4502
7301
5351
8693
6170
2168
6405
2198
5167
240
7988
2907
6626
2088
4711
5901
4973
5584
2554
5372
7067
5091
9123
8213
6297
612
3526
8807
5016
7661
2009
3260
4169
2610
9505
1136
3492
2436
5015
628
3531
8064
6175
5649
1177
7538
6903
7866
2787
4017
4551
4606
4534
859
943
7329
8262
7509
4281
5203
516
7175
8483
3759
5996
3417
2515
8559
8219
1872
7888
5898
3126
5333
5551
909
2873
3608
2944
3756
2917
7112
6004
3736
5277
7434
1632
4241
8145
7014
8403
3905
7220
5639
7654
1135
9875
2424
2603
2434
6702
7104
9576
5147
9525
3242
6497
2444
2704
7758
2387
4384
2651
2583
3337
3034
9309
2283
9900
2557
4758
2730
4745
1325
3172
638
4388
9301
3013
6635
442
6935
5420
1555
7218
7410
3543
3641
4729
2436
5701
3231
3901
1762
950
1823
4714
2768
5369
4878
9047
8066
1467
5537
3444
1301
1407
3950
9884
7037
7551
6012
9163
9522
9348
7629
8988
4381
6405
8958
5346
3360
6025
2190
9993
4253
3637
2170
6001
1867
2141
1276
6062
185
62
7760
5441
9729
7570
6937
8845
5030
6828
8104
3437
2145
8388
3054
7507
9055
3969
2695
9306
3237
480
7954
1647
9471
6238
4904
2123
7177
8906
1918
2222
1448
8429
2140
8013
7109
8731
8169
6937
115
9150
3190
9061
461
2567
4513
8071
4704
4338
4330
8571
3312
625
4019
2537
6416
8871
7981
3229
1289
8362
5280
7450
9316
390
8300
6645
6552
1867
1837
2634
1061
2673
5537
9509
7955
6363
302
9253
7395
9901
7462
6043
8960
1836
4182
580
4117
2575
5002
2177
9811
6300
9097
7146
3589
4871
7736
4435
8903
318
2539
4785
7815
2245
339
1279
4802
527
7929
9479
5931
4142
9148
4271
3538
2935
9899
6716
7267
5508
920
6669
3675
4532
5504
9973
5405
6643
6871
7682
4434
5342
4454
7800
3738
3835
9995
8468
1858
7889
7480
3696
8648
160
8357
4815
457
5801
3352
6738
5734
7743
8371
1678
4177
6357
4565
5826
7926
2365
4344
1485
5670
1831
5164
6909
7311
6460
7815
2085
5915
3998
5877
7873
7082
7461
1772
3397
6995
1550
9635
117
9777
5254
5848
8137
7332
8285
7457
4934
6603
2587
62
2696
9943
4448
1626
5940
7829
7146
5865
5040
5170
2339
4994
7152
8201
6672
3443
3656
4594
5850
7578
9527
6187
1203
3415
1555
7349
1349
9888
4607
374
1517
4123
314
6220
1364
1086
5455
5418
236
4286
482
5355
7060
6458
4351
8760
8601
7215
409
537
868
9281
2505
8708
6699
9456
7723
5472
7048
1926
3398
7442
4576
1565
486
9108
1310
7511
9764
4883
5588
991
5667
4415
333
3421
533
8005
1746
3321
6850
1333
2214
737
6203
4181
8520
5797
9899
399
927
5150
7325
7825
4955
5428
3418
6247
4648
1753
8371
8270
19
3946
6596
9941
6179
6098
186
6566
9829
4735
8799
6122
3158
6931
7497
5846
4229
6452
597
8437
2901
8152
2290
8027
5761
8282
9728
8752
6228
116
6743
2239
3198
5953
978
2446
3723
3437
5493
7518
5821
3936
188
2246
5946
8922
2122
9009
4312
4755
9693
6635
2062
6574
7434
2747
9442
1560
1157
876
23
3271
6514
2301
5770
4119
5217
2296
5065
4241
8111
8246
2884
3952
4834
5490
9132
2326
8146
8938
4305
4283
9251
8721
1077
385
9414
4530
4101
7838
5585
4203
2474
8353
2139
2135
7307
9999
5054
3425
6638
6763
1618
3265
8434
3526
207
5468
4526
2684
6358
8884
1844
9845
4320
2018
3164
9180
6791
7164
912
425
4844
2539
4428
7846
8322
6140
758
5917
2052
1570
9267
6994
5033
9391
9811
4790
4070
3689
5261
7905
5049
3999
2057
1331
2199
8180
8604
3084
3153
1769
2001
3080
1067
9673
5874
5974
8792
7292
3946
6149
7200
1275
9794
1913
5345
5458
2083
1999
2998
3870
6568
9319
5409
9932
3455
4001
6149
7749
5435
8053
6372
3945
1957
2604
811
2754
6539
9733
3967
7582
8971
5009
4021
7726
5209
7282
2413
4167
9169
5148
8210
5823
3934
9756
1894
4649
7585
243
1508
8792
8868
4848
4036
1762
8023
1381
3788
7355
2677
2300
9879
1191
1057
1106
1970
8530
3018
9721
6847
8952
5542
4207
7784
9344
2852
4991
2908
6576
7391
4848
3453
7030
5669
1228
6952
8643
6822
737
9134
4181
1928
189
5865
5867
3772
6625
2639
6806
6330
2939
1452
4845
4981
5264
7894
5484
2794
9784
9210
4714
1697
7540
9809
9468
5694
5138
2133
7980
689
3844
2471
2648
1184
898
1356
4848
9482
7264
5060
6441
4782
9695
1956
3610
5082
8009
2266
5241
8026
934
8892
7368
1312
5331
5598
1260
2067
5305
9444
6900
5496
5997
7513
3107
1380
2059
7848
3413
343
8664
7882
8602
3336
3886
3076
2984
2986
8117
7960
2124
1060
1735
3041
4826
5359
8823
2793
3312
547
6656
3957
67
525
6494
4364
6774
2237
5756
7979
4019
5020
4427
3262
2837
7063
2848
8497
9541
8139
703
9246
2279
2370
6217
8460
4168
1406
6918
7272
6575
1586
9074
9093
6095
9723
920
2117
2032
85
5930
119
2289
7214
6540
6804
8725
6964
4510
8676
3108
4946
2172
2209
9270
9199
9011
1808
4343
9540
276
6543
4063
460
7640
7136
968
7650
3376
7574
3697
7356
9488
5772
1460
6048
7512
2346
55
389
9185
4039
7160
3114
8730
7118
4721
9560
2805
6783
4018
6516
8175
178
985
1904
672
3170
8649
7527
3402
1017
6965
778
1179
5332
2452
8150
2873
3212
7018
1244
8256
5324
6588
4219
2483
9650
7206
7908
578
7404
4457
6686
6985
5994
3644
6667
9262
2234
4063
1840
845
9943
9287
4376
7774
625
5201
6522
1865
8651
8973
9150
7701
5722
3721
4419
8302
2443
8895
9980
3553
4047
7993
7077
4712
1355
2139
8049
3114
7714
4290
5477
3371
5550
2881
6326
1835
4782
196
7538
9252
3488
5376
9523
1533
6767
2664
9266
3890
7693
6608
4239
508
4796
3613
31
7287
6662
4357
6999
4046
7466
1484
1569
4403
6860
1288
3134
9291
5236
7955
3294
2682
7076
5364
499
7356
6566
502
3429
4510
4361
6495
4403
9830
8407
535
541
1200
6221
4661
7991
9415
1097
7788
5137
6639
2316
3928
5008
4222
9195
746
27
4260
8991
1980
4158
7984
4333
2533
7893
8435
4629
8209
535
1321
5309
4866
3354
8443
4630
1823
9768
7429
221
9448
6206
2015
5950
6488
1056
2349
8979
9441
8135
8144
1439
7916
8859
7399
9276
1566
3917
9614
8621
6685
2957
2558
5172
7301
6769
1760
2826
7184
2110
212
9288
9065
1782
6159
170
3380
1301
4262
69
7754
7263
5682
9896
8241
6277
796
4507
3649
59
1829
5805
2680
9228
1912
4233
5272
1425
4277
8774
2724
9466
7551
7785
5444
4838
7565
4484
1098
7018
7342
4950
2728
870
8939
5283
5904
1241
2334
7102
1656
2418
2755
3543
1629
5948
8750
4741
4666
1546
9811
177
5265
6567
9890
6008
2133
9815
4513
6033
9762
4794
7385
4557
4162
7801
1704
6398
8613
5913
1422
4054
8535
7096
9223
1166
2466
4060
6392
9247
9632
1725
6002
7434
8361
8091
1822
1360
7301
9467
2840
8651
1168
9743
8784
1156
695
7475
2112
2491
9847
1913
8710
2324
6038
2003
920
7111
3703
225
9034
6023
8535
4019
3652
1907
8843
2850
7070
6967
8146
2766
7528
3330
7732
2115
5696
5807
3243
4875
3590
5572
4643
9209
3471
2176
5963
8069
8367
7439
7017
8324
360
4854
766
8364
9307
9724
6397
7769
2346
9827
6125
2103
2976
6186
1848
5611
1972
1587
9309
7863
5494
5287
1855
4286
5011
6414
9687
1308
3307
196
9362
4346
1430
913
1024
7614
4230
3603
6415
4552
4391
3970
1174
7840
1002
2077
8060
1308
3535
5303
8941
7412
7130
6392
703
1543
7073
3208
1230
8591
674
6772
137
2804
9635
7662
9193
7582
8512
9386
9361
7474
114
5677
9856
776
5305
2667
7113
1841
3006
6267
2015
1257
1599
5367
3880
3827
6478
7074
3815
2249
6222
2111
8133
2277
2969
8758
6723
1647
5512
5433
4458
5982
4395
6188
6566
6658
7312
7917
7547
1813
8443
4606
6319
7578
554
5537
7344
1677
6935
7196
8122
8120
6750
9842
8058
531
828
2388
6559
6541
7789
6289
9358
9346
2015
7801
6271
4993
6663
5420
7051
6694
3131
1009
5417
6984
9545
9517
277
3098
8852
7632
378
6315
8870
9287
489
6345
9895
8000
8079
9207
1065
4419
8827
2960
2785
8543
1019
5448
5698
3473
790
6559
6578
727
777
4160
6091
3984
5624
6686
9833
6113
9036
4030
5366
8233
1570
4083
2927
3318
7096
3321
881
6457
9599
6393
5776
7393
6539
8639
9427
5846
9216
1464
9507
9644
6314
4904
5049
4109
5072
9326
3254
6530
2753
5299
5412
8001
3111
1094
7277
9036
4309
6007
3836
8741
3207
6925
420
7502
3057
4320
1358
7845
6646
4814
1243
4603
1795
7608
4508
3932
3518
7382
275
1951
8536
7083
8793
3957
3611
3149
3226
4996
4324
2116
9307
1927
621
8431
4207
3582
7394
879
3366
953
9778
3153
8807
9275
1842
4931
4519
1382
8980
5645
3195
1790
8763
4320
9352
9174
8055
1722
635
9538
3183
7160
5171
6886
9632
9667
8668
3583
2924
6993
4820
8046
8250
1872
1287
4104
1393
2612
8286
2498
7113
8065
2772
2932
9732
9492
8698
9790
4758
9776
4432
4811
684
4144
1166
4807
8612
2077
4322
3481
1542
3972
504
5338
1476
1003
4042
9138
9205
8179
8142
6440
6635
7071
6600
7259
9086
1735
8498
5475
8412
2156
6970
2203
6805
6359
4747
4737
9550
8118
9247
6141
3847
9615
4056
6812
7727
5038
6981
4160
3360
7412
726
9119
714
3531
6527
4169
8175
2836
2631
8723
4140
5170
3136
8633
7493
573
4353
6909
7
839
8601
1949
2088
1884
2102
3363
2157
8272
5988
6834
8392
5403
4132
1776
3199
7783
2098
1849
9543
2941
4858
7548
7996
6534
1553
6720
2529
6078
9861
3344
747
5732
1765
7554
8658
5495
1655
7961
5307
2756
7616
6186
6953
6391
7680
5071
6283
4302
4169
5256
3649
2779
915
4079
4232
6120
9174
2317
6969
7246
9716
2457
9824
9140
8680
3878
3402
1279
8493
3922
2835
10000
9467
2583
7294
6841
5370
4041
4171
4247
5139
4722
8810
2915
7206
3292
1488
8549
3736
4903
9056
4635
9
2503
2025
4302
5881
3854
776
7510
5941
256
6108
8317
6495
1104
4234
4621
6908
2723
9533
9031
26
4493
2129
3554
3447
2048
3388
5453
9811
2261
7695
130
6960
2459
504
4608
7693
8110
3007
7581
6313
9330
4204
5836
8971
7637
1013
7992
5744
1891
7755
955
3759
3355
3777
2505
1696
4159
9469
9575
3388
4327
3042
8881
6016
3640
2167
8418
4080
2230
4072
6506
459
2364
9884
9926
7744
4354
4969
9952
3758
46
1961
4939
8485
9459
7588
1271
163
4906
8322
3325
8921
2612
9542
8905
8170
8933
224
5179
8177
3644
7327
7494
3085
3152
7783
3780
9493
2863
8109
7085
8331
1451
6533
623
6157
8993
4829
3360
6798
4263
4047
5523
6906
4720
1492
9530
7656
3651
5330
8925
4311
2747
6251
8345
7785
5784
6446
3833
4517
1522
5998
9406
6230
9551
8771
5814
7861
8792
3636
2109
5347
6216
278
2198
5973
2217
4904
5560
3871
9196
4959
9453
9791
4595
2556
9237
8358
1933
4049
9303
5994
9281
9292
8203
4358
1386
9135
6387
3165
2067
2807
1478
373
7616
7159
5398
4436
2805
6568
1155
2773
7204
8751
2255
7174
3906
1029
4431
5518
158
9070
4683
5467
7766
8332
9915
347
4675
5202
7072
1624
9665
8271
5404
486
2713
5658
1574
135
1460
4529
2668
7851
4328
6865
6161
3279
3458
549
1919
6355
6175
4729
4863
6332
2871
3963
6213
3395
6005
692
5411
2184
2858
4818
4944
4474
9537
7218
2497
8614
7898
4927
2563
8679
8788
1671
5761
1168
518
1835
3370
2385
9672
3591
2349
6775
844
2304
4209
3071
5435
6509
9842
1177
6395
1392
4384
3907
7929
1857
686
575
1920
8814
7795
4631
8507
9358
2382
9860
7096
681
1963
6792
3058
4071
1133
28
4940
6829
6568
7111
6139
8685
3158
4563
2002
8870
5760
8848
2600
2877
5846
1785
3423
2731
3497
9064
8283
7691
9316
2159
6112
7450
4087
2682
5105
9291
864
6163
9950
5405
7481
2866
5230
9864
1033
4879
1572
368
9315
2572
8080
7557
7289
752
9928
8686
26
6523
2416
8335
4575
4867
8553
5320
4715
4482
7054
8765
7364
8276
6363
6253
1964
9288
468
6428
3062
3139
9527
1802
8315
8091
2846
8710
6164
6695
8709
8156
4616
8854
9896
2694
3137
288
2231
2887
5136
1758
1231
2507
3597
1878
5617
2821
9465
9468
1830
6185
3916
159
2681
7858
7035
7967
2616
896
4610
7623
8521
5832
1212
8854
1946
6572
9546
904
9576
1167
8741
4709
9827
1928
9731
3751
5137
9433
6137
8378
5266
5263
7632
9638
6211
2288
8037
6946
1083
1555
9957
8159
7074
2503
9696
7210
6680
2173
8291
3976
1765
6947
1395
1020
9924
9392
5022
6440
6407
4767
5483
3208
382
7857
8977
6529
388
8765
9207
2882
9941
2393
5653
2399
4244
7728
297
1915
9566
77
5149
7017
6692
3574
6716
9689
4544
2228
7188
3140
7126
2285
2396
6535
303
9461
8279
1666
2379
9212
8899
8513
2040
7813
2493
4576
6917
847
3503
8765
8676
235
4402
9527
3609
1174
4696
9296
1150
5026
9901
4173
4273
2992
3243
9107
8898
7925
5548
1282
1111
841
3609
5104
7125
2264
7139
4536
2644
2175
6335
9448
4832
2214
9093
9092
1082
3997
6159
3724
2263
1384
9779
1970
2983
6145
2555
9199
5028
2978
733
625
8718
5832
6544
4535
8913
6623
8034
9043
5619
7171
1929
7879
4590
4216
3645
1222
9195
793
541
891
3409
1759
2488
9501
8388
5794
2401
7747
7988
4736
1956
1614
1124
2409
6232
4520
2862
4020
8504
2137
5320
4814
4056
1520
5898
1951
9997
5695
7578
1565
9434
6639
4237
9302
5296
7855
6784
5233
576
2522
5260
2672
4776
5710
3655
9222
510
6001
6709
3290
4623
2158
7619
2206
3908
30
3582
79
2169
7710
4642
7152
5216
8485
5603
7156
3429
8007
6776
3030
1148
6381
6990
2980
7075
5097
4087
3841
9105
2190
5808
1327
5926
3175
5751
1273
4272
2187
2146
6891
3827
1888
717
7627
7084
121
4191
2365
3259
7501
9555
107
7996
8841
1775
1581
5312
6760
2664
4308
1301
7525
674
1042
1001
8950
2354
9519
3044
8178
9167
3214
7383
9567
8037
5558
4608
7811
8802
9512
6161
7352
5886
2222
3482
4036
3110
2759
7126
5140
6725
3752
7476
9767
875
7616
4648
1685
225
2389
5640
511
8514
5496
4448
1759
5784
2328
38
8576
1890
1420
5398
3401
7928
2540
5529
8035
7167
5053
3023
3945
4610
4916
1931
1628
3935
2835
7305
6485
1411
3874
8377
2925
7750
3160
5401
827
5570
6387
408
8652
4020
2258
4048
426
4813
1644
4936
5302
459
9771
142
2204
4229
7435
1466
6109
6832
61
9262
2162
3715
9675
7746
1350
5945
2154
6665
261
7560
3139
6110
228
1660
3017
4095
8342
8261
2638
9936
1962
9914
4730
3809
4492
5346
3301
5916
8190
9197
5261
3360
1574
3113
9590
8329
3344
9490
9244
2029
2723
2276
5826
8956
7431
8827
2853
1789
3884
325
837
1097
5939
2472
5563
1050
7946
3101
917
6081
3918
942
6249
3839
384
2471
7654
7582
5923
7444
5829
766
5485
365
5106
4194
2649
5357
5061
8040
64
191
5640
2511
7564
2936
9676
8312
2874
2624
4370
1574
2005
5382
4395
9923
5719
9870
7703
3168
3393
7305
5247
2350
1234
5922
8902
4260
7735
4261
5197
5708
8354
7895
2462
8057
2086
6409
8578
216
887
3183
9170
502
2407
7882
8985
9152
5721
3881
7645
3955
3212
4012
4492
223
96
4134
579
3849
1238
8488
1992
5042
7881
7076
2819
3270
5319
1841
721
5018
9689
7611
6612
1528
8308
726
8645
9967
52
2920
2798
5361
3022
385
6098
4449
6857
5338
8829
2499
1095
9983
6658
5859
2610
3959
8047
4261
1336
3339
7945
5145
6812
8125
7297
9315
5561
5799
7985
5488
9681
7054
9394
5443
1609
6882
8650
2304
4823
4148
163
6623
6280
6940
5454
8604
1536
6533
5145
2081
5624
5333
1419
3925
2075
3798
5684
7328
1526
3249
6917
4149
9398
2788
1073
9913
8398
5489
9998
8263
1211
5457
1431
4061
2712
6503
6373
9493
4079
8413
6007
8628
6777
1966
7399
5438
1085
3108
9982
7360
7816
3669
7154
906
8096
7535
953
9615
8945
5641
8596
999
2480
7543
7791
9463
3950
5025
8925
1098
2396
6237
5263
8950
4791
3407
4975
2390
8941
3567
837
3139
9043
6849
4295
444
7810
6413
5404
4166
4998
6892
6282
5934
7670
8779
2814
6215
9986
4857
9059
2894
7555
177
4509
5960
8880
6953
3025
4265
2998
2892
9433
6297
6513
2465
9674
7632
6530
568
6896
669
1001
9486
1148
6197
5065
8112
1535
4308
355
1957
7293
309
8741
4809
2936
7470
6731
6407
6406
6058
5892
5903
4409
4165
674
4933
967
4015
6693
6147
1130
1635
4850
822
8010
9559
5447
7261
2402
6086
4954
7441
5895
4633
8005
6038
4577
2932
2953
8510
6401
4831
5195
3013
3483
2559
4068
8242
7423
5419
6722
7336
2707
1457
6169
7567
2861
6959
9933
103
6687
6310
268
7567
9229
7145
9104
3908
9797
6503
9471
806
62
2
2851
2538
3422
409
6645
7966
5915
1993
2163
1518
4740
9872
4187
9186
8919
415
9707
1456
6752
883
2649
9624
949
9921
9073
4017
9197
7815
7972
980
3397
6460
8794
3957
8603
2958
9947
7085
6395
6568
4967
4017
1709
1963
2278
1648
607
9244
1805
3288
4417
5838
4571
1660
2645
3094
1458
9864
1911
2658
4070
3163
7871
285
7937
2832
9195
1646
6387
7255
4209
9249
6661
2054
5447
7406
7102
961
4476
1588
9074
2492
4351
96
4553
5482
7396
186
6024
7027
396
6699
8489
7945
7233
380
7297
469
7115
6870
7460
5674
5907
5604
9305
4315
8211
423
1458
6182
273
663
940
408
9309
6805
3067
1495
5588
4875
8573
2684
8024
8293
416
4625
7302
8499
2651
2839
1275
6107
9429
8109
6782
2037
6313
3846
5974
8840
24
6951
1778
8713
7218
4721
5471
9450
997
3735
5829
7883
7623
7417
9250
2937
7161
9918
8724
6793
3799
5739
9682
5330
6435
9321
1649
8298
9973
3774
1167
505
6582
4823
4474
3329
5600
9443
3680
3595
9090
9150
295
3696
2057
5849
4038
4261
2333
4909
6073
7753
9647
7393
4850
84
2908
3838
1948
8714
2045
1038
4695
2159
15
7333
401
2069
7869
5878
1727
4073
4628
2300
4864
7581
9781
104
8766
7440
7650
7456
5129
4631
1192
7811
9493
378
5025
5068
2282
2141
7270
459
4707
2929
5620
3624
46
3492
3427
7749
3121
5022
6752
1260
7274
776
8127
5947
1916
2824
957
5658
954
6092
7728
2537
9631
9302
1529
1038
1889
627
5934
6384
4931
6569
8900
8002
7045
7291
7920
8105
3757
1421
4215
5140
9074
3480
5643
6672
1802
5324
6336
7776
9326
8208
1243
6846
8299
5084
2334
3427
572
2390
7396
6342
5555
1660
4496
2349
7078
3410
3331
7978
1229
2056
9312
6187
1341
3044
2314
2047
3567
774
4867
6604
4091
4302
9990
8671
50
8785
6972
7781
8894
4378
4181
7828
1630
8681
1859
1474
4186
7734
985
5701
5202
8592
6919
1175
122
2436
2837
7181
2817
4735
1161
5836
4093
6884
8102
1941
5544
9501
2661
2956
7849
8432
8053
2073
9121
1206
2100
803
2199
4633
733
8047
7870
4132
4430
4432
6256
6875
2358
2013
8480
4894
48
9775
9706
1134
7806
68
4413
875
6691
5622
2729
6742
8542
2609
6200
4610
3615
8301
2320
5935
417
7818
8405
762
47
5124
5523
4957
2704
6211
8834
5808
9488
8305
2510
1815
1932
2878
1954
3137
5869
781
6093
134
7345
3635
8868
7357
5362
647
5894
9010
3749
9034
4031
2075
5079
5449
2240
9162
3669
4978
1624
2240
5127
1987
3669
8204
1593
85
2032
5712
6254
593
6526
9438
3518
4296
4118
8351
6179
640
6022
7048
8095
6156
9494
4397
535
1987
307
6559
6494
7128
1554
9461
4564
5173
6337
9032
4624
7708
8064
1117
4252
3830
8255
7491
7713
639
6921
3501
9563
5780
2004
946
5088
5260
2124
2250
1447
2306
8704
8103
7783
1028
8224
4931
4378
2418
5278
4168
2203
2488
3930
7861
9463
9120
9868
8817
3309
6068
9079
1116
1482
9733
6549
665
9758
1212
1570
8842
8381
3302
7481
7667
5334
1592
7194
561
9815
6645
7768
2350
9575
3580
9699
1404
7094
7462
4886
7481
1266
4072
3028
3208
3694
9991
9431
9852
7751
8758
9469
6094
474
6979
1324
2699
48
3278
4952
8949
1991
2660
7394
4511
3722
8716
6648
1997
2151
8033
6388
5639
3484
1145
1043
4134
8304
9856
8170
8441
2677
569
6231
3160
6651
3023
9504
153
4666
8076
4515
821
2802
3675
7221
2959
4214
3908
1360
478
8331
2457
7699
4411
1624
925
3896
8503
4133
924
4446
5600
8167
649
8752
6926
7754
2791
7012
6783
2631
9606
1388
7952
9690
921
9720
8478
7652
990
9986
3216
4539
5762
326
9268
7363
621
5589
6318
4795
9497
6125
3531
3740
8324
645
7213
8750
2921
4778
3889
8071
9284
8946
5639
6784
2788
4172
9557
6851
6020
1858
4662
2668
7044
2738
1614
5
6365
1223
6939
7078
3503
6994
5770
2937
5366
69
8508
8174
6248
1643
3268
7176
3913
9210
2785
8766
5812
5265
853
5628
7309
9259
1898
5610
6921
6696
1049
6775
1215
1018
3560
7732
9047
6774
2678
6934
6995
4571
2743
9203
9014
2765
9705
5467
2186
9524
6985
226
7531
299
7287
8703
2352
6771
7711
1748
8102
1800
4571
1786
1185
6616
886
9251
6984
6602
3329
2579
2902
8049
2420
1945
1397
9708
2361
5653
5843
615
7103
8687
9339
9823
1686
5196
4512
3673
1366
1215
8945
3291
9711
5440
1871
9337
3717
1965
9772
3860
816
6390
9055
9711
6365
2742
2408
7004
625
3109
6663
5644
4943
9968
86
2670
376
7539
9681
3013
274
5042
3631
6536
5421
4021
1333
8473
7970
8536
592
219
5273
1134
1906
8795
8015
5943
2659
4854
436
2070
2392
36
1426
3672
3907
1017
540
7405
1252
4303
2183
6398
7761
5561
4939
6915
5626
4897
5538
2436
141
8867
930
1330
7642
6061
9685
5549
9964
7849
3940
6161
9568
4694
5160
8032
1515
5079
7517
1084
6690
2263
4620
8301
240
3140
9895
3023
2280
2971
2466
6406
7660
5451
6965
5528
4123
6220
6863
5976
2518
9501
8130
8938
8296
2604
7763
1258
5184
1575
3953
7420
3928
1554
6362
1933
1150
1833
1725
3263
9372
5427
3903
755
4786
4313
2180
6101
8906
4156
6853
4561
604
9019
3401
5561
1585
386
3769
3865
8801
5325
312
1416
1354
3753
2590
1340
6655
214
7667
2606
738
5153
2524
999
3535
21
5072
4187
1360
5624
8095
1550
4959
8295
8850
444
4995
6724
7644
7391
1692
9811
6062
339
1718
8179
7031
8711
9688
6091
6806
8605
8128
7218
8174
6026
6013
3493
9230
6066
7832
7589
9414
3876
2837
4605
453
403
6754
7245
3871
5499
759
3026
9756
6856
6323
5648
3627
2336
1767
781
6173
9147
8898
9069
2620
2693
2804
8005
1048
3124
5705
6706
2852
4038
9199
3175
3452
6978
1361
3131
5685
6040
9515
4980
8612
144
522
7345
1588
7195
1218
5920
9791
7421
9283
1956
7451
169
1728
3524
5527
1685
2745
808
6261
9598
4331
7922
9836
1159
9938
3987
8933
4992
2902
5881
7408
7906
6672
8501
6885
7371
8851
4745
5711
6978
8630
1393
2676
8995
4136
5537
8171
4646
8410
2626
568
8450
6008
8807
2218
5327
2997
7579
3208
7687
4058
3359
7193
407
7380
5514
1808
3863
4063
6206
3681
1381
3342
4030
1440
1486
4091
6687
9212
8404
1587
7917
8802
9498
2989
9618
4791
4709
661
5789
7941
9998
1247
5582
7838
4704
5008
5936
1010
8855
3366
219
8403
785
5399
5804
8968
2195
679
1720
7744
7065
2513
8366
8021
7927
2143
2068
615
5189
4250
7456
8793
3556
4053
3122
410
3868
4064
456
8541
9181
1143
9120
6511
5919
9240
5255
4973
9757
8289
5247
6693
5930
7212
6102
4527
2810
1625
3470
1163
8635
4601
3664
8327
2762
9787
4026
8064
4366
6047
2082
1367
2082
3734
1733
6384
5919
7989
5408
7478
9870
3121
1285
1172
8189
4717
9626
8980
4239
9737
5576
8422
6104
272
6807
9480
5164
377
3935
268
6555
272
6974
1306
6517
9328
4777
881
3531
3825
3791
8978
259
1246
6768
7453
3071
6170
585
9827
9678
1334
6261
5815
8043
5018
4027
6987
729
4955
4626
7362
9604
4693
9984
8560
6070
8592
8184
8619
9429
2957
1830
5455
4604
311
2833
7701
7554
6338
368
448
3654
8879
2141
6061
3877
5077
6211
1388
2971
9620
3880
9743
3259
1725
3424
7566
4808
5946
2826
1783
8506
951
4343
5718
7407
3430
5087
7381
6793
2886
3512
2575
195
3826
6924
5427
7623
4430
7973
7631
4498
5219
1756
4054
6369
5309
2448
3533
6193
5539
1105
3449
2069
9104
3961
1567
2467
8253
4985
9245
9519
4095
7988
5490
6807
1744
3806
9896
4214
5547
8235
5301
636
271
1213
2336
9363
7974
445
4747
4713
8925
7088
3384
6767
431
7837
7893
4147
1879
555
5484
1906
7194
5270
2516
9079
8064
4215
9947
4249
9752
7209
4743
3722
3475
3104
4317
5045
8034
9342
3826
3982
2032
4365
9451
8410
6971
6719
6150
1162
7337
6820
7030
6629
1737
945
3302
7721
2710
5883
6864
6371
8675
4500
9456
9761
5330
5524
5784
6427
7221
1384
3131
6846
7752
6497
7942
7968
2108
9667
9291
3549
6954
3649
1907
7463
4363
2525
7953
4958
111
6433
6601
2509
6964
7967
3437
3682
9891
2294
2093
1227
9176
9417
8093
5283
3946
6929
2157
1167
5044
3708
3639
485
3697
29
7442
4116
1360
3290
1788
1591
3976
6837
2096
6949
6077
3736
5078
4776
6212
3262
7838
3920
5026
331
9167
2962
8788
5524
934
5390
1140
9104
5776
8425
8033
130
7971
5824
3307
2419
282
1749
5177
7096
7460
2114
8179
1226
4306
1503
4822
2177
23
5857
8182
8495
9373
4452
9802
1052
9852
7297
6215
178
2327
5939
5272
8530
8599
4530
1577
4477
4606
4962
6230
3780
8484
5986
1839
8321
3455
9951
2415
5590
7263
1865
4161
3827
6402
1523
284
2780
4354
2305
1078
8173
9906
9118
5326
4138
7594
3869
8269
7882
3559
8080
8680
215
653
359
6087
7606
2708
7866
3100
2150
3495
2714
7146
5639
1868
488
1082
7992
7995
4919
9441
4982
3164
7915
629
7331
1971
264
3331
5509
4385
9280
3041
5054
6553
9173
6347
7054
4747
7771
2991
8138
6225
9764
5197
3774
4671
7189
8943
8026
9377
8224
7369
4360
2257
1524
5308
8496
7239
5724
765
1344
8423
1626
954
7188
9545
3741
9352
4039
5825
491
2691
2204
1831
3085
434
3041
9008
1979
6815
5353
9653
7259
5336
5183
7634
1091
2061
9286
9028
2229
9024
8188
5899
6712
438
6322
3918
9062
3566
4877
9572
1127
216
6929
4884
8827
6970
3131
6387
2400
770
7807
8782
9909
8556
4467
160
3945
2238
3167
4802
4443
1526
4303
7719
8212
2526
8259
4893
2665
6301
1730
5490
8745
8736
3321
3035
7241
1184
180
733
2025
8153
2554
8613
588
4780
3237
6140
620
7498
4528
1935
9317
1502
7700
9286
353
3631
2862
5379
3563
2524
4397
6413
4069
631
6984
6565
5793
1737
5591
2113
2703
7526
1496
9594
4865
4178
5333
823
5431
6395
3415
2682
7842
9794
2307
7519
9663
4843
7403
6721
7990
2051
1412
9879
29
5914
8319
3866
7413
8458
7013
235
5770
2763
2799
7564
9222
9800
1206
7092
6035
8251
6131
7813
7074
9859
1041
723
998
8038
730
4929
9540
9667
1479
6584
827
2962
6371
7756
1212
899
5853
2739
6126
6334
6635
8198
5732
9147
1139
9671
4369
6815
3308
7042
1518
4278
3983
9897
9920
6803
4990
3620
1928
3939
4940
8551
3525
4135
6308
9870
8007
4223
4596
172
7239
589
7904
8358
6996
5543
4168
5214
8850
6671
4725
5318
2174
4919
6194
4446
8742
1720
983
2145
1379
5925
9881
8571
3176
6392
9558
9191
3849
9662
5649
6369
9761
801
9686
1050
5673
6577
2288
7709
7380
603
4744
5398
7688
2769
4499
3938
1728
9708
4275
5828
923
5971
990
2228
5229
4243
1067
3996
9280
3311
5381
4421
6070
4088
1790
2572
4241
6181
9863
2857
9724
9080
439
4782
3174
172
15
1704
5261
4284
260
7142
8883
8999
3858
9873
8179
4988
7867
7243
2930
4044
4645
9562
6631
8787
5867
6676
1708
2605
2484
2459
1019
5803
4075
353
4244
6894
7707
6995
5218
4633
4722
6047
6566
5936
8013
7170
517
3442
2291
7481
1885
5780
3526
8475
4369
969
2901
2177
5163
475
5210
996
8730
9150
6152
5732
694
5653
20
8336
8772
9253
8823
9471
2537
9599
4443
8923
6955
7860
7900
381
5483
5658
2618
5519
1978
7201
6838
7530
7304
7768
6496
8415
8537
8380
242
6205
6843
6179
1812
6977
9764
2640
395
2067
5978
649
9911
51
3904
1567
5616
2790
3847
5701
7144
649
8155
8459
9028
368
9034
7127
6929
6584
4812
6608
865
9826
8323
5901
3128
8206
4795
779
810
8103
5741
2948
6707
4498
3354
6787
365
3820
4048
5120
6172
2772
6368
1526
4362
9554
5747
548
7690
730
6786
5681
2397
3711
6976
1449
8885
738
5495
3444
6578
3413
4829
5235
3026
9375
4767
1277
6538
9159
8284
331
3864
8576
6165
1288
9962
4068
3551
9662
4570
6423
357
8387
8973
9722
2643
7399
809
8116
6732
10000
5205
967
9010
5736
8
2974
6391
894
422
1016
1243
7849
2406
518
2901
4451
5484
6573
3347
7466
7545
1258
349
8841
6884
5706
9226
9446
9393
8101
536
3909
8125
2013
6729
6023
8277
2151
8765
3656
5236
2463
4426
8151
4409
723
4579
4925
8652
2973
883
878
5853
6408
1626
1740
2311
324
5081
2978
5805
209
1255
1530
9710
1288
918
1096
9681
6
9977
2012
1862
290
6991
9039
5055
2896
7668
4384
9198
881
8081
5190
2290
8430
9455
8014
7122
9779
1583
8023
1233
1064
9621
5393
498
4619
5813
2564
1418
6386
4217
7553
3654
9115
2766
9571
43
7631
3063
6084
8663
1953
5525
5386
6739
4079
7225
15
7741
9825
1549
2214
5628
5218
367
4278
7365
8692
2565
7607
9185
4501
1920
3704
1787
7688
7459
3980
4166
134
2898
991
5625
218
4568
2462
3461
5876
4169
1148
1018
4221
3229
4774
4849
5388
3982
3559
5355
1383
2597
1471
4080
551
9463
4550
5603
9845
1066
4253
9598
5335
2359
8657
7532
521
4304
7714
3507
2858
8442
5922
9363
411
8338
8406
7941
1257
8801
9194
6717
9292
7358
3717
7014
8828
1613
491
9675
461
331
2140
2703
8717
9913
8498
9976
6962
8701
5611
9654
8682
4728
2943
5847
2785
9083
2006
978
5712
1578
1365
2464
1387
4014
3180
3628
1491
2834
1923
3601
3601
2291
9198
2420
495
7195
8772
128
8384
348
1036
24
3506
5728
9896
6933
597
3697
1380
8932
1317
872
9955
9000
5541
1130
6723
8368
1217
6902
5840
6512
4230
5288
3602
5238
5338
79
7227
2106
3426
1566
4908
6312
2803
8829
5908
3537
8671
5241
4997
7928
9468
8460
1682
8281
4581
6878
1796
1150
7078
7837
2690
9472
3390
1819
8395
4043
5285
7968
6197
7984
8672
6012
2896
8948
5491
2253
3700
3332
4858
6100
4531
8719
8349
3081
5728
4195
3515
9179
3125
492
1695
7686
7734
3502
35
4598
8683
3669
7407
4806
9903
9326
1819
1070
3514
7925
3435
7886
8946
6825
915
3493
437
1910
4423
5437
1419
3812
4556
1528
5298
2024
6740
4417
3404
99
6809
2844
1808
3570
9501
4735
8113
9647
9273
3659
799
7732
2132
9503
498
7426
6396
6274
1596
2270
4339
3074
398
4480
6703
6100
4948
8603
8985
4893
9994
140
883
939
2053
3479
925
1148
991
6737
8833
888
235
4599
5350
3685
4206
1042
774
1517
497
2052
611
6671
4906
3195
7664
9027
1507
2680
2662
5725
3277
5570
5926
9592
6280
7082
4022
5650
668
7994
3652
3478
8719
5861
9947
9771
5874
1224
4309
8438
714
1536
4697
1989
9576
9606
177
9051
8392
8034
7367
7599
2834
5293
8808
9240
8241
6514
8750
7158
5098
5425
1974
1623
592
9282
782
2271
1225
1838
1568
2629
7852
5739
9173
7490
7519
5590
4878
8052
8227
5985
2645
4692
7080
4916
78
6034
6242
550
9800
5486
3606
9876
8807
8945
4186
6635
7932
4995
8152
9862
6989
9334
6413
6135
4583
5757
7397
5315
9414
9363
2726
7419
3709
141
9685
8463
8737
6236
678
704
4968
5758
4870
1326
9525
1293
3458
2586
3928
1504
2578
6158
1006
4819
725
3046
3876
2279
9497
5875
3987
9729
3049
2586
8547
4441
6458
4618
7998
8929
844
4787
4565
6128
5153
2823
7519
4761
5133
2783
8541
6518
7723
7136
3001
6726
4807
9539
2219
1323
2809
6949
1082
4676
6308
2369
9837
991
3477
1109
7221
9901
6842
6038
9682
6749
3212
4235
8093
2122
7324
4168
1566
9000
2304
8717
8710
8760
457
170
5152
7348
1690
9991
1432
7782
4903
8182
3079
3079
604
6610
8165
805
5200
1326
6082
6966
7214
5983
690
9495
610
5702
1694
7190
8683
8159
7217
7217
8926
7527
5297
5628
1310
9329
5506
6465
2413
4510
7583
8232
3204
8007
4133
4712
2856
8360
4838
7476
100
8988
1555
9991
385
9235
5200
9719
4009
8596
3547
4300
6981
6979
935
4264
3578
4894
6020
2447
3885
6964
7137
7718
1344
4812
2462
3440
3062
8594
141
6430
9251
302
4072
516
972
3819
9915
8324
7533
6403
9700
3329
779
9811
5585
4712
1623
1190
9330
1211
5049
2889
9282
732
7207
1565
8275
7937
8007
152
5283
7262
3092
9248
6672
2269
8939
422
3005
6807
9792
4370
6839
5165
5407
4123
4308
5911
2553
1594
4989
7768
5124
6140
2907
3900
4106
5926
327
1119
3172
9433
5923
323
2325
5346
3678
8919
868
8742
7037
2259
1017
7573
5010
2460
1313
2600
5718
2611
6100
5572
9212
2438
2477
5309
3508
3181
3438
9479
3206
1074
6541
5583
3156
6861
3110
3422
6075
6633
8695
869
9121
1371
5777
6402
6982
4300
8835
9457
564
7740
8523
9538
6770
6589
187
9093
5586
2274
8525
3762
9487
3761
3120
139
9716
4241
5467
9478
7123
1539
9333
2020
648
6680
5408
2358
6947
4466
5238
4572
4331
9867
4219
7562
6588
761
1555
8731
1617
7987
2293
9745
559
2430
879
8087
7648
4498
683
8154
6885
4483
8844
9970
44
7917
6571
1954
8598
3040
4551
3852
2888
5244
9066
3504
6082
8616
5242
1610
9857
4939
9731
4104
1932
8059
4461
5355
6980
7839
2614
9477
8949
3651
4428
9346
647
7428
5886
7281
9751
2218
1115
2978
3898
9405
2928
6160
8143
8620
7388
4983
9588
4106
4065
3195
4891
3312
7440
5609
7563
8645
5869
7024
2506
5239
4099
4686
7145
2561
5714
6291
9722
8559
8347
6531
6009
9957
9610
195
6797
8669
4136
4854
7439
7897
8791
2681
4929
7678
2872
7091
2499
7156
4544
7125
6546
9202
6835
1974
4769
4729
4709
3574
6896
5397
2295
8285
8561
6494
7794
6079
6179
9252
7128
4730
6662
1825
2905
9742
9349
6929
1339
9901
6839
9604
8979
4804
4009
9556
9362
1633
3206
8805
7176
6978
484
8652
1992
4768
8829
3713
5608
5004
867
5983
8931
3855
3491
3029
7960
8928
1936
4028
3991
8247
6279
5413
6868
7544
855
6826
6574
6795
9514
2375
6070
3767
5843
1509
2791
8033
9064
9505
3340
7493
4220
5593
4150
7941
9589
6993
1893
4769
2961
9771
6584
8414
3795
6919
6422
8001
2513
6246
4347
9159
1526
3334
8810
3989
5208
6002
6017
2993
7597
4530
6948
2365
3966
7461
9102
6251
786
122
427
2940
2850
1225
9122
3910
2671
547
6451
6546
3591
6669
8508
2085
899
4626
2846
6386
1668
1090
7272
5416
9183
3505
2488
7739
373
5204
695
5554
8618
120
6968
2869
9846
6690
4671
5928
4026
8292
6525
5566
7555
51
1388
7034
2075
3775
7408
7694
65
137
3969
8863
3157
3204
1650
4186
615
91
1484
4401
6511
4063
7691
6294
9123
157
9796
6905
1750
7067
603
4946
4520
5083
5596
1661
9562
2287
8361
1558
5921
4388
5120
6089
7513
4056
1097
3502
3720
2686
8942
3725
8095
1256
1640
1589
7065
270
2274
6284
8375
7066
4516
7766
5253
2991
1587
6605
1162
1252
6035
4853
6653
9328
7616
464
3067
270
1532
5292
515
2759
4951
959
7170
9371
3488
2216
7805
4510
9510
8224
8517
1788
6143
3771
3407
9928
2071
1158
7132
313
825
7955
1034
2574
4494
7985
5431
3230
9944
8398
3674
1864
9943
4364
8018
4159
4993
819
8929
4612
8910
7628
26
4143
3562
594
7509
9272
4510
5699
304
462
1166
3382
1574
7288
4514
1364
7971
5532
4944
5373
9616
5392
3910
660
8504
6480
7645
7000
8869
8201
9046
6190
7602
8831
7935
2479
9977
3750
4554
3238
4588
6603
1933
9245
7227
2908
4351
902
1591
2746
7056
8953
1597
2387
4627
8512
9837
1893
4100
7367
4479
4583
3571
1116
4466
365
6558
2250
5578
2950
7234
9648
7624
9204
1130
4584
4139
8419
7514
560
9348
9556
1734
344
2617
3878
3664
342
1602
7300
9848
2460
7208
76
9759
1928
8896
6826
6159
7942
6996
569
9198
2236
261
7502
6855
3503
6052
402
1271
5266
5104
7818
8291
7902
7670
4531
2232
3623
3429
8905
5526
8237
6107
8372
4321
4466
9217
9839
8480
4809
4193
8906
2249
3543
9598
51
7877
6807
5891
3827
5557
3433
8635
5933
1629
6718
2730
3359
4810
4135
4716
9751
665
9847
120
1188
8149
2399
1821
2636
5072
6129
8710
1601
6250
5571
1007
4679
5863
3244
4215
3439
6767
5089
7961
5704
1789
4294
7557
3008
8556
1088
1633
2105
570
6689
6807
8483
1534
5239
351
7431
5889
1268
8767
9692
1072
1356
8488
7994
3704
7656
4211
8736
4690
9700
9751
9530
4312
6736
3363
2091
5726
7644
5694
7972
3415
6909
590
7759
5507
8633
8576
5456
8747
8597
5610
9165
2178
3770
4479
9771
3451
2272
3229
8414
2512
5887
9612
7389
774
2036
8293
2672
8141
4433
2599
1919
3159
8304
4142
2771
7144
3742
3676
9376
2815
4492
8158
9232
2086
2282
2361
2003
7296
7419
3632
4890
3328
7921
6716
4931
3696
9447
9489
1597
2049
1869
9182
1083
4668
4101
4393
1825
7917
2592
8079
5609
1535
6086
2944
6118
9032
3445
9584
7319
2966
8549
7683
3221
2120
1118
2577
451
3628
7537
5975
7625
7273
6752
7767
4932
4427
9892
9149
2891
9726
9853
6451
4920
5687
8470
3931
7356
638
4530
7004
1221
2788
7371
8808
6266
8512
9342
6427
3137
9799
4188
9677
1929
441
591
3071
57
9020
527
5592
2171
4269
12
9841
4107
2761
6093
9017
9167
7297
1601
1530
9147
6633
1212
6155
7766
7989
4458
5460
1703
8833
1141
993
7345
7115
6778
3714
2588
4619
3573
9467
4562
6391
4038
4563
7804
6737
8420
5801
7158
5097
8803
2168
4432
9736
8288
8611
2364
1232
1252
880
693
379
6937
3253
2876
7540
6203
9067
2819
8616
4228
8454
5171
6456
306
7557
8949
8585
9042
1725
4977
7767
5687
2265
5975
523
444
1214
4037
5569
3579
4470
5940
6172
3693
2439
9294
6023
1680
8726
5339
9515
6663
4887
6947
6778
4199
6657
4307
4525
3168
83
6959
1593
3533
5936
3336
3973
2226
8885
4154
998
9758
834
8574
4836
6767
4956
4553
5685
1683
5928
3769
9221
4868
559
7069
3135
5028
7166
2458
5746
825
4375
2370
4954
4497
5992
5465
1886
7537
944
3229
4082
5615
3684
6532
3154
6272
9265
5030
4400
513
5742
6837
2729
1491
2608
7867
8266
8212
3736
3538
2674
4724
2309
3594
3562
6966
3103
1203
4068
826
5380
5693
3148
5526
2269
7005
5634
3270
5074
7148
1604
9738
6859
8433
3369
3766
413
9676
1576
2746
3718
6904
9888
1318
7943
3321
905
7400
9012
972
6609
7169
2536
2821
2791
3458
737
6120
7500
9351
8347
5680
2711
1581
3081
2605
117
6902
7743
3216
8218
3650
5041
5268
8080
7591
414
8076
6448
1888
7449
6643
7057
3719
3970
7181
2649
7177
5543
506
8414
4090
649
9589
5123
9032
3239
8514
3857
4412
6572
8346
6494
1700
5556
4667
1514
6441
2840
919
821
4420
8603
2099
8909
6736
9080
2012
7317
5795
6083
6857
1901
1188
9816
8127
1922
2520
2282
7309
5573
6331
6878
8377
8939
1254
6924
3511
1713
2673
4143
7473
9327
3149
8020
1903
1183
362
4698
7439
4002
5135
2682
2827
6754
5346
5871
2022
3084
894
5587
368
6331
5775
5307
8598
8780
4216
905
695
1913
9527
3429
9113
2838
8506
5754
7210
2018
2700
1136
295
3653
9374
2571
7061
9340
5327
5593
8314
1507
5902
7613
1262
8212
5759
5599
8552
6048
6786
1901
2920
304
8037
4952
9912
8915
5115
2223
6197
9971
6902
4537
7381
830
1819
5488
5553
9928
3693
4531
5373
1907
6984
9992
8065
1703
7029
4778
7986
9226
8252
7730
8325
9431
3954
1709
9767
4910
426
3368
4517
8887
7259
8015
4661
8963
9046
9729
436
4629
7243
196
8991
2200
5468
4192
7928
4906
9644
777
2728
791
2038
2283
1869
4440
4162
2742
4405
4981
5239
4628
3546
7835
7669
6552
2592
9547
7333
2563
2338
9014
1657
3725
5054
9692
4755
6649
4864
3984
6118
4267
7643
1501
4320
3070
6122
3926
393
5825
6141
6577
9476
5567
9752
2436
2855
5414
7753
8666
1124
5219
2826
8429
2728
6539
7938
4095
525
6494
1972
9862
8936
802
2655
2297
4878
2045
4334
7281
2158
4636
2624
7894
4333
6132
2588
7104
8767
8148
2673
5011
6177
1207
7816
1620
3994
458
9891
2666
7022
3309
4960
3937
598
2644
62
2512
3071
4585
8579
9261
3574
8398
2595
43
9699
7191
8888
4608
5200
246
2532
1368
4990
1035
5690
2983
3421
8489
3527
313
3825
7458
700
2672
9981
3435
1287
7560
4175
3159
9527
8286
2256
4533
9594
7598
6791
3822
1060
6708
8245
558
4764
5226
5307
885
9951
1140
3661
8021
560
9795
3635
2145
827
7104
1471
630
8865
6644
5264
3916
2811
6724
3406
6693
836
6261
6066
8861
5360
7035
3251
1183
3457
6142
6582
3034
2682
2061
9440
4089
4278
7678
8679
1645
661
2179
1904
7608
5793
8031
9208
2608
7636
1172
5286
8869
8361
7869
2353
3943
2558
4589
3627
1128
706
806
743
9365
7537
5977
1089
9955
6346
3732
4998
6288
80
3885
2
2890
7156
601
2266
4799
2414
8007
155
6863
7778
491
4480
4594
8176
4711
6512
6858
5521
9081
7458
7607
5158
642
7649
467
1630
1135
8064
3781
9372
4768
5766
243
990
8345
8598
448
90
1377
1773
8367
3800
9211
7112
6451
1621
2755
8418
7862
1599
9913
4207
2362
7078
4267
6463
2627
2089
4061
1811
5933
7539
2271
7633
6338
2491
1580
6832
2169
25
8623
3730
4844
3248
9807
8527
8390
7321
4784
1093
5726
5438
3066
8534
2962
8395
5450
9909
6118
7789
9175
7157
4941
3616
5384
7037
6969
7066
683
2175
6886
3145
1444
1698
6082
5671
1254
7268
1530
6329
3389
5909
3390
9022
787
8871
3321
4452
8092
7208
6548
5314
8016
1876
9528
4656
3979
2656
3324
6485
1431
4642
476
6488
2878
8113
1140
1727
4334
8087
4930
8004
8115
9584
1581
825
3032
2163
3024
2682
5971
594
9186
4830
268
692
9124
8802
6826
2409
1306
3740
767
151
2898
2514
4875
9647
5920
8737
2528
6588
9139
4408
6715
3940
3024
2450
8717
8074
7269
8734
2087
715
4705
2056
9717
8067
8952
581
1462
3324
8409
6686
5069
9939
7075
6626
3015
8457
4320
5213
9570
1221
1984
9494
4239
5445
8776
2739
3649
6870
4640
9915
4210
2750
4284
443
4077
9883
4617
3099
178
8108
3806
1758
7068
8798
3485
335
2892
9130
8007
8441
4647
6234
9344
588
8868
9485
5308
5557
7424
2689
8932
7294
9633
4121
5086
3551
1890
678
6988
3483
4767
8176
1814
8342
9080
1834
1778
655
7934
879
8802
1156
4302
7456
5785
1075
8025
3581
5790
3239
7953
3556
3177
9059
1656
3974
5974
7331
7229
1710
4282
6751
572
6807
5941
4083
3006
8447
5655
1188
5819
3746
9774
8873
8191
5560
8015
618
1106
5380
6672
8459
8250
4875
3965
7084
3361
2782
7302
7600
8065
4434
1812
1186
116
4544
6721
2773
7155
1319
7835
5017
6585
4569
1415
4042
5209
9802
9146
6126
6301
7628
6924
1793
5318
9683
5579
5848
2305
1164
4842
2805
9647
3394
694
4656
946
1347
9489
6056
4490
6884
9426
3728
9093
3810
4978
9631
869
3770
9529
9019
6975
7439
1276
9006
1027
193
8883
6973
9615
5403
9942
1513
4355
2326
2989
7774
8200
9474
3842
5709
922
1686
7728
2723
401
1459
6505
1632
7860
426
2233
9412
1216
5383
8997
2093
791
36
7294
3055
7907
8646
6872
9343
1866
5465
5374
932
6563
4458
7696
6437
233
1165
4251
1406
3961
997
2800
9769
4124
5188
9852
3100
6439
4756
6170
9387
5970
4525
1147
1677
4315
8201
5323
6133
392
8198
2052
8164
1894
8369
2127
1999
2113
6498
7870
4573
4451
7510
1480
6333
1680
1653
8816
77
6339
5103
8792
9303
5929
8998
5552
5600
8994
3712
1380
1697
9249
4330
5304
1773
4286
235
4516
9347
7506
2607
8944
8736
5077
8443
3685
7257
553
8994
6328
9855
51
719
1942
6005
9328
5313
1673
3288
5398
7985
8236
3009
8685
9111
1507
8792
4512
6552
9590
6845
6853
8253
9492
8093
7981
9465
2952
5201
5181
1573
6129
4017
9258
480
9089
204
3314
2536
1432
9476
9460
9278
6638
8087
3210
1272
8132
7135
8033
1824
9882
1474
7799
8741
7643
2614
4102
958
8021
8873
9739
512
9633
9188
3683
3952
930
7930
7086
8890
8548
7031
1033
5692
4137
7846
8289
8836
9893
4145
350
7601
1528
6658
8498
3344
6754
8538
3884
567
5483
4693
841
5005
9618
635
7126
3102
972
5521
4663
5377
7423
7521
7971
79
9769
7911
4085
3041
9909
2445
7229
2816
7630
8567
2394
4354
9707
2276
4991
6342
90
5921
8091
9651
381
5213
5991
1774
8836
3771
7643
3588
364
5964
6927
4443
6437
5350
1463
9547
8880
5614
3719
3641
9822
8188
6695
8519
4433
1899
3892
6486
1268
448
1679
8157
8361
2184
6020
7000
7548
569
2057
3839
4275
9171
5610
6130
3737
7140
411
173
5684
8330
2487
9834
2881
1468
2778
8160
9096
2498
5431
8129
5943
9069
8113
8185
2297
6481
9035
5678
7335
5124
8803
1091
284
211
5137
9867
6017
7097
5036
9209
4571
4580
9706
6257
4857
1329
7954
7686
8733
9198
4399
3979
8860
2890
4938
8504
6903
6797
2480
4651
8496
6653
2060
4971
2268
2018
3986
2877
6346
1974
7385
3266
7846
8021
6275
4916
4448
6656
4840
3654
2982
335
3019
1840
6907
5457
4799
2715
4494
5160
4350
8579
7015
8085
8055
3674
9492
2908
7969
7554
8249
23
3185
9770
4354
6911
7523
3146
8767
1197
6406
1968
7161
7678
6678
2773
1655
8621
7665
5581
5815
4380
7312
7335
2208
9580
7901
2604
5269
9006
3349
2328
6244
8050
5742
9729
4809
7115
5684
5247
2018
1081
1042
1803
2286
7195
177
3832
3026
6
8102
9595
3621
7843
1579
7485
8088
3865
9746
5648
2448
2446
7261
5699
9516
4339
3326
4166
7636
3419
9162
3034
2185
8241
878
1250
4989
4741
4151
8490
9341
6290
5749
336
5795
7080
830
9741
4194
3864
8748
3724
3535
1162
5570
9130
1828
2714
9381
7116
6994
9763
7588
8904
3383
7711
9277
9538
2216
3731
6166
5251
9395
2798
5517
1980
8826
242
7070
8960
6803
7212
3091
528
6309
9454
1924
1985
7587
5093
4408
2207
7488
1807
3657
1887
1698
2091
6248
1038
7441
3712
8836
8445
2678
6904
7786
50
5363
4742
3030
5321
6848
8338
9678
7278
160
5358
1673
3697
1341
727
7906
8161
449
298
5069
8044
5454
9151
925
578
5170
689
4710
2512
8744
8112
9502
6206
4873
3542
4036
1333
5790
3540
7031
1079
7787
9130
6011
8328
6481
1193
7692
2734
7577
7563
3640
6197
6791
6246
4428
8615
4365
2243
977
1793
279
4325
929
4103
7652
200
1798
189
5824
8180
6114
1401
9949
7205
5900
3831
6185
2069
1755
3595
2918
1771
9439
9933
7928
4577
8904
9012
2313
7221
3728
896
5928
2877
4189
1739
1289
9754
6365
3050
9503
1604
2037
7067
700
3941
7131
9031
3799
6459
4727
2868
8431
4040
6213
1810
4397
6799
1197
8980
2218
4006
2242
6684
1447
7548
3751
1246
1384
3253
4599
2943
3261
8190
789
9375
7617
517
7524
7304
6229
3132
2329
9551
9154
8326
1304
2400
8253
9128
4686
4759
7537
6881
8424
8078
8594
54
2126
8410
9503
6863
5594
8481
1092
5615
115
7434
5079
1551
8175
5361
3590
7667
4449
5493
4355
6737
7140
2470
8172
9589
7658
6228
7885
5755
6239
3427
2223
5417
8049
5426
6736
9574
3092
3441
3933
5171
7383
711
3295
4571
3732
4956
7507
5283
5834
4312
1165
6085
5474
1531
6857
9681
1128
4033
8721
7804
8314
6881
6856
758
3260
8590
1251
9483
2496
2190
3980
8139
1405
9307
4568
5136
4783
6614
8010
3716
7842
252
9370
8140
2791
3963
4625
7558
7510
8646
1719
8009
3315
5175
3230
7792
8265
604
6113
1992
6808
8921
8122
9771
5992
1900
1874
3064
661
53
2576
4864
5342
3065
2447
6118
6097
2645
9542
9654
8266
1453
924
8878
2422
5272
7470
4143
2418
6142
8826
6053
5632
7341
5560
2303
3372
3590
7843
5077
1035
1563
7679
838
3308
8877
9283
5990
1751
9569
5056
9699
5606
2649
7901
7536
4328
8133
8250
5269
5370
9365
297
6608
1088
8113
5524
9135
2183
2883
2083
7168
6926
3136
697
4153
1799
8017
9872
4401
6477
7640
2626
626
4497
5921
8548
407
88
2537
3140
8152
956
3844
8465
9450
9885
4335
9251
8760
1536
2504
5732
7393
4996
6878
9527
8916
4295
2399
6837
7852
1590
5330
7900
4962
4662
9125
6014
7948
6122
7367
7648
9300
2054
7690
8489
3327
4596
4146
214
1324
3120
7634
2761
7022
3762
8935
9331
4827
1358
384
1184
3421
9469
4222
450
1800
9308
577
1999
3727
1629
6330
8809
4392
6240
3973
328
9031
3102
2341
1887
5601
2582
3932
6909
9499
791
856
193
7540
8793
6180
4870
3930
5843
5626
3478
9073
7199
5910
6603
5446
6620
9025
5232
7450
6814
2885
5108
4982
3805
5666
7450
7646
4240
7781
9228
1862
842
1810
740
7131
8416
9956
2181
2455
4130
5459
8377
4856
3119
469
9325
9119
4670
3124
1489
4541
375
3054
393
4801
6843
4559
4910
7478
7455
3610
17
7626
9760
3295
9012
7605
8607
8881
3017
7956
9604
9496
1924
964
3856
6018
5640
5561
1911
1274
7473
9111
8163
7837
8653
8772
3194
9379
7992
9963
8160
4269
5900
1299
807
1933
8641
6863
7097
2640
6513
6051
2339
2343
5442
1329
4046
5059
7580
7301
3235
4833
2296
7605
4565
4515
5143
7599
5345
2258
4813
9321
7884
3575
6314
3265
7518
314
6710
9962
5397
5824
2318
3992
6945
4381
7962
6014
1818
5570
5097
7788
7742
82
1840
893
1340
9097
1865
5794
2865
9560
6298
2351
6623
6453
8859
5339
1667
6234
8667
8045
7281
9769
2832
3243
1312
691
2710
2235
629
4307
9744
4649
9157
1923
8701
1764
9542
2337
631
853
5264
9952
3375
8410
5966
8234
7703
6356
2465
7583
8551
3931
1878
1436
4454
3320
1455
4903
2365
6256
3933
1568
7693
9754
1048
6994
9538
4429
5276
9307
632
2592
5498
2596
2010
9341
7425
5831
1783
3623
9817
3330
6944
9724
9188
1905
5738
4398
6314
4811
9878
2539
8718
8769
1059
1579
831
9856
818
2789
4033
5040
2500
3002
2372
7359
1873
8710
8720
5873
31
9619
4117
5267
4005
6911
8021
9460
4693
2355
2244
7890
816
7016
6766
1953
6481
7619
9890
724
2653
393
4792
3365
7136
8534
3368
1850
1022
5482
8689
3874
8510
1517
8218
8216
5305
1714
4702
8557
8007
3946
3237
7199
7852
2839
2975
1369
4616
1249
6599
1859
1988
4488
9472
9157
6014
9648
8054
5266
200
1180
6879
2461
924
103
5025
7940
9367
2626
3965
5194
5752
9431
3983
8361
691
3916
620
8911
5523
4117
1084
9954
4603
5455
2683
8175
6689
479
7006
3161
6737
6318
7321
6718
1258
353
1734
7939
9480
9850
6649
6657
1110
9344
5690
1980
5251
1435
5095
954
8531
1120
4827
7069
7698
4956
4667
8407
8435
3172
8735
1131
1907
9928
4690
1432
3113
4625
8359
5810
1719
1946
49
2414
2174
7415
1322
6249
7280
9708
2073
4849
2488
9644
4514
9760
6658
8743
8388
6958
6187
950
1189
5611
5438
6804
3258
3419
6940
4545
4943
3453
1155
1695
9826
8607
2601
384
2986
7201
5948
4001
2110
3297
4179
1129
6179
9260
1042
7338
1257
1566
1071
7585
3287
8670
9853
83
9539
7529
1875
3991
7631
891
4017
4107
1097
3630
5869
6578
8612
3363
3377
5433
5738
2655
7468
1978
8992
2722
4765
3142
9799
4086
6113
4019
7796
8352
7589
7883
9146
51
8579
5177
58
834
9957
1580
7868
8196
3531
3555
4653
3020
3917
21
2760
5763
1217
6699
9283
2996
5448
1753
2549
4511
7572
6994
2085
2723
6484
5539
1688
5902
5423
1318
3879
6824
7488
8940
8020
2235
4687
9723
3097
2781
569
7546
3039
6911
4129
5017
5774
3449
4088
8661
8420
2283
5405
3879
8525
9051
5795
9039
5116
5125
7862
4005
5579
2763
6353
8190
9658
1326
327
8688
160
3067
7296
5019
4139
3057
4366
6676
4715
6728
3512
5776
1116
3976
9937
5302
5228
1582
2216
5818
1914
8364
9969
5412
4863
14
2866
1237
4866
4573
6055
2392
5230
4966
224
6071
8763
4466
3715
7914
8181
9413
9613
8224
7846
2303
6479
5683
4463
3182
717
89
4871
2036
1349
2639
6322
1940
3377
4287
1326
6167
85
9729
5243
3134
1225
7279
2900
1740
8602
6987
2717
1834
1791
7500
7855
1108
1699
322
9381
7761
1304
7971
2478
3327
292
4004
844
4483
7562
5909
9551
1008
2346
4848
2895
8233
2827
3317
1674
5171
4968
2125
6555
5331
6303
4592
9803
6586
391
6669
6038
4682
9635
9997
2491
8206
1486
6149
1923
6034
2049
818
5818
4929
1109
9298
7288
6943
1071
2922
1038
6642
4016
4939
9889
8213
8321
7292
5956
9528
5150
42
4458
3182
165
6771
6166
1430
2081
5379
5179
956
3967
3811
9698
557
2306
2439
338
9823
3680
6857
75
4989
7687
1274
3095
2244
5234
9873
9784
8675
6539
2922
8980
900
8485
5759
3978
7710
9583
6098
9381
9773
5130
323
5488
2759
8383
6966
9565
7081
8835
9009
3813
1415
7135
3063
8742
2226
3101
9377
8331
6072
4202
9842
2703
8478
220
694
1810
1710
8388
4505
3880
4824
478
3736
4089
660
6972
7683
707
1213
855
8475
7106
305
8384
4673
7811
2602
2570
4469
4701
2183
2258
2113
25
6484
9209
4421
4142
76
6732
6368
7353
5772
8367
1066
1482
1126
2213
4821
3639
8124
3627
8799
5449
9824
2577
8559
7765
3883
9649
5179
1299
8889
6452
7349
3246
6187
6045
4253
5828
5534
5008
3605
7728
9118
78
9350
1712
8052
8587
7967
3305
5612
7036
8828
7211
3882
5527
8941
4359
7724
6724
9383
8801
7690
4973
6793
5949
668
915
3483
385
7108
3295
7699
3033
7888
7825
4946
8618
4958
6880
1346
5467
2642
3656
6703
5360
1569
2950
3759
8172
2695
1511
4676
5914
9128
7775
4308
5142
675
6699
127
8971
559
9622
3619
680
9243
3832
9968
9499
9027
2856
5539
2989
9335
7880
527
9208
5627
7141
5386
7162
6147
7959
2683
6645
9820
4716
2540
8712
7068
3339
3778
7207
5812
4118
2792
2134
5493
7933
8666
9059
8194
2384
4810
4302
1806
2839
2936
535
1351
5375
7255
878
4932
4749
5245
759
745
3630
5957
2594
996
1695
2736
5673
5123
2481
7366
7098
9976
616
9456
4204
1464
8783
337
4122
5764
4912
722
2132
1486
3576
1550
3970
3462
5221
389
9389
4108
4587
3093
8960
5955
8451
7844
3879
2806
1601
135
9027
8071
5925
9295
6733
77
4582
1961
4965
8265
4142
8547
1078
2684
9098
3817
3868
848
7682
724
371
4339
9131
5705
8115
4181
6168
3982
7280
2629
7607
5588
4039
5947
597
7092
5355
7090
5774
2846
8213
3607
9112
7402
2067
7545
102
9379
8710
5456
8551
616
6937
6406
1264
8506
5327
4066
9579
4566
9625
9118
8414
6974
9037
7127
1053
4671
5107
5045
6795
5964
6802
6315
5253
2240
2243
7181
5407
9065
5512
22
246
7514
6753
7211
9571
5213
7703
7228
9669
9996
2374
942
6394
951
9855
5498
6298
6792
5071
1323
2017
9817
2948
5912
9732
8268
7660
9220
2602
987
6868
4185
8133
1497
8046
9121
2117
2848
218
8841
3488
7165
9333
1045
968
4360
989
3271
7405
198
6745
6991
2260
9526
726
2752
9107
1557
4657
1259
9292
3463
7896
323
4475
4039
424
4591
659
2104
5815
1554
1705
7657
2964
2177
6762
279
1867
1182
9312
5220
911
711
2746
3137
4257
4465
6196
3124
9061
4752
6922
4602
1374
2724
6456
2723
1871
1713
3808
7300
2831
1755
9959
1635
7435
9717
9682
994
5771
9379
522
890
8416
4844
6348
8960
1867
5197
6561
8594
135
9177
2193
6391
7387
8524
7401
8674
7236
6624
1267
442
7792
9362
2761
3431
2557
8410
3422
5139
2581
1910
4093
4294
1070
264
1478
2661
5754
1870
1644
3239
2259
3573
6324
5596
2518
7414
3938
7662
810
3822
6735
4091
8914
7052
7387
2003
2393
5357
2623
3555
1388
6453
188
3048
4075
4736
300
534
1998
424
4834
473
1270
4583
9406
4239
7480
7146
4535
3821
4216
2228
9938
8642
9522
1149
4674
7407
9928
1111
5145
9604
7821
3033
5414
7755
5734
2176
9287
6406
597
9710
5026
4675
9761
4373
9542
3324
76
4077
1319
1583
8250
2675
8915
2634
8357
5137
7428
5489
8694
1464
4207
6585
8538
3103
1094
3682
3030
3498
5832
7269
1686
5179
4492
4162
554
3847
7290
1181
9732
8212
3120
1179
6077
309
1909
705
2741
8481
4790
2697
5909
2527
1613
3906
4407
6074
2462
9244
8338
7487
446
1770
4583
7633
465
7980
5872
7585
7172
9379
7161
8908
3968
6294
5299
2113
1564
2199
7498
1691
280
2041
4239
4326
4318
8227
4788
3381
9029
4145
8125
7664
7501
766
5521
9412
2463
2656
2713
8166
7179
511
1428
2548
3205
5244
2404
2856
7966
1279
1581
4043
2965
8266
5365
477
5639
1373
3556
2984
9049
5499
6725
6767
2367
3359
2824
9521
8462
4630
5865
1565
8923
5504
943
4881
6719
7173
5821
9630
3382
4332
8883
1896
7729
4782
5157
4034
5718
6865
6240
1999
2525
832
2277
7070
3786
8687
1913
2242
7806
5225
3216
4879
1566
4591
9902
6855
4692
9649
9151
245
6989
2214
4608
1966
4195
5679
1956
8070
126
9540
270
189
5849
5103
1710
9227
3112
8123
2411
6560
3982
7494
9586
7602
8882
1609
7435
1230
5728
1295
6211
4104
4973
9702
379
7337
2743
5121
4353
1561
8722
9868
6941
3462
7402
5651
8551
2219
8725
5522
41
300
2121
3812
5435
6730
1508
8540
5484
3243
8973
8513
7644
6857
1516
73
7934
3158
2048
8687
7801
81
9341
5486
3333
2235
3211
7062
537
1706
4530
4677
8639
7905
7165
9141
5203
432
4883
8170
8332
8006
5275
6491
2055
3627
7118
6696
6879
6231
4322
869
5798
7167
4417
8964
2751
9809
4451
4096
1430
4497
5398
9900
4865
3634
7515
3376
5832
1069
511
8625
613
9925
7723
8048
9958
8281
739
7205
2701
8882
8929
4052
6616
5554
8884
623
5351
4678
5544
1276
8316
124
6445
7205
5053
3806
7336
1624
6325
79
1561
4753
3370
1057
1786
8427
344
6423
6236
3616
1072
6142
155
151
1047
7927
817
4690
9891
2537
4190
1857
1816
1786
4030
1431
1910
938
3360
9939
4774
4693
8819
8102
2314
8404
1081
8157
8713
5623
5599
3287
1491
1993
8142
4043
4380
2527
1940
2601
4956
5152
4224
4951
888
6875
2866
3478
9773
5060
8695
8687
169
2568
3003
8320
3130
6033
767
2100
7164
4306
9864
8183
175
5973
7672
8339
8796
6278
334
2170
3748
4689
327
2789
3594
147
6698
9081
2195
2137
2626
6334
3275
4620
5765
9741
6146
3346
4787
1295
4081
8865
6836
5128
7163
9035
7594
8866
597
946
1522
8463
5736
7833
3462
492
8778
1942
277
76
9673
3204
36
2638
15
1200
5105
7990
453
7354
2905
5505
8380
2890
4349
3791
62
2967
5106
1445
267
7566
6953
5365
2271
2983
6386
7466
8478
8357
5857
3154
7630
3790
2110
4026
1519
144
6421
1389
6025
6992
1608
6038
2052
6904
4004
9164
1152
1492
1671
459
9457
1561
5231
2447
9898
5675
8812
5323
5480
7621
5813
4247
9218
1279
8120
1913
9219
177
823
4488
2434
2336
6082
7719
3677
4992
4954
4689
6182
8034
8025
8955
1616
7542
9238
7330
1705
2738
7555
3610
5845
7479
4311
602
4391
6780
9502
476
8424
9162
831
5029
5507
6982
7796
593
5039
9783
3372
2519
6849
2720
2943
3916
6249
6536
4453
8899
3301
362
1851
6467
1324
4256
4278
8278
5337
2647
4264
4803
7512
8873
2462
1846
4864
9093
5128
7872
6857
9754
8010
792
9964
3340
3676
6850
4996
483
3744
1731
4889
9333
1341
1870
3158
9166
3209
9849
6022
8066
846
4477
732
5447
6379
2878
6215
6426
950
1029
8346
1583
1191
7253
7650
2272
3313
5611
2473
524
9998
3025
5981
8352
5722
9959
2685
4035
82
6079
5402
8638
27
1933
3740
1590
4694
7211
3588
5664
4809
7620
6380
5829
3805
9096
4672
1833
9513
1250
9721
3332
9891
5664
5414
9010
3874
4658
2141
5843
4242
3473
8908
3764
5436
8095
3079
1642
3496
4776
7383
9271
3803
7419
5457
929
2327
4955
3785
6823
2990
4743
4153
9753
6121
4605
8273
267
5850
641
1693
522
9851
5887
9580
5287
4535
530
4405
8616
9574
7768
4189
1236
6802
9700
4905
6435
463
9614
6714
9524
9349
7404
3823
5089
3032
1839
238
8097
23
872
6979
8202
6882
8509
5652
4198
9095
2666
7405
1965
8970
5582
8103
8993
6279
9972
7613
3298
7578
2459
7009
7870
8563
8562
3527
9397
3390
3551
7582
2187
1473
1922
6308
8256
9675
430
2399
968
316
1057
7215
4805
4013
4313
4566
2874
9303
3783
8829
6877
3375
9837
5487
9655
4703
9238
4160
7459
7863
4962
6765
6773
8744
9217
614
7676
3430
2418
6933
6620
3858
7572
211
4155
7874
8339
2356
9833
8275
1442
1872
8504
3962
3509
8684
174
7748
1363
6742
6782
1290
5281
9741
645
1909
7327
4481
5108
2954
120
2559
9986
1430
6319
3602
4771
3270
7049
8082
8501
3772
6151
8172
3800
675
2733
8200
9167
6569
8539
6265
5534
252
3142
4103
3065
8655
9436
5859
8467
8408
5360
2298
8855
9688
295
4229
6768
7079
7720
9633
1821
8572
563
7870
3734
3206
5323
3128
8403
2573
8972
3270
1024
5105
5739
9475
5854
6697
2727
5227
9175
3012
3050
3444
8008
1392
1961
708
2677
776
718
8508
9746
4426
1321
6243
6347
8623
5307
6585
2749
9814
3109
4901
2657
2126
1103
8261
4180
1349
321
124
2556
2463
3331
5797
256
2570
9521
1880
6616
7177
5474
9177
2169
1068
2811
6053
3185
6895
1392
8000
5284
1193
2486
9803
555
112
9311
8432
2620
7049
5170
3712
7676
2765
6175
7363
7812
481
8368
2533
5467
9003
7971
4297
1858
8447
1178
1848
6909
1642
5724
7831
9431
9390
9987
9274
5306
7099
2418
4148
5487
123
9877
910
9215
1550
904
6434
2594
8976
9115
8791
380
1079
2935
6228
1274
2840
5884
4536
1712
350
129
929
7512
7116
9298
4079
5614
4729
6252
2765
1060
1185
2640
8451
2160
2580
1080
944
2873
5600
1330
3164
8473
1048
9519
2558
4307
5052
4501
8801
8540
5057
8100
7061
3127
6275
3673
8356
2983
1408
8895
62
3139
3843
9384
945
861
7811
5314
7300
1311
1479
6369
9006
4020
9524
456
3694
4010
4545
3388
9403
6563
6112
9853
2389
3596
4453
4609
9989
1970
6304
3498
7778
7510
2605
3584
6338
2314
9813
882
5290
7314
8854
9576
2299
484
2301
4913
5241
4375
8526
8129
3736
883
2048
8426
9613
115
1912
7537
5243
8142
7136
6232
5664
9926
1516
5744
8466
7238
4520
6833
6329
1692
2433
8588
6392
4659
6144
7833
7372
6955
9757
8584
9013
2097
9596
3621
2789
1827
3335
8852
7095
8514
1801
8899
8586
6924
9207
2155
8185
464
1894
2409
4674
5981
4072
249
7822
8894
7101
9654
8771
2130
684
8160
3627
1209
4072
5419
4213
6853
5972
1416
7566
2361
2948
9496
6198
3415
6327
1136
146
2063
3460
7490
7584
2902
5955
3774
4590
7629
6329
9815
1804
7283
9639
4367
7726
4621
980
503
7440
4524
1822
2337
2596
9813
3422
7153
6477
4254
318
2457
6555
5253
6161
726
3448
7996
4364
5074
8585
7919
8401
769
3417
8150
201
3709
813
8436
9733
3733
3167
9297
6489
109
391
9907
2466
1787
6207
5989
7254
8091
1679
7259
4579
7189
8096
9849
2035
6509
2749
1012
9695
8877
7664
7977
655
5133
6459
931
6328
915
6529
3687
3880
1547
5643
6124
5979
2313
9240
1615
5069
1521
3375
8024
3265
7358
2881
2726
2006
3379
9705
394
8605
9536
4493
7719
6245
1103
7973
3937
9373
3016
9018
1841
3123
4563
3546
4082
3068
2859
2817
2757
6344
269
8458
737
222
6825
7386
1655
9805
6271
2891
4324
4831
6701
604
8169
358
6847
4223
9664
3282
648
7460
8095
9434
5359
3387
1971
7517
4923
1763
8655
3697
5241
3419
438
3249
5705
2051
3956
1162
8091
323
7054
6205
3045
5884
7579
591
9237
4954
2130
9586
9131
6645
4009
6175
5057
6737
2110
9378
3019
6817
6452
6716
6717
2148
1427
2777
8093
4903
544
6577
9924
7066
546
9617
8659
7414
2920
5387
9260
5274
4614
9312
7229
7747
3477
3607
135
4929
5695
8014
4104
4473
3560
5840
5584
9336
7986
5840
3195
631
9109
8704
6448
2806
8743
8673
2683
4825
4587
7972
9614
502
8297
6639
4179
2587
1342
3583
7820
5283
1585
4678
2998
8876
3407
7570
1850
4366
4404
5295
1091
3082
7084
8252
1626
2601
4837
4039
3317
8548
7729
8996
7094
1852
6264
1274
1707
699
935
5832
4115
7967
9462
8252
6839
3359
5959
4850
9541
4598
3662
270
8205
8403
2170
5164
4579
3857
7608
3512
132
6987
9276
9014
681
494
4716
9206
8848
8972
7039
7624
8729
5783
8791
1923
1929
4637
308
508
3427
6765
8787
7283
1749
2175
2122
5476
9155
2896
3755
2474
5231
3804
8464
4599
9232
3402
6330
8373
7359
6443
7537
4550
3661
718
460
6336
9543
9548
4124
1666
5462
9515
2169
1815
392
4228
4493
4827
8961
4650
4361
6821
313
8244
9491
5721
9066
8450
6747
765
2928
7754
6196
1286
9061
582
789
973
4580
8087
6575
8473
9818
7104
6404
9939
8858
1483
4171
7567
6918
5425
2300
2860
4996
9513
8268
3148
1736
2085
7859
5700
390
8949
3090
4525
7382
3501
469
9991
9809
8781
8825
9444
3421
1726
5098
3677
7724
8733
7843
9600
5085
11
7030
1480
9154
9961
4869
3380
2723
6974
944
717
9032
5087
7798
1032
8959
2572
8052
2641
6939
5855
6665
4004
3563
7451
5427
757
6491
7433
8908
8736
8548
2429
2826
4532
5161
5490
4400
6486
9888
6434
2408
1522
4458
3556
6100
3333
8217
474
5121
6476
151
8497
6621
6293
6998
2899
7827
2684
1586
6282
4266
4456
2933
3981
9179
4306
5932
9510
9103
5484
853
2306
9834
8091
5486
8200
1850
8531
122
4234
6730
8233
5626
6247
6467
9550
5383
6654
920
5420
9905
2506
46
7810
4440
5034
4128
2938
8432
8306
6292
2209
436
1204
9450
2885
404
608
1238
4668
3664
3540
439
3527
3045
596
1699
5940
9318
7409
7605
4879
3552
4337
3291
7496
950
4365
3296
1384
3532
6467
9847
6812
8921
7663
6065
5524
1635
2971
1024
7985
447
3479
6327
479
667
7223
7107
1130
6239
3552
2800
9564
2982
9798
608
8840
9080
2088
1312
5642
7113
1410
9223
6974
5570
5856
2131
5872
3665
6444
9932
3250
729
7186
3375
6002
9749
1899
510
2085
3904
2527
4305
963
2368
570
9493
4440
7380
880
2604
4138
417
230
8962
4206
263
9901
3985
9193
3125
5041
4117
1884
2829
8804
4519
4076
2494
7646
9712
8498
359
3027
1013
7695
4305
6014
1130
7428
3206
9126
3003
5828
1831
8394
5892
7655
1255
7924
2413
3686
2876
2898
748
1650
8964
7551
4382
9919
8488
5277
1840
3445
8084
2186
3535
7859
4732
772
8928
4901
7470
7310
2014
3381
2184
7286
7614
7467
5709
9084
834
5645
4658
1555
8779
1082
9020
1335
1961
5878
2996
8221
3316
982
1935
6550
8705
8687
8340
7451
4481
2759
6940
3915
7205
9632
8025
552
6091
681
4402
6469
5038
9294
3917
1163
8359
4789
8635
4829
5247
1557
5223
4525
220
4502
2469
2915
8269
8540
5646
9847
4249
1184
243
1365
4505
728
1861
8619
2271
3294
1502
6239
3617
5007
2738
7158
8199
2012
7980
8117
7566
2362
1411
3170
7823
6562
1365
2623
1396
5509
7555
1347
4619
7832
1215
9242
160
2916
6531
7078
5499
1575
6591
3593
3742
1182
9066
3008
8211
9853
6621
6972
973
8617
9079
2266
9301
745
4290
9251
4996
3080
2578
4607
328
1326
6677
569
8029
5872
111
7106
8212
5350
4868
2886
7604
1104
6532
4905
9995
2725
1082
2706
1978
7616
4888
23
3745
3011
4532
3023
4093
3205
7458
923
6388
2817
6759
6621
5469
4272
5534
3898
4407
2248
9
5237
1800
5482
2281
5843
2939
8176
6172
1192
4422
1932
7345
8575
6871
1185
9154
377
1105
9064
3241
3188
6909
6794
7401
8199
1363
6757
8909
4137
6283
6588
3421
6412
3435
1166
8848
4334
5087
824
7852
2815
2114
4386
6332
6641
7398
1911
3617
3764
9322
874
8266
7188
6562
31
5695
3293
6164
6441
7042
9650
9322
9870
1987
9627
8078
5848
8478
8823
1017
4241
1080
8887
2626
2184
3694
582
5212
4646
9052
9876
1686
9212
7649
3638
7323
5707
6192
5552
7623
518
1938
143
2649
1526
5734
2198
8199
8265
2975
6984
3820
874
8475
5221
3285
2199
3228
6434
1228
8124
5055
9751
7460
6686
4586
5187
8594
27
5424
2702
546
9435
9289
4202
7374
8145
4449
3652
3025
4606
9646
9203
6366
5357
7560
9256
1950
1147
3981
6202
7430
142
8801
6250
502
1812
7954
2840
9030
3682
6828
22
7098
9115
8287
53
4278
9184
6002
8940
9483
5371
7715
462
7377
8164
9999
1129
3779
5528
7852
5609
2468
2971
4437
3110
8421
1829
6820
2748
1921
7543
5934
6330
7762
5553
5120
9965
3108
131
9273
1893
2418
5649
9182
2797
5486
2025
661
1498
6413
8633
1364
5557
8797
2616
2369
980
9373
1319
6813
4971
3315
1053
9662
8324
9156
1423
9821
2358
8654
612
6406
5506
9908
3061
6810
5710
4602
4031
661
5499
2607
3802
9875
8445
3438
8164
9617
838
1747
8920
4474
5141
79
7259
4694
1692
6469
9454
7437
5209
9198
7902
2681
9501
8884
9933
2199
9976
2158
6776
1144
9583
2012
9638
1980
7969
1039
9533
758
9038
9560
4014
6076
5802
7855
2630
1919
7657
3123
5253
8828
6367
9819
9878
37
8482
3082
5906
4504
6136
1963
3080
4622
9461
5984
9730
7011
9351
6699
3818
1824
7516
4309
8311
8836
2304
8615
5796
291
7
6035
7702
5065
1958
7706
2046
7974
5904
9343
5
5679
704
2456
3073
1139
3234
7841
1444
7727
7477
7888
4485
7740
1261
6673
8525
7560
6128
4977
538
8610
3288
4096
8095
5661
4110
7787
8267
6089
572
6642
8144
882
5229
1118
3679
5198
2762
6743
884
3462
8596
1519
5668
9238
33
5882
2829
9863
5590
4214
4625
9087
9611
3532
8545
3870
6201
8278
8696
7051
6540
6276
6134
9096
2189
1759
5951
2964
1045
4686
3946
67
964
6083
13
5434
7755
9661
475
8201
6458
9092
8398
1325
2186
8821
4524
4766
314
700
5499
2899
7678
2199
7360
6998
6159
2849
5079
3876
4511
5231
4552
8827
160
300
1700
3516
6439
7055
1527
9697
4578
3258
7381
5731
1727
1092
2636
5565
7599
3950
2697
3967
1178
3838
6053
3033
2629
538
6137
8295
4372
1625
7581
1486
9840
2928
7085
8990
7527
6162
5372
4995
7519
2777
7515
2557
1895
6559
373
2337
7199
6970
4268
8164
5082
9100
257
2419
5752
9670
773
1162
4286
6412
4810
3830
6159
7159
9770
9793
346
7609
1457
4050
8338
6728
5320
8277
3029
9111
1777
2573
1931
8908
7402
1423
2668
3326
6395
456
2054
5027
6875
5931
3746
9089
2190
5597
8182
1134
3241
3754
605
8892
4498
3920
5582
2447
8941
4998
9329
9209
8711
5295
8135
7625
6707
9624
4250
4058
8541
9756
428
1383
4297
2871
4467
3893
2351
1094
6765
5705
5915
4152
1086
6060
4774
7584
5371
6394
7977
6445
9112
4339
8110
6301
5714
8168
6125
9913
6406
4405
4066
5788
9614
4445
6971
7750
7510
9115
6356
7884
3307
7690
8771
6992
2216
6068
9078
6879
170
659
889
5774
278
2460
7507
8729
4674
3376
6845
4960
198
6907
917
7661
5561
4585
8480
5158
5948
4676
7797
7338
1866
3146
2290
7487
1962
3575
827
8165
6173
7410
4577
5720
709
454
8250
2325
1632
2360
9720
3811
9980
4
2969
8361
9662
8151
5864
576
8476
8043
924
6149
979
7764
4035
2980
2057
9917
5303
885
3048
6001
7770
1372
7844
3377
3008
5711
8217
9446
577
9384
7223
6864
3101
5688
7103
1205
5102
4266
6055
7149
192
1815
3055
1790
9921
6278
9984
2462
4748
1267
3310
1250
6328
7387
960
3017
5538
662
8683
8788
4305
1631
3817
170
9110
1803
9932
2605
8551
4422
925
1379
4570
5514
7334
3782
7174
7565
3529
6893
2185
9378
5647
4816
314
473
6934
9536
7021
3213
3606
3318
652
9044
3891
5163
2856
5953
1637
1459
2054
170
5287
8769
7647
7073
879
1911
6514
3880
388
3679
6093
1026
4630
1654
8057
8452
4905
2410
5531
5725
364
6028
4120
3547
5619
5300
1744
8749
4684
169
230
6018
2385
3481
9962
3876
49
3882
3130
644
595
6888
164
9130
5118
9727
4321
815
6576
5111
6504
3841
4609
1539
2709
941
123
8962
4728
7916
9951
1145
8528
2596
6452
2775
8056
5
8700
3676
8524
5551
6715
2185
2689
2923
3598
3419
4831
2660
2426
8853
4700
4821
8709
7566
1632
7059
5093
6203
346
3511
5987
3481
9998
5337
9117
58
1991
1413
1140
4523
5169
8029
7445
3065
4164
9433
9172
9046
7487
241
5216
2159
4655
9816
3238
4274
508
5780
3628
1365
5659
2165
484
7891
637
2936
1305
129
1336
8047
2813
9416
9318
9301
469
4627
9518
7999
104
5568
5555
7614
3350
977
2083
3557
7185
6458
469
4261
4285
4562
5631
6801
4283
4828
9784
2702
3371
1853
3767
7507
2781
699
9149
7954
684
1376
9024
6019
7292
6292
8358
1208
6037
941
5878
4125
8495
937
5012
558
7025
6677
4997
3404
8165
2670
1947
6471
9050
1163
9685
5755
5784
6770
1832
8346
1586
1443
1349
5214
6228
3763
3231
5316
7193
5099
8361
460
6838
8080
8025
8419
1240
3160
7269
4837
1568
1630
5103
6385
4317
6700
6723
6193
9136
4020
3792
2709
7082
5191
3734
2437
434
6480
3684
993
2790
3579
5183
7962
9860
4376
489
6101
6093
8583
5057
9407
1264
8054
6390
2559
7567
3412
6969
3101
5722
7691
1100
6145
5436
8658
5243
9830
5973
729
2528
5827
1096
6471
4494
8742
3257
1706
8424
1838
9230
128
7
591
1965
6099
4746
4962
9458
2567
7243
638
3238
2386
5199
3008
3741
4521
9387
7641
6741
8736
1947
6235
6160
369
5927
4997
7752
4443
9058
3030
4002
2919
1270
6826
4939
1933
7960
6684
2615
2011
6438
3371
8526
9358
9362
8061
3275
7098
548
8832
8636
955
7790
5431
5946
1163
3026
6257
4531
3791
9580
3990
842
2555
2000
5061
4640
8537
4614
1349
4232
4320
4545
6704
117
913
3345
4855
1384
8232
5182
3306
6530
7574
1465
9967
7716
9573
8736
5144
3137
8095
9341
1712
7360
6214
6800
8249
6111
2665
7372
2564
4092
9477
1234
4126
3701
3363
5011
9463
9842
6685
2088
3889
5647
717
4134
6748
8625
2603
9337
1419
4682
5838
1585
1919
3936
4536
7222
9063
1873
6815
9195
5893
5446
9737
3823
3239
4096
1742
2790
1976
1228
2868
6105
5577
3180
1206
3280
107
3211
5027
849
8872
3690
2408
8087
4216
4437
2439
6784
7174
4608
3243
7476
5163
7111
7181
6423
2465
7521
8790
3934
536
6193
7411
8137
1786
7878
7995
7523
6424
4809
7970
7612
9397
9334
214
4061
3620
5317
3256
1692
8524
808
9870
1388
6075
2621
8324
9473
5974
8671
9510
9452
7433
1023
8785
1912
6676
4704
4800
4689
302
6238
6433
1026
6275
6283
5490
3234
7226
5475
6050
4579
3297
7307
8538
9436
2767
8806
6165
1214
8897
1421
8560
7440
9261
4176
3508
9597
1528
6411
3417
8939
7681
6486
3094
8934
2641
4262
4008
2463
2588
664
1142
6014
4858
131
3832
852
4710
4314
2380
6435
3148
4461
3622
2721
2008
4423
5802
4041
1904
7011
2991
7381
5433
9398
6192
4979
185
6093
3841
1148
7441
2454
4127
3590
7630
4943
9860
8189
2493
7899
472
1632
2586
5959
8395
2405
6613
8351
562
1318
2331
8088
7008
9656
3223
7474
1742
975
2950
7360
6883
2989
4145
9465
4175
3885
428
3232
4356
7375
5110
5650
4984
3624
294
6253
5336
6943
8371
333
9579
7867
1807
444
8008
6935
2286
1655
9677
1148
695
9802
3391
3837
1729
9350
2807
8301
4621
3245
3261
9868
2206
3934
8970
1276
843
5693
6685
9179
7322
7529
9033
4121
7979
9763
3605
6098
3489
8902
5738
587
9183
1234
4426
831
3152
8602
436
718
8271
2523
4709
852
3368
8421
6984
5232
7582
9370
2702
9478
2858
8668
183
9316
2151
4458
6037
5954
2292
6951
5979
6917
8036
8950
7871
1236
513
7023
2736
1986
7518
3288
306
5907
249
3587
1281
7601
3399
3090
5143
7533
6187
1677
2763
6688
1134
2651
2810
3625
9617
6359
6143
26
1490
7496
7896
7884
4889
8909
4100
1298
6776
7539
233
2921
3554
8870
8227
3716
3183
2264
9267
2176
9597
3460
5419
247
599
7013
68
2963
1970
953
8786
6052
753
5073
22
7969
606
2803
6645
4774
5286
2210
2510
8610
340
7364
2650
7132
7189
6874
9737
6199
9041
1372
9854
8345
1089
5480
9520
7278
770
7508
7746
7411
5164
3432
9807
1549
7237
7678
7189
2542
9299
5784
3103
3050
4999
9279
6618
3886
3225
7530
8640
6325
1939
6721
9062
4969
9181
2767
6759
7735
1459
5637
6088
3507
3165
4741
9146
6143
584
5937
4256
3186
3340
3943
7263
2340
8613
7899
6150
2540
7984
5495
2747
8430
9578
2265
2160
1334
6285
7465
3523
6220
903
7534
3530
2015
7902
7946
4892
7635
4397
9288
7085
786
8256
8497
4193
2451
1571
3352
7268
3414
4505
3847
1408
1425
8917
3708
5933
4620
6184
1785
252
9198
3832
397
2267
4146
8415
201
6148
868
878
7850
4310
9905
1629
1341
9628
8848
5071
55
9256
8955
9177
2343
3410
181
822
6229
9722
9943
5302
4785
8005
646
6419
4709
239
8408
6502
6657
1008
7475
7875
2227
7079
2088
1444
1075
2344
7868
72
6126
6254
2623
6784
4554
3144
8031
2076
264
4696
4620
6705
1567
6790
3061
2939
8737
858
9624
3257
4899
6306
9772
6746
1488
1663
5307
4613
8155
6870
3700
1333
2814
6003
5390
3927
4367
7068
715
16
1606
1090
8723
5600
9993
7683
9715
2029
6068
690
4740
6201
2151
789
1531
1011
3615
1975
2241
1005
6189
4279
9518
7020
7264
8413
333
4111
8207
3886
3271
107
8146
2388
9732
9974
5045
9964
4304
1884
6799
5126
7796
9567
1765
4973
6135
2816
5717
5067
3212
1730
2092
7884
172
1859
1757
689
5323
4705
6862
1073
7599
1018
6581
4575
2734
8754
37
4547
810
8439
6072
6223
7428
8481
3939
1730
1173
3243
8715
1797
5278
1785
1245
9554
9074
4125
4916
9862
2507
9915
8542
5593
5358
9522
9321
8229
3294
6111
7646
9580
6786
880
3502
4420
5172
3283
9082
6162
8983
3234
9353
2255
4755
959
7856
5120
4213
3520
694
7580
7383
6454
8601
5254
5439
1243
7781
916
1922
2437
4169
2549
849
5941
9577
9067
4798
4014
5912
3578
456
3248
7514
2501
7024
1260
36
5737
6781
5501
8581
7894
760
1579
4254
4396
1488
8342
7822
8527
5123
3660
2599
618
2631
5889
5952
473
6195
2334
9969
9793
5648
6164
6851
5911
4858
841
7670
4428
6851
4102
1082
6141
7610
883
4605
6745
8950
760
2041
3696
6364
9814
4053
485
644
456
4100
7896
8809
839
1170
6347
9205
6375
3090
6103
3259
1164
6421
7828
7531
9564
6002
1469
9632
4722
7784
6391
6626
5589
2132
9539
7531
1641
2624
6681
3594
522
2695
6463
6786
990
3817
7906
1602
341
7212
1119
6112
6286
5895
3466
4557
1938
7737
5454
2464
1970
4853
3994
7312
2260
50
7484
2757
1227
3384
6215
9281
3028
9676
8278
3924
8960
7276
5056
2816
9315
5405
1289
2236
4927
1888
1207
1821
552
2335
3272
3299
1151
7082
284
9313
5136
5258
7377
2350
105
8025
228
9258
3434
9834
1561
9889
4033
9379
229
4761
9863
8114
6675
7650
1946
4116
4347
1112
7688
103
4422
6446
1605
6136
400
3638
9424
4024
4115
6593
5033
2680
3894
5033
3255
5583
4013
1779
6480
5060
3731
2036
5184
7407
4973
1339
3928
1042
7623
8599
4346
8188
5426
1065
3851
2701
4854
3862
7667
5443
2366
587
6486
2949
5655
2236
1084
3432
3289
1242
9537
4215
9087
6751
815
5246
1355
9609
1626
1688
1265
4881
8860
523
2157
1061
6481
1164
9459
8423
3735
5328
1626
9584
8508
6726
1964
4365
2705
8685
5556
6457
6156
562
7985
6809
3191
6385
3070
1942
2193
7987
836
4399
3054
4833
2680
4545
6579
7644
6271
1812
3447
8345
3318
4473
4083
492
9766
1120
798
9907
8772
6765
7889
7649
489
3943
656
6701
3848
4392
6192
2915
8256
5742
8326
3003
4590
2098
6069
9574
9796
2620
4326
3910
6191
7555
4389
7542
8614
1098
4473
8644
4802
5110
4140
7560
9697
7532
9656
8784
5295
5016
3639
6138
3310
2264
5946
3516
7216
6504
2537
2356
3427
5868
2469
8781
1054
4295
4145
2618
2819
8363
5680
5810
9461
3788
3829
9599
4064
5014
9162
757
7099
5759
7629
9575
4797
6737
5600
2934
9138
6222
7492
8885
7737
1368
1139
215
5493
2454
9070
4655
7163
9602
8247
824
6928
5908
6174
5978
2834
9338
5726
7704
403
104
3769
2998
5077
9674
5739
915
4047
9000
7280
1995
6993
5738
1006
1645
2187
2606
9211
1247
1965
9405
554
7787
1638
4734
1974
9301
8885
2227
2230
6005
4925
2543
6180
511
3073
6921
8085
1675
2533
6166
6924
6821
2471
7373
2718
4501
2224
3677
2612
48
7420
6981
3673
9491
9381
2328
740
5276
624
9491
5847
7729
5782
3312
3625
3737
1367
7095
3737
882
3502
5376
2048
1327
4217
3301
1470
7057
8145
6838
882
2302
7549
8185
6041
9932
9587
716
5645
3776
1822
2532
4329
765
8729
5107
899
7875
3322
8594
7718
6667
7764
2941
9477
6805
3319
4489
3996
2756
7405
9742
3043
7934
8151
5648
7090
5453
2569
933
1154
5226
6251
4230
3778
7870
7061
4250
8871
4242
3665
3252
5329
3157
5700
1268
7101
3313
706
6235
9711
6122
2074
9775
1829
6041
3736
9822
4435
2710
3121
6037
2897
9915
8343
4489
8439
8677
6440
8182
2440
8144
9101
8972
6650
7961
6384
267
4515
8821
1980
4769
9416
9968
9131
4188
4207
392
900
8758
65
7342
6065
4158
8797
5501
7459
9021
4844
9979
7901
4090
4670
2513
9421
8359
7526
8143
1657
1780
130
2739
4839
8531
5917
7409
6475
4513
9167
2965
7179
7746
1911
2152
8103
2011
4870
7316
2401
7192
1903
4465
6377
7951
3200
2843
8185
5547
2
575
5136
6805
9358
3684
8763
2381
3272
4329
9643
1151
5369
8581
7044
7343
4394
5235
9646
9258
9262
5413
603
6741
3736
2407
2555
1480
8615
5977
1957
7168
9880
235
5781
2512
9886
9491
9994
3830
2637
4437
4919
2738
7034
541
5345
6769
4157
9446
5240
8478
9717
7302
7864
2577
6534
8227
6464
3392
5343
8909
5599
4372
1923
970
6423
5296
1197
8805
4743
978
726
5950
4
8781
5951
8829
8175
1828
1182
4722
3497
7671
6319
5000
5628
992
2283
1704
65
6883
6378
5650
59
1367
2806
8859
663
847
6344
4518
8889
2144
4056
5429
4233
7115
1717
1826
7347
8894
2691
5973
3439
577
3640
8609
440
6879
2487
645
399
4459
1383
7370
3189
7942
1856
1282
2204
7020
5635
5390
4926
3853
3514
6670
5500
9098
843
6945
3087
9439
6533
7737
6455
3698
3771
9682
8196
1036
8344
5114
1700
9824
7180
6577
1782
1166
2114
2708
5855
1504
2835
4328
8284
776
5504
5390
3725
4204
9555
2080
4292
1385
5676
9578
9812
2825
1694
8940
5989
9575
3063
1995
9891
5587
6098
8877
5272
2719
6595
2644
4568
9166
8257
4624
7061
9397
4322
4468
3932
9140
1835
2439
4030
2919
1206
9469
4986
3005
5572
5711
6304
5487
288
3854
9807
4724
1661
1977
3678
9939
7713
7740
828
6195
834
2373
9251
4275
1465
9219
2560
3045
1384
3085
9846
8978
7351
5518
7372
7822
4911
3171
9354
6344
2959
154
887
2427
6852
1587
2146
2380
900
6589
2202
291
8356
3154
8153
9353
6919
89
7425
5567
5885
4828
894
4948
9503
7169
7768
3418
534
1538
7312
452
4063
9791
8175
160
777
4409
521
6350
3753
4486
9942
4853
1870
1298
2546
5054
9882
3756
9955
6380
3863
5434
6051
5615
5346
1137
1335
1243
4986
5121
1137
8496
3668
7669
8714
3390
1671
4131
2182
143
1465
1151
8375
5896
4054
4526
4297
3410
503
642
9376
6892
5556
9926
7472
9823
8847
2709
4048
3747
3058
5278
2923
1930
8614
1405
2656
1254
3595
930
5009
9223
8808
2331
3416
8346
4704
5111
3322
3458
6308
8700
7956
634
5231
565
6388
1004
7999
4815
3368
7399
4736
8921
5219
3056
4655
6061
4388
9478
2023
3571
6025
1523
6970
5748
7975
6476
4900
6347
9181
3320
8992
778
1672
1265
2920
9281
59
5378
4574
4472
220
693
1582
6545
6172
237
6534
2440
1615
3712
8479
8969
2488
4446
616
2154
5179
6585
1945
4890
6170
1933
5352
3180
3874
8985
615
6299
1519
1723
2558
7506
4882
2808
5929
7138
1034
4135
943
6414
7856
5088
4642
7905
7239
138
439
3527
4037
7796
5621
9691
8005
27
2117
8412
4171
5996
681
5644
7187
4379
7292
7967
2863
4592
3540
1527
7245
3161
5455
9726
944
7350
9263
1376
3701
4916
75
8537
4010
5533
7687
6657
4438
3842
2296
8409
3864
7215
2728
2113
2171
1252
3285
2166
4080
6871
5896
3651
8335
5065
3614
4716
4870
9693
5707
8510
7217
6142
3054
1508
7560
4580
4079
480
5195
4125
9251
7889
3686
5557
537
4886
8573
2942
8128
4617
9599
1867
699
2117
7131
895
2296
4585
6153
5887
757
4142
9650
5485
7881
4914
1042
9219
6598
7493
704
4434
5885
4119
5587
2201
7419
5439
4632
8651
3162
2704
4822
8088
2031
7643
2175
7601
323
721
66
8372
5242
5904
4998
4720
1758
4921
6483
1346
1215
1140
9223
8604
9138
5654
8179
5065
3601
3270
2623
656
227
6348
8684
4688
9201
2533
5039
6667
7073
2531
6088
1173
793
7093
7985
2402
2825
8187
1013
3583
2476
8012
7617
7203
5209
2498
8354
9971
2369
814
5707
1794
6533
6952
1148
3941
8471
8502
6674
4085
2189
3120
3057
6579
5408
8729
8990
8517
7
9831
3399
735
9005
9116
3171
1651
4827
3446
4693
3079
6509
7358
5878
9664
1024
9375
5519
4829
2302
4823
8744
9695
6060
899
928
609
2579
6013
3317
2826
7497
3531
1094
9459
9674
1940
9736
5088
1720
9802
3111
5043
8569
13
4270
80
8496
6156
8810
4163
627
84
2284
1633
1660
4267
8420
3645
5274
2672
3887
2303
3389
1022
3424
7938
495
8230
6176
255
7061
4959
9688
1763
1143
7991
1027
7411
9331
4217
512
5087
9698
7319
9600
8304
411
5238
2901
5506
6173
2662
9940
6007
222
4100
7075
51
5435
5887
5534
313
6260
6520
5012
7518
4184
1391
8456
107
2441
5056
4282
1842
5955
7857
1297
616
6381
5079
6807
7431
8505
6177
2364
9529
4958
8057
7424
2257
9444
5879
4727
2304
5175
5518
2507
7874
27
6749
6344
7408
9496
282
3954
2975
3092
7839
4760
4575
5027
5474
5381
1341
8750
6147
7242
4658
3109
4754
2771
2185
6754
2156
1229
7638
9984
1553
9137
5674
6114
2572
8039
9248
4809
6427
3958
905
5763
7055
1131
3731
772
9374
8837
4658
5323
1645
3954
9590
2147
2627
2903
4037
3726
3046
493
8549
6277
8211
9198
9992
1254
7891
4054
8228
8245
5944
7085
9137
1270
380
9890
7513
8342
3574
4108
8939
8940
5635
560
4102
5554
2764
7515
9830
2062
1176
1750
8083
8382
5520
114
4320
2459
2949
7713
8288
5590
7679
5179
1705
7136
5687
1023
3503
462
687
6710
7015
3216
6037
5640
1681
3943
6195
4878
7117
152
7438
8332
622
1356
9614
8333
8023
1277
1195
4741
9876
1567
8198
631
3097
7505
7747
9171
1301
4160
6593
276
3747
8126
2644
3489
266
1097
7352
7115
914
3143
4087
3963
2900
4267
1409
3482
4356
5435
4588
459
3729
4211
2048
9114
494
7803
295
3186
4337
7225
9861
9405
3839
9845
9536
8459
3210
3741
4086
8423
3610
278
4189
5046
3056
6926
2909
1850
4762
4047
6772
9827
2048
1788
8331
9195
5805
3138
2803
5017
4834
9503
8595
1867
9420
9614
1307
8698
8003
8469
4700
3270
2122
8996
4307
2796
6528
1725
7045
409
8690
7709
7703
9994
8800
5521
9455
3518
1995
5082
2733
7836
3257
9811
1009
2939
3568
5807
5705
3687
7996
1705
2590
3659
6889
7971
2177
6690
8088
8180
8158
7908
2123
7758
8442
5702
553
4277
5338
881
8934
8020
6895
9148
1618
4780
7457
186
2504
8083
3849
1398
7882
6752
2839
4358
1471
4305
8508
7149
6534
4553
1679
7944
8975
226
7240
8571
9013
5894
5588
3965
5912
1700
8170
7967
738
4120
5335
7517
3217
3285
3892
6115
3042
9372
8116
4550
6613
3539
338
4700
7398
5728
5126
8933
9089
5222
8041
1102
9688
5322
8139
6239
2001
2550
1645
3713
1287
8604
1112
982
662
4237
4953
8255
9744
4093
4591
3778
7251
4460
3823
7832
9403
4311
1632
3912
6258
966
2177
31
3213
1994
8851
8749
4608
5084
9744
3546
1801
1542
7064
2017
8397
8922
8650
2639
3929
9035
8869
3673
861
259
4395
3247
6725
7109
1097
977
9455
744
6725
6034
5740
3999
8020
7058
5604
283
6124
1369
6850
5053
2486
6774
1257
7287
2789
7806
3595
2573
4764
6349
9413
8663
2057
8522
2330
9766
8870
4961
19
8150
2832
3741
4217
580
2155
6774
6317
5746
948
2946
6867
2750
8593
2564
3151
5696
8306
6056
3579
5869
8169
6276
4588
8715
7107
1401
5529
5294
4774
2786
6465
5346
9751
676
236
9702
4388
4467
9267
6207
7215
4005
6413
914
5999
9738
7129
2014
3222
1069
3378
1554
5804
4042
7518
980
4778
8307
5042
8227
4910
6273
7368
4900
4201
4070
2418
9645
4740
8919
7148
1764
2753
6262
431
9333
3178
6869
9718
385
1880
5549
4386
8817
3753
5157
7031
5281
8787
2699
5270
3027
7139
2034
6170
4637
549
4002
9998
7159
708
7078
9003
9287
1990
5562
7398
7512
9338
5861
3793
4133
3351
4808
4203
5400
1963
6823
5405
2094
5134
1047
7171
7632
3651
4102
112
7947
3696
921
5251
9286
4315
9306
107
5246
7693
3000
3549
4684
8971
7095
6326
5
7480
275
2531
475
3945
8784
7506
8993
2591
319
921
814
8305
9264
5646
5481
6112
6095
8669
7735
1797
9416
5286
7441
1223
3295
4585
433
3041
7759
545
3436
4223
7122
3341
7292
9237
4966
6098
5007
1289
1678
2523
6370
7935
1702
5964
544
2534
8300
2553
6850
550
9292
3180
6476
5833
639
9903
9966
945
6559
6449
1973
1677
8692
8241
5105
2454
3463
9035
7448
7745
3367
4330
1716
7299
9679
3437
8004
476
4130
9136
1026
7065
8386
5323
1548
7524
7567
3419
5457
5009
5195
8544
8200
4500
5269
117
9377
3590
315
7329
7382
9218
7939
8415
1050
5174
5630
8477
6647
1343
4372
1495
7597
7062
9225
1429
5762
184
4082
7310
8810
2021
6248
6607
9655
9194
2218
761
1841
3560
3521
3832
3010
6388
4406
6337
5068
5722
1727
6348
4150
8767
4146
8896
6555
6356
7629
4055
2609
734
8972
6890
1988
1149
4049
143
3224
5594
9887
5041
7855
4878
1847
8343
3845
5385
7094
2415
2831
9050
754
6964
3970
2344
8914
912
5970
1945
237
5201
5425
6095
8335
1034
3043
5228
2370
8911
9190
5498
8684
7982
5264
9872
3119
3915
8993
2354
6316
8662
1281
6822
3399
2650
4448
5901
7487
4766
1155
117
3387
4189
5575
6958
6796
3871
5384
3431
1642
117
3962
4218
7173
2388
2631
9222
592
9402
3526
1904
4032
1451
9267
9865
8091
7836
4327
3434
9047
6558
1972
1029
999
411
9100
9702
4994
6965
8042
8790
8928
4109
7542
3644
8496
681
237
282
3143
5505
5807
7273
683
5483
5548
604
9515
7550
637
4492
2168
9715
5579
7395
5746
8500
1654
7198
4499
9594
8807
4682
2721
640
375
5205
5280
7271
9933
3311
443
422
2006
9903
6571
6474
5489
9034
5893
7578
8443
5272
4114
7998
1177
9988
9242
8460
7267
9748
6722
6208
11
3414
7486
2995
1245
2736
6138
9885
4960
9820
4712
8169
6557
7709
9908
3610
7281
1407
3375
5658
3766
81
3419
6891
6726
338
9349
3257
8099
5160
482
5888
8586
2106
4537
6087
350
7278
1624
6226
2387
969
4974
6892
7556
4962
8778
3783
2919
1985
7522
2299
5687
3480
4130
3180
5298
1686
967
8501
3555
4728
2805
3389
5740
5066
9121
1427
399
9573
9146
4288
702
7523
7605
9625
3578
121
3922
8319
7177
6423
255
5727
9340
9822
5100
1181
398
253
5099
2548
9028
7228
5521
1476
839
9716
6560
9050
2258
7482
8505
7386
3089
2022
2594
4449
3144
7302
8571
9162
2583
9680
2413
1449
1425
8108
2276
8477
6233
7349
8794
18
2950
2488
5440
3985
5934
1724
2520
1695
1723
4494
9464
6523
3020
5134
4146
8951
4136
1518
6734
1782
2233
4525
167
2159
3574
5642
8536
4046
9350
5347
4419
3165
8539
7749
3684
7531
1113
6128
4471
5649
6020
8739
161
1474
9255
2367
1871
4761
8423
9276
5317
208
3471
8165
6272
8373
4641
1056
350
3805
1264
7731
933
8813
1174
2890
4414
9778
4559
4190
376
5224
5562
8861
4593
637
7605
1522
9989
4349
5020
743
7515
2967
7710
8722
7305
9581
5094
440
5159
8872
4941
5298
312
3759
8586
5493
9266
4299
4586
4222
6578
9196
8303
905
6539
6239
4723
6960
9919
5997
5132
6326
2298
5489
7441
5935
582
9289
6567
8427
3191
2745
3097
1746
2502
8656
6356
3649
1867
4049
7617
9355
8989
1616
5914
9343
3011
1494
9494
6134
2787
3920
7909
3412
8044
926
8661
4952
9502
7561
3503
9256
3968
6406
9545
424
4247
4276
3986
1887
8004
2904
6452
846
4650
5394
7001
3617
8147
3310
3293
2790
7968
4005
1529
7164
913
7222
8870
3527
6355
5245
878
5706
3053
8128
7687
2323
2856
4872
9386
1031
3786
6335
1387
4289
4175
8727
1423
7117
1145
4131
3855
5262
6643
7
7390
7967
5308
7757
748
9463
8357
7989
9465
7062
364
3990
3716
8607
7322
9101
142
3939
7589
4972
3613
4058
2377
2854
5819
7303
5137
2645
9364
27
3945
1989
2779
5131
3585
7495
6057
114
7176
8452
2240
5169
209
6754
4177
9651
7301
5406
2216
6239
7935
4839
5483
8661
6718
6236
344
6238
4964
738
9039
8419
4577
5020
399
729
3611
9001
6850
4210
3306
6244
2847
2379
128
5087
6822
5591
3031
1490
2195
3210
8752
9597
5279
4710
4277
7328
4957
4770
1438
1254
2132
1236
7851
9220
6394
9812
8007
1754
4288
876
9859
1343
7351
4643
2942
3540
5003
7165
6944
4162
5738
1496
7240
4304
4854
8496
6698
3616
2764
9809
817
9870
5437
6256
8900
545
506
3468
6586
4604
795
7276
6855
6037
4482
9752
2015
2576
6485
9711
4681
468
3175
3796
8202
1440
7234
8956
5010
5810
9188
188
1408
1790
1609
8798
7873
4710
5513
654
8379
6035
6320
6031
7376
259
4421
661
6966
1728
4954
4286
7965
8176
8591
6604
3520
4959
6613
8165
1438
1844
9243
3121
4620
1568
3453
3224
6529
7728
3367
4827
5449
6034
7347
4952
6252
5585
3864
8349
1906
320
9845
150
5015
8128
1266
9595
2940
9785
7606
125
9425
9105
5081
8224
9758
6347
2860
5276
8856
3119
4636
6800
8062
911
1872
6390
6600
7087
3321
6856
7274
7401
9470
518
2549
7923
9871
5486
9675
3676
7155
4117
9388
4958
4687
4525
8357
9401
380
4430
6018
7679
5571
7206
4891
2327
4751
5921
9583
6938
5468
4722
9192
217
5642
5233
1595
2968
4526
358
5431
9654
694
9301
3587
8528
7665
3642
1228
8391
9261
1855
1231
5132
1788
1119
6624
2426
8492
3955
4431
6664
1621
1005
1140
1180
4809
8400
8961
7073
5805
7752
5521
1568
9045
689
5398
8053
4605
5969
7010
8030
9788
2747
134
1848
7204
4351
4517
3661
1277
6567
1504
892
2800
2778
1634
7515
6346
1815
3736
4762
6397
8843
9342
5051
8546
6833
8743
3373
6826
5874
7132
6143
3987
1621
409
4582
7069
7327
4264
5178
154
1161
6455
8826
8135
8918
1344
5355
1077
6615
1582
4454
3114
9855
3245
8966
3292
7910
5316
3318
3024
5559
1950
3502
7319
7113
466
9141
2442
7493
8427
2598
1786
4814
7083
5124
5315
2986
1381
1079
1938
8128
7223
8530
3305
1089
246
1114
6741
9610
5869
728
3857
9429
9690
3236
5691
533
2098
1527
758
8033
9017
2536
6437
5421
3750
5452
2340
7503
9656
3432
4831
7003
9849
4475
1625
1757
4593
4579
9141
4580
7133
4894
2628
4097
4990
3637
1898
3288
2547
4880
4157
8388
8309
7197
2236
793
3950
9828
148
1014
3504
2401
2403
5261
8032
5406
3969
3649
1235
3494
6228
512
5778
319
5541
333
6472
4069
9379
2062
1298
568
2034
9269
4071
9663
7534
1692
5064
7416
5314
7682
6156
821
8892
8823
3913
2455
4798
483
9860
4979
2170
7257
6023
8307
1968
4276
7675
8642
4895
2149
146
8385
8269
9122
1519
7626
7984
2582
9703
1487
3788
1144
3418
6907
4673
44
9507
1798
5908
9004
418
3961
4372
974
1328
9749
2076
2572
1429
8051
2461
2193
2080
8010
3725
2386
3209
4825
2922
2113
2937
1238
43
3638
286
7474
1692
361
7895
9165
2186
3379
2997
3398
6970
881
9269
2672
8408
347
2825
5559
7782
3368
5310
4331
7299
941
7598
6636
1907
1877
8606
810
7896
4348
7175
2152
9624
7891
4299
9492
1449
2149
4590
2005
7972
3252
2585
5078
4308
77
9061
1715
9748
3251
6278
2027
1005
3777
633
9206
9847
6027
3400
4447
273
833
2698
343
1206
2448
868
6113
6793
7149
1988
9184
2854
6097
8217
4790
4688
8578
60
3426
5382
7820
2997
464
1062
6603
5880
6544
3654
426
7881
7119
1211
5900
8285
562
6794
6141
3817
3804
9044
6010
8811
7684
1439
5027
8148
3917
4251
7295
2844
4971
2515
4424
1813
9410
1517
4892
23
4424
1398
3961
9644
4297
7852
9817
8900
4267
2905
2652
5359
2082
826
8190
2440
7272
8319
8203
2038
984
8175
5366
1232
3719
3451
8559
3151
9847
4853
8770
3570
2683
8754
3694
7119
1208
319
2206
8914
3656
7278
7328
6694
9831
3157
457
3765
4819
4439
5368
6826
1285
5423
8100
7878
9484
9784
27
9652
9963
1568
9104
1491
9751
774
1191
5717
5951
2299
6474
8076
7358
414
3508
5719
9862
4867
4874
7533
2135
8079
1019
1203
8050
8212
5343
7924
2625
7755
189
4781
1212
2241
6868
1391
2907
5120
5686
7755
9965
9730
935
5275
5849
5249
2738
7484
7911
6695
4404
53
7222
2890
260
9629
9187
2366
2261
4191
1826
9801
8559
3439
2683
1441
3119
4719
1253
4581
1448
5003
7791
8534
1273
2600
4203
447
883
1565
2738
911
9177
1264
7416
8620
7510
2154
3361
626
4532
2155
6580
9341
4419
587
8995
7538
7130
288
6452
3664
4568
4339
7953
167
5067
4530
9034
3239
7943
889
1971
5527
6759
6111
3094
5950
6322
4608
5167
3085
7927
5159
7407
1207
6930
7931
8200
8000
6734
1526
884
3687
3107
5395
3464
8772
9526
5030
5442
9942
2753
6530
9662
2091
6365
7087
1643
9191
4242
1955
2840
1275
2628
4302
6710
8363
3198
3005
9023
8532
4379
3713
8663
9222
4718
6410
4875
5118
9731
6812
1134
1915
9955
5033
4875
2518
4722
7010
1874
4338
2833
1308
9663
5891
1547
9513
6178
2868
10
1237
9797
4629
6341
9263
1189
9304
7520
3794
5358
5503
6310
6364
8698
2658
6304
5611
8942
2740
6352
8994
7789
2399
3870
3084
5873
9636
7678
1411
1051
1447
5978
1518
3350
4749
583
1317
8275
2554
1381
259
5678
4772
9797
1193
8510
4338
5034
6609
5855
5849
5085
7991
5868
8348
4050
9472
9480
9692
5234
8478
1904
1042
7141
3249
1126
6573
7991
3610
7908
1066
358
8019
8032
1500
2893
1779
3753
25
5382
8191
3394
6659
587
5283
1484
7665
8256
9115
2973
322
723
484
2739
3817
4212
4202
6309
3123
2667
7759
8540
8148
1076
7576
4800
3156
2969
6029
3078
6576
7763
7332
1141
8067
9573
6963
8922
7690
7500
3666
6498
3534
8766
9369
9328
4042
3494
3450
8283
6748
5632
9990
5080
7307
8359
8775
8603
3784
7599
4603
8300
7737
6017
4987
7532
399
3948
8692
8973
6267
1805
6033
6080
1743
3846
7623
191
2919
5982
4200
9919
2298
1705
4952
4366
731
3550
1059
4747
390
403
6900
9241
8274
5758
9504
3476
6751
2712
7421
6126
9038
8625
3928
5633
677
1255
3959
6973
183
3935
7511
8790
2166
3793
8179
6018
9591
7627
2325
2571
2576
1482
2812
7255
9828
8173
9239
978
9204
6538
2010
5170
7800
3718
6526
9100
7327
7753
7982
4869
7533
4187
8864
190
1836
7900
4915
9340
3529
511
3252
4804
5484
221
5702
7261
6397
8364
2861
3632
1441
2642
7965
863
728
2987
6708
8002
6406
6720
272
2021
624
3605
3685
3743
6470
8928
6280
5160
7997
1298
7008
9808
9817
6705
5686
5541
551
7735
7360
5852
4932
3495
4671
9176
1578
6835
67
5196
6879
433
3712
5331
7298
6235
882
5695
7412
2075
7616
5481
8589
2844
1738
8577
9280
6624
6344
3935
7761
14
4094
3510
9717
1417
6296
5750
4589
1518
2017
9736
9343
8697
7374
7288
8293
2911
4534
6722
2124
5326
4418
2872
775
6878
397
3152
3619
7357
8776
3352
9293
4980
7261
2545
5351
1518
1213
9563
95
3374
3537
1448
7700
754
4258
7600
8303
7482
701
1415
8781
3767
8864
4900
4684
4053
2154
9459
7753
2276
4630
3344
465
7480
9254
3728
9132
5908
788
7299
9157
9649
9837
8203
6989
8214
5282
3547
7206
5172
5168
3000
387
2694
3836
1351
1332
1540
2366
498
2122
4499
6691
1216
1214
6973
4353
9259
6154
2593
9712
1983
2046
2121
3162
1075
7208
6019
5686
498
3181
6430
8684
2674
7799
8631
9597
3920
2702
8147
9631
7595
4677
7297
2097
5852
5390
2022
7003
9777
1051
8166
205
6695
1626
5469
1918
4584
4127
1429
3437
2488
1739
9723
6944
4763
509
4116
5902
3434
7915
3216
6426
8529
1489
8713
8696
7377
6025
5199
4790
5446
2595
9961
1087
9874
4471
1674
9544
7228
5369
334
4755
6709
3170
6763
2363
5064
6666
707
8907
8970
1886
3255
7676
3912
915
7102
4266
3865
1821
1319
5726
327
9118
7457
929
5082
5206
9894
8214
9401
7132
2895
9983
7373
9852
6699
8632
3229
2137
9898
9350
3868
8905
8866
6328
9567
3399
6123
9781
4930
1671
8843
8377
2846
5175
8840
4275
6861
3770
3414
1874
6436
6394
1390
1885
613
3067
5129
2709
2519
9219
6553
2722
7304
9436
8152
5324
1338
6610
3354
5021
597
7370
6257
7757
680
357
6528
1135
9871
2508
2582
1725
6242
2510
3005
1848
1828
1664
9753
6949
5411
7729
2106
4844
8316
7473
4206
8931
6007
2100
9882
9517
6638
3896
2885
7285
8370
2801
174
1613
1252
7429
3062
6831
5913
9011
4075
4525
6193
1419
819
2129
5258
2153
1359
3767
2161
2490
1060
2173
7453
3468
804
4581
788
7472
6746
3521
879
6305
4441
8900
221
5710
8680
1543
9616
4003
9074
9837
4249
3913
3804
2973
8646
2446
9845
5150
9081
9718
6355
67
3009
9268
378
8159
4120
7162
1174
9979
7083
3903
6612
7923
6615
9818
9458
7966
6392
7832
2108
7020
4365
647
7257
257
3869
7242
8971
6139
1411
9240
9276
8156
4788
4249
3666
9460
9295
1102
1568
1829
6140
1848
186
5978
475
2865
5580
6992
3048
299
1847
5487
8994
2191
4713
5094
5015
7591
6479
7006
1167
6966
6941
756
604
8423
5799
6894
2936
6948
1403
5277
6701
6536
7560
7661
6839
3984
9116
1993
1392
8548
6799
8804
4607
660
8067
1745
7731
5789
8365
8170
1040
9824
3245
5514
587
3223
4987
8108
8443
8493
8189
9557
8411
5649
1463
4129
5985
2367
8645
9080
6705
8779
2904
4256
1008
3927
1459
2039
7449
3508
1619
5427
4408
5912
431
7612
1669
9728
7142
1403
6243
2916
140
2
6049
4509
7501
8497
6205
7112
9158
6339
7627
8094
7844
1707
9382
211
3623
5920
5771
1756
4163
8375
5641
6097
8995
7465
5826
2997
9156
6788
9307
6998
2389
1600
7980
3177
8106
5275
2123
3162
4502
2708
9717
9374
3830
6865
2554
9504
184
7521
918
8447
9
2973
1625
4816
7202
5990
465
5507
7789
5197
1663
5104
5860
6160
2311
4201
1112
5314
1225
1055
3710
6230
4943
9047
6727
8429
5373
5779
781
559
3172
2203
5471
1049
2034
8493
9061
9364
8963
1300
2959
408
9460
882
5740
6
4473
3632
7493
87
4175
4380
1765
3497
7667
3950
7890
1727
2177
7518
3132
2943
5573
2119
8151
9718
7144
4131
2921
3246
4429
5517
5298
5974
7602
6280
9384
128
3106
1377
4075
7799
9963
5827
9874
2218
4392
4989
2948
9863
2928
5221
2000
2875
6800
1595
3966
6716
3482
9779
5198
2956
634
1470
7492
2290
581
8702
9418
8837
5736
6731
3634
174
6120
9927
7361
7953
6343
9131
5509
8405
1863
2398
2913
9105
2864
7242
9309
1239
7516
905
9974
5903
7261
4271
7606
1654
3020
4656
2105
3355
5075
1889
2187
84
265
6898
9832
3036
1962
2213
6379
8068
1594
146
280
4351
1898
8764
3918
8249
9801
3406
779
4281
7207
1026
9302
2382
1251
2971
4726
6605
3611
2233
5512
3853
6511
2373
208
1813
7627
6075
3085
7283
7970
6289
8972
5143
1006
5083
6361
9699
3644
7811
7504
5185
6691
6705
5203
6761
6
7812
375
948
1122
857
871
1369
6281
7903
2158
2258
5482
6485
4299
6249
7751
5297
6186
6332
9955
8234
5416
8436
6169
7896
3634
5147
6128
7697
3478
9915
5833
7898
6339
120
4871
1748
2035
2217
758
8515
8243
96
5646
7118
4444
2865
728
9020
3405
2053
2274
9127
3459
3057
5449
9198
9792
6102
9138
9540
6019
3153
1591
5625
8030
2489
3947
7176
3512
2389
2157
7587
2242
2263
8015
3403
1638
5902
7705
4497
8909
5297
7119
3942
131
7464
1854
3941
5560
4495
6483
9531
2618
1599
3137
3407
4742
5071
3663
3015
8694
7973
509
6686
8833
2798
9175
1728
6869
902
9032
6436
1350
2018
1281
8341
5458
9049
7527
5515
1350
6288
6637
9710
4201
1992
295
5023
9244
2103
1006
2588
1532
2911
393
8662
8954
1267
4375
7724
9153
654
447
7743
9890
4573
3482
5492
6767
9034
9378
9629
5677
8778
8091
5532
8051
4919
1417
4312
1985
912
9671
6392
6597
8001
1217
2379
8104
9995
6731
857
5432
3124
2730
5663
1831
6183
1144
5615
8673
1885
2535
2388
3415
3319
4484
2571
5042
3298
1521
490
8963
9554
3754
3949
5388
295
8708
2105
7689
7347
3742
4169
7150
8420
5449
4090
7076
3154
51
1752
9351
308
5026
2296
1793
7251
8292
1002
1664
1161
1343
4301
5025
7608
8761
5390
4463
9321
2682
8632
8058
110
5281
6126
8052
575
5988
877
8677
2070
3185
8208
7467
1020
1704
8109
8369
1657
3430
8496
266
5967
2701
5215
5378
934
7112
8336
6127
2634
9184
6750
881
8695
360
9186
8271
8943
5712
5143
7462
8447
3255
7053
7195
8767
9380
7346
4817
9812
8851
7814
4078
2189
6908
6097
7431
9718
7653
2247
2011
8612
2568
1769
4850
8701
6679
8098
9159
9926
4504
5439
7679
2985
9561
2348
2139
4521
4770
2014
7615
2782
2377
2154
4779
3202
422
7837
6143
7718
3196
5295
541
5176
7682
6517
24
7745
1654
8674
1477
7937
8629
9347
4349
1243
4386
2171
5970
278
5720
9792
4547
6763
3233
9174
4493
7377
1932
4685
9506
8426
6950
4369
6914
7132
1344
2016
5693
4649
6998
9320
7090
6829
5992
573
5040
7050
619
4953
3976
9517
2876
9180
6985
6793
8513
8567
1668
7861
3448
6467
324
5278
9078
2452
6863
2897
6141
429
8706
1837
1419
49
441
7238
6340
2092
8415
5274
6705
7085
9796
3485
9750
9154
8630
9264
4402
332
2401
3440
7766
4337
3720
5365
5454
8271
7537
6469
1137
4667
7740
2449
5216
3139
8143
8013
4133
5454
8433
1581
6113
3457
5817
5073
5750
2486
8072
9757
8305
6939
7226
3191
5398
4138
2812
6951
7628
9117
1074
2094
2034
8027
7490
5849
931
6535
6904
3053
4294
897
2455
3229
7073
3754
9283
3231
2815
9838
9536
8924
6159
175
9339
9841
8379
9584
1770
4662
4506
1568
741
5206
253
6010
6851
8004
9571
4250
7546
874
9747
9791
7007
6581
5809
6270
9025
637
8238
6929
3597
7890
1394
2336
4900
2250
7700
6841
5215
9319
4398
2928
6521
582
2633
238
5013
3147
4609
8022
9039
6836
3258
1868
7003
3128
1736
1050
663
5491
5062
6953
7356
8676
6610
624
2126
9244
8334
3716
7148
6995
4733
1227
9358
4053
9880
7780
8477
3802
4652
887
3821
9962
7319
3117
58
8044
7321
7614
9837
1491
4118
112
213
9369
87
1090
961
1324
330
6619
3882
3625
9254
2557
5955
1629
2051
2367
706
8786
1552
7336
9555
9395
7330
3380
2967
2510
1145
8612
996
9161
9635
3474
513
7025
8822
2176
836
5751
5931
7974
6224
9867
2751
5246
6609
5174
3824
4378
1729
2666
515
7251
2947
7195
159
2920
4651
9716
7562
2171
2978
7152
7415
6821
9678
5249
4994
2470
5975
5747
5263
9090
4885
5306
4792
4283
6396
3888
4773
4645
8525
7717
2800
6595
8529
2820
6946
4304
1861
6256
2369
6845
350
3409
3805
1694
5336
4052
2551
6228
59
6933
2190
8447
7450
8645
809
9597
5036
4439
7274
9767
5191
9848
2656
2547
564
7964
8671
2162
2170
2899
9688
6323
6719
3791
9960
460
8517
3852
8687
1222
9357
3270
2323
5472
3623
3601
3439
5265
1330
9658
4893
4261
9162
5078
1984
4791
5225
3433
6556
1845
2804
8860
8796
602
2034
4521
5970
5200
9693
9995
4973
2283
4509
1673
4651
6101
8237
7273
6738
1549
6306
5988
8947
6330
8595
9155
4397
6158
2183
4468
9807
330
2226
4049
8684
3356
9783
1145
6264
8349
9520
2266
2999
8582
9598
1175
7616
1231
2299
2864
649
2762
6571
9572
8527
8059
2376
7087
104
1248
3743
2253
9406
4952
3529
1416
2709
7232
4574
9631
3625
8898
1249
3210
869
8884
2109
482
3472
4656
2977
3650
8035
1193
5632
9618
9137
5813
50
3916
3126
5451
4165
191
5484
6851
366
5437
9509
7112
2207
6054
9710
4896
9595
9378
5729
3570
1271
8478
2505
5052
5117
3952
616
2404
3891
6185
5693
4538
1175
851
5085
8475
5316
954
4870
1067
7742
8878
6348
8990
9973
7208
1223
5557
6086
3462
2533
3220
1868
9738
171
2871
9620
4657
4304
5549
3998
8505
6208
2435
6909
7273
4093
3401
3561
6168
5059
4046
2321
3002
2687
1743
3598
1493
6849
821
8925
2749
7460
1123
4890
5580
5386
920
1642
9834
5305
2371
7538
7824
2759
7296
4382
4679
6518
8484
8773
8102
6341
6051
6363
4661
3218
701
3610
5919
418
1758
1368
4884
7343
2241
8861
762
4140
1894
7155
5055
4545
3309
2239
7009
8370
7988
4193
9909
8052
3014
7785
5753
1156
6742
9869
9007
5862
3946
8946
7718
9726
4021
8276
1438
583
9524
8656
1141
9636
3944
9675
6208
6575
2739
9047
6119
7616
2823
5163
5810
2260
5305
9999
2111
7789
4574
711
9369
9811
1720
5460
8980
7096
2327
686
4796
4872
2484
8041
9241
7868
2366
833
863
4189
5742
2834
1036
7836
5342
2228
8536
4078
5547
9287
5226
3612
4308
7735
2808
9035
1313
1678
8718
1423
8126
8054
5848
8129
9151
3486
2251
8317
5164
3397
6494
4474
1371
5458
7581
4779
2066
2517
8152
9610
4468
2527
1303
1866
8519
5319
6165
9604
9661
5289
7936
863
9048
4831
9898
4251
4523
5116
9663
4868
5353
2662
9193
5690
6269
7573
4518
1891
4834
5233
3828
8100
1883
5559
606
3604
1578
4683
1701
4347
5612
3284
1225
4624
7878
6817
7298
1773
8823
1222
4120
9571
7617
1184
5119
127
3484
440
9806
5452
8146
121
1522
5230
8526
3766
6724
6515
8907
2086
4856
1167
3091
9191
5135
293
4324
3623
1820
5091
5540
7398
4954
3242
2759
2383
3328
8992
8097
1388
9888
8265
1865
1422
3649
5424
7251
7722
5067
4015
221
6717
8897
4517
723
7552
477
3646
3307
879
3081
131
1739
2565
3285
3351
8420
3835
6791
9511
9429
1577
2600
4837
5195
846
6226
7686
639
472
9007
6730
8869
5290
7576
9788
7495
1017
8056
9328
7440
5121
7470
9154
1674
5163
6634
5600
5261
5397
8589
1932
9050
1271
4950
9616
3266
1130
1885
6741
4977
4574
6166
8707
4705
5132
6719
3264
9649
6200
605
1249
9244
3534
3312
2978
1973
7028
7168
7130
4669
5612
6271
601
6974
4417
7008
9907
555
1426
5509
7836
5916
668
415
2351
6314
7996
1831
9217
1190
7702
2371
3431
6996
5484
6094
1809
5563
6351
4790
1974
5478
2292
4036
7464
569
1765
6961
9178
6460
621
5686
9874
8426
1741
5056
3016
2657
1012
5023
1082
8865
3493
4323
3700
2676
2071
1015
5705
8265
862
1773
8745
3814
883
4759
525
4922
1982
2302
4403
675
7215
1520
6999
4770
6365
8684
9523
2178
4617
611
3273
7567
8916
7556
1547
8472
7030
789
9038
1563
7726
7953
8063
4279
3137
2453
4777
1275
3395
9691
1986
9858
6409
1819
7671
9707
3238
7510
5915
4682
3135
9158
3843
4391
618
3325
8192
1353
8153
4334
5458
3781
4030
2776
3443
9705
2545
119
5727
5635
1868
4881
1912
4446
514
4781
7456
218
4857
6753
998
4168
433
1236
2898
4330
6178
1116
3230
2728
2854
6110
8761
2596
5722
9656
654
5345
5996
5714
4712
204
8307
4206
8117
4806
7494
6638
3238
5345
5841
8185
3799
6611
3510
9831
6431
7654
6323
9284
1517
7254
429
4748
7414
642
7100
2213
6762
9989
1606
368
7346
634
4444
9391
9154
81
3073
6822
8117
1270
7361
9710
1179
4958
4169
2712
3094
6091
2459
3365
807
5796
4942
8668
2287
3341
8388
6133
9579
3922
7715
7651
3656
5358
5549
756
9355
7727
4330
9674
7348
9649
5516
5230
3509
7754
3877
8944
1904
4557
7197
492
8152
6312
5149
3444
9729
2970
8703
403
5994
3100
2362
4694
1740
3808
7225
5706
8464
4342
783
5417
7174
1262
8165
2173
7796
5306
1044
9486
3392
3837
6303
9784
9388
9035
3068
5838
5105
4414
9700
4260
7907
4582
7220
6280
278
2105
8941
5003
1732
3071
6185
7935
747
9124
7934
9620
7935
889
8201
8637
1280
2202
7503
2668
8032
3495
4160
2636
1018
407
27
3138
9229
9230
2794
8056
9784
4979
539
2112
9644
4730
7693
4947
8412
5511
8354
4965
3936
5053
9364
325
2162
5412
1523
9749
9712
2916
6619
9524
4799
9445
3481
4140
9655
6753
2974
4276
525
6385
68
3250
4494
3908
5436
8168
394
7909
7549
8373
6863
8871
9051
2365
5972
8218
1393
9893
9383
3112
2471
3721
1866
5528
9628
9
299
3951
9015
6737
2994
2608
9883
6696
2207
8993
410
8390
623
6863
9332
4919
3521
4375
2205
9410
5032
5561
2244
8673
4539
5597
5394
9587
5594
916
2282
7413
2277
7532
1327
5539
5544
3938
6114
6009
5613
33
8982
3172
4031
8507
765
3352
7326
1603
9509
2169
9126
8007
5528
4631
2744
9802
7627
2237
5112
5169
3089
4775
7736
2576
6825
3797
8598
763
2726
1992
7113
7156
9421
5120
1321
1921
4404
2561
437
2816
1550
7439
958
1447
6288
5979
2327
4041
1310
5038
4441
5089
1079
5139
8716
3086
1778
9494
4672
9997
1223
1360
4130
3559
9506
2111
6916
9627
2855
5760
9278
3296
7105
2992
1781
7032
2314
534
7107
999
4267
9106
5773
2313
1786
8883
6453
348
7193
9247
6117
6329
8849
3527
6252
9892
3385
2815
8547
8206
279
3532
4073
7095
5942
922
5779
8768
3311
6753
4444
3503
7587
8340
8080
1410
4835
8103
3049
9182
5924
8998
3343
561
7007
9546
9828
5038
4071
3099
5568
8144
9128
9157
4552
1967
804
2506
9580
4639
5188
986
2405
8499
3849
7130
2715
5435
2045
5888
8724
1389
2586
9228
1638
5912
7729
7758
5632
4314
5079
1187
8242
9532
6765
9523
5756
8299
5721
510
8688
1947
7652
6445
2664
7536
5814
4809
3001
2106
5754
6766
5890
8478
4778
740
6308
1546
2201
3703
8981
1538
9889
3834
7829
580
2293
5573
5173
1846
4802
3316
4478
253
5217
9910
9910
4552
457
5714
4516
717
4142
4789
8360
2703
5352
2726
4340
4427
7153
9324
2242
815
4506
5335
4905
2321
7023
3003
4159
4567
8402
1363
7089
7043
9296
6797
8212
8430
3088
774
1472
818
9417
9186
2946
5201
5798
4443
9091
4801
8430
9458
5588
7967
5537
9218
406
4705
3183
2394
7886
3764
776
2949
2250
53
3087
2520
2176
61
2224
8922
5241
7676
7163
1149
8616
6130
7388
5487
3478
705
2600
2395
7460
7161
7187
8418
4975
4443
2931
6177
7631
392
5421
859
3948
4159
7248
6710
914
542
7306
7454
1916
2028
4331
2343
323
1254
6970
5649
8084
6436
812
1293
8584
2019
5208
7830
2022
1461
1376
1260
5458
3222
5250
8001
4235
3575
1845
272
5515
6735
8213
6051
8874
2239
8359
6438
2018
7279
7357
1075
8364
6218
3249
2047
6093
7076
7428
7865
1152
2171
7994
4410
2200
7760
6702
2270
3922
8592
822
2975
8910
5545
4578
8348
9370
8049
2574
5456
670
6374
8695
2968
4915
3321
8476
4795
8407
3798
9485
4786
6589
4309
2453
6288
7414
5946
5456
4822
4553
4941
4255
4121
2153
7488
7226
3316
9166
653
151
4195
7589
4346
5179
6907
5766
3477
6583
2086
5557
436
1124
5464
822
7781
8908
2256
5710
51
1437
9916
7411
5334
6754
7660
2893
5972
8991
3540
7919
4714
3418
9205
4019
495
1844
2921
7164
8798
6574
8039
2965
4419
2434
6742
8997
5827
4692
6613
1015
1282
2542
3366
3389
1651
9791
2442
2426
9227
3499
7841
6366
4099
5096
4476
1250
1026
6143
8433
5530
8744
4110
4708
7743
8774
2812
8715
1525
53
6643
6792
471
1807
9194
953
210
1247
9941
7973
4871
1003
6836
4242
5681
3910
8435
969
8309
3085
6188
7118
8160
5856
8462
6856
7396
8678
2664
1607
5246
9465
7468
5601
5266
9771
895
3476
7565
4875
2217
9615
441
1868
2514
4903
8633
5638
1614
2361
7651
9134
2123
1718
3954
9162
338
62
3302
7573
372
8888
2469
8769
9755
3168
1818
3012
195
6641
3742
6538
149
8263
4576
433
5479
3986
871
9770
4198
2274
7401
2891
9661
4689
4891
7645
1189
1062
9528
6188
7431
7354
513
5159
2598
3371
8750
7039
5264
9479
8242
2455
9719
5546
2710
9240
4110
3816
7943
2099
5525
8199
9120
4717
5911
9024
3876
307
655
8786
7164
7150
1220
5983
3696
4958
5222
3529
4665
8322
3244
1637
6113
1358
74
2016
4953
3153
9851
9513
5280
4838
1999
6511
8477
3895
5159
634
8661
8642
4492
9040
6021
7094
5605
7982
9344
6864
7621
8589
635
6738
7082
3387
2416
5918
961
6920
7293
3654
2025
4755
8919
213
4236
9483
4319
7129
3003
2437
2617
6763
4844
8403
1121
2893
4576
3467
2941
4944
2581
9717
8953
8294
7622
1789
711
1350
8153
5035
6379
4147
7672
7814
8375
7458
8140
799
5673
8699
3583
3907
9513
5094
2630
2503
4425
4819
1339
5131
2214
9543
9377
2511
4506
2287
4768
4372
2900
1076
9682
1704
2902
6804
5433
3896
1856
6459
1283
6190
5822
6152
5898
8340
5404
1994
7017
1900
5376
472
4268
5534
6137
7877
7936
2110
900
3826
4566
1023
1173
8677
5789
7238
2389
4085
3121
6736
7999
8654
8452
8781
5651
8981
6421
5244
7022
7225
9082
9312
3426
1219
6921
6350
7605
5134
1662
7012
966
6028
9725
1218
8034
5727
2529
5120
9893
7673
1456
9282
4320
2155
4206
7738
6696
7568
406
511
5119
9815
230
3829
3696
6356
6602
2988
2311
6988
1732
3458
121
7873
1272
5331
6978
6781
2976
7762
397
6418
763
354
1769
7826
720
9020
3794
3313
2141
5482
8634
5304
4777
6472
3591
9422
87
3484
9636
2362
9805
5783
1796
8559
7305
1440
3654
2125
7189
6764
8988
2602
8192
3873
5128
2660
8026
3082
4667
5617
2522
7453
4336
4454
9925
6129
2814
2375
5103
8559
2369
2565
7998
4511
8891
4049
2305
2781
9006
2355
5609
7672
9922
3934
8956
3154
2650
866
8512
3947
9857
7464
7780
3841
3691
7825
3994
2104
3402
8327
8440
8831
5114
4521
404
6186
6162
2461
7353
5270
2259
2802
9089
5598
6645
4075
9619
6840
3275
732
3220
2508
7024
5276
6891
8922
6976
1310
3363
3610
5047
2525
8689
6037
304
1987
5223
5769
8487
8177
5790
9400
9522
455
1607
9969
5765
8628
736
7574
9604
6707
6323
9685
4902
8486
1801
6458
1956
7511
9440
3650
8557
3943
4874
2154
8615
7639
2648
237
502
3432
9305
3349
2754
1108
8041
7457
133
1850
4151
1697
1197
3806
2896
8702
3660
5186
4046
9694
9088
487
3310
1081
6054
7296
6468
194
6028
4457
7873
3047
5167
9801
4191
5151
4136
4361
7225
3885
7767
4652
1831
8843
5653
7991
2263
5146
8226
7760
4399
9146
5014
7819
1371
2934
8537
9640
8677
8365
1093
691
7184
2640
3841
2259
6910
7906
378
6465
2004
6362
3595
8282
84
4951
6947
4606
2511
6261
6136
4188
4498
1302
5810
9921
3285
6476
5629
8768
6034
4615
9522
9557
1467
5924
3168
5837
6889
3982
3483
9809
9179
770
192
7080
760
3991
3289
2758
8565
9618
1054
9318
6357
1918
6579
1461
1381
5498
6630
7322
5293
8863
8954
2344
6730
3221
1690
3450
1595
2878
2969
2918
3899
2374
7381
770
2964
6664
4841
5893
1719
6956
8394
9079
9537
9670
2260
4335
122
882
5058
5331
1410
2861
1614
2391
7364
3625
2827
2609
8770
7841
538
9199
66
7812
7196
1533
4159
9813
5668
3243
412
6359
7525
8203
5736
7702
8578
7010
676
87
4040
3914
7294
3137
93
6964
6648
4321
7147
6533
2928
2202
2505
897
6083
6293
7725
6737
563
4010
7452
8813
4701
6550
123
9425
6812
1555
5864
8415
7778
9729
3350
2845
8636
1502
8140
5331
3083
7059
7708
6568
6291
1725
4276
5853
1705
2391
1886
6662
9927
7702
8758
7123
4205
7241
5167
5016
8103
5258
2752
2046
6411
291
8904
892
4363
3709
3784
3180
3874
1325
692
8168
9494
3162
7319
5568
4699
8419
2869
5415
7224
4368
9295
8039
1351
2943
421
4597
1800
5882
3514
7715
9008
6937
2760
2969
446
6788
1347
7784
878
5463
5659
4293
8594
9799
3661
8674
5228
7774
7241
5209
3998
4888
5630
9204
1352
895
54
11
3159
6959
6601
7133
1901
3364
1209
2038
7018
8421
2708
4720
7163
8046
6480
6113
6064
7356
9177
1177
4274
249
6843
132
8204
5439
495
6862
6803
8712
5655
8518
9249
6983
6336
9020
4194
8939
843
9651
2342
9717
8023
3629
3277
7759
9378
3622
6449
4352
6671
3537
3331
8584
2699
9817
9720
9990
1538
5509
9595
6932
7781
7197
9168
7510
9229
8539
9393
4868
6407
2240
6787
6175
1598
3581
4301
1090
8432
8370
6516
3614
6738
9835
2051
6539
8395
8096
9841
5620
9203
1502
9360
7874
3236
8154
838
3439
2193
4995
8522
907
3421
9007
2824
7337
2264
5221
6427
8123
5587
4517
2690
900
5244
1559
1670
6174
477
4957
8503
6941
4922
5243
1595
1145
8605
3968
2314
6763
7557
1291
4839
3448
1702
7868
9363
5184
1632
6893
2346
85
6883
4396
3459
7863
2551
7288
2569
9129
6998
5405
3561
5790
8326
7048
724
207
8037
3626
1761
1155
5596
8487
1344
9858
2327
8992
8832
1831
4675
4117
4799
7775
2175
9004
9267
3383
7322
6322
3880
971
1731
1488
4558
6874
8848
4528
9908
5889
7073
4332
6688
2978
5360
2181
9708
9863
9921
2101
3287
6771
6500
4445
7363
8468
8381
1302
4085
7567
8412
7448
5918
1351
7061
8724
6743
167
6883
6287
8748
191
8191
3655
9567
1513
5919
9923
6741
6014
1108
1675
5987
2529
7186
2217
5563
5947
4577
2071
3402
3771
4480
1600
9825
6906
2241
6489
6848
7009
5606
9142
7559
7278
6447
2899
5304
3252
612
9504
5602
2308
8814
4014
5962
283
8718
9951
6680
3194
8969
1888
518
172
8041
763
5207
3226
9598
7446
3321
2306
3103
8660
1646
715
4957
7634
2075
2929
5172
5314
1845
990
5725
3486
5140
712
6239
370
9432
807
4191
3409
9200
3888
8544
1789
6147
8838
2713
2977
1030
815
5991
7246
9772
2270
8116
5571
2133
8587
6434
4137
5856
2053
5866
1151
2132
8967
5225
1659
8522
687
3138
4925
2459
556
8634
7933
3602
2478
664
7785
4233
5718
2328
9168
1781
8431
509
4597
8594
5593
4563
2573
2140
7074
7399
6542
7751
756
7005
6964
9180
3664
7831
4866
2236
6149
9401
2503
1036
19
4967
5921
7874
3439
913
6818
2348
9287
6084
2597
8650
6612
6615
9428
3603
9849
9593
7188
6489
3108
5538
124
393
2302
8283
9910
7908
3666
1740
5627
5005
6565
9439
4306
6295
5947
7917
8039
8837
8514
5315
324
9333
36
8953
9489
8610
4875
8547
8116
7716
391
9706
1611
5162
567
9102
3950
2694
8178
7609
4007
6565
41
4970
9214
9915
2915
2031
6973
2603
6094
1006
75
2695
571
3161
7075
2758
6497
4778
4736
9079
7883
8286
5729
401
8140
1793
7429
8052
8214
1610
6205
1988
6195
2325
3405
2244
2298
2472
4690
1818
4757
5758
8295
824
9037
1303
6344
6739
8203
825
6677
6209
2283
4957
2305
9729
8494
6971
7445
2114
8963
1583
213
3562
5621
5262
6170
4186
2189
1715
1672
5450
6456
9074
8714
6965
4612
7832
2353
7051
7613
510
3205
9618
9432
3050
2474
9667
2599
1970
4530
3551
677
8006
7825
6684
7684
2638
97
1670
7425
2175
9709
307
5743
4769
3261
4472
1169
3022
4017
5318
7543
3530
6592
9763
8185
7931
644
5854
4477
9826
4944
5079
1158
387
4556
7818
6053
8710
9738
9860
2060
7901
7147
185
9961
2492
703
6963
6746
7038
2880
5076
1084
769
5837
2867
2830
6761
4714
5810
908
2414
7169
1541
1898
145
4590
1142
8820
5738
6616
3007
6379
3295
3326
3898
6095
4677
1608
9979
152
4104
1406
4893
537
496
3309
39
6495
3243
8411
613
4885
4674
5294
9495
2149
5609
2384
5412
3827
5215
9360
1461
7601
5740
6443
4635
3584
1887
4595
7651
6663
9833
4802
7097
1091
1087
1286
3860
4564
5448
150
2656
3835
3943
4410
2855
1420
4615
8266
7200
5546
9713
2120
6642
8476
7204
1606
6205
1658
3219
8872
478
5743
7268
3797
4883
9045
1227
1594
8153
8646
8597
6180
4008
5958
2794
8205
564
9366
4169
4905
3995
8522
2229
2204
8285
6932
4619
152
2996
8030
6657
8494
2064
9543
9949
4634
4868
6418
7897
6879
2670
2983
9571
4864
8075
8
4714
4226
2606
5395
2696
5642
6743
8967
1738
9409
3196
2750
7590
3017
4461
3422
4228
2251
647
8257
3412
4734
3260
9193
1897
6018
448
73
6459
5096
8704
5265
6103
4580
4961
2382
6529
2928
1257
6375
125
8360
3944
8608
4773
5864
5716
2164
8705
4919
4469
3338
1396
6071
4009
8678
6539
1712
532
2605
4119
2454
5459
2904
859
326
5452
8369
3498
4161
3831
1886
5749
3495
4361
4731
6343
6432
4087
2559
9522
9052
7407
9181
8364
9154
5630
2645
7447
4491
8870
8519
1578
3694
9365
2597
6628
6015
7501
8290
8669
6137
5402
6223
1835
5733
1496
7860
7784
5804
399
4171
5563
3323
8848
7678
8368
3190
6083
2353
5191
8760
859
7519
8234
7759
2165
4896
5956
9497
2204
8949
3438
6353
3078
457
8924
5760
4358
9016
5019
188
2555
8284
2698
2336
6065
3044
1315
7181
9788
8020
140
4574
7281
3644
9127
9501
4758
2524
7612
9846
2689
3534
4698
2487
4097
1704
3745
7420
7693
5747
8855
2408
1686
5064
261
4108
9316
8594
9130
639
7476
8258
2375
6944
6747
6860
1542
4855
7946
6369
6527
6495
5767
4542
5008
8055
311
4802
8292
7800
4870
4671
1024
2676
4562
5645
7136
556
3357
5165
7221
1907
6810
7619
3042
3370
6032
1620
9522
2994
6503
7497
1155
4074
4210
8093
7385
3636
3363
3950
700
7529
8649
6858
654
446
5601
804
7895
2332
2785
529
4796
6286
2694
9119
5963
7895
2659
2523
1509
6195
578
5973
7455
7002
3020
8858
8811
4327
1636
3496
4702
4796
6673
3813
9022
4979
6790
5383
504
1798
7382
8389
7605
3752
1428
7590
8242
8237
7494
5787
2753
8148
8738
9443
3411
7906
3275
7566
9480
3229
1726
302
3331
2073
1502
9453
7514
3242
434
2348
4141
2789
3313
4813
1148
9861
1599
6403
9535
710
8851
9481
7478
4759
5758
8396
1039
8415
458
9238
778
3261
181
6341
2792
7647
5864
6085
3602
3054
9238
1913
4307
1613
758
3344
2567
2000
5235
8031
870
4634
3420
3729
367
252
1062
9413
9263
9645
4126
748
4631
4280
7045
1427
9099
9046
573
2548
4882
1276
2528
6343
5130
6234
1764
6011
2490
7139
1320
9827
6674
5684
9124
1271
9047
5312
1923
7426
9913
1436
1477
8706
2220
7804
7356
1670
4108
5361
929
7681
1055
9681
3237
387
7768
2338
1228
7147
8613
1907
1785
6083
9137
532
1766
8418
9266
4075
5367
7532
480
5426
8432
2442
6783
3037
8249
2896
5064
7367
8853
2298
1900
2672
3198
3496
2377
7623
8697
6640
590
5352
4782
5885
9527
859
407
1354
9207
3571
2262
8037
7923
777
1886
5712
6499
8320
5257
6127
5730
1925
3944
9919
8064
9826
5996
7714
9916
5832
1383
2970
5891
5638
301
4442
3689
1425
8976
5843
2895
8837
5341
8418
9708
4102
5518
3639
7139
2682
1727
6085
9643
6671
8132
5836
954
8810
3498
3923
7746
1650
1071
3925
7531
5283
5536
5534
6694
9559
1097
7562
6168
1833
7029
623
5203
606
7729
79
8017
4931
803
3681
1890
9760
5063
2116
4985
2536
9141
157
3647
2940
5519
6992
5496
4601
2888
6786
2163
3992
1159
7482
8051
8521
4269
582
3271
3742
4460
8846
1561
6139
7634
157
7308
2359
2913
7104
9406
1823
5512
1631
2878
3145
1869
7959
5840
5001
8959
3773
7813
7650
5927
5925
3137
3100
2802
6293
9591
6058
7777
338
1950
7454
2880
9696
9054
7963
5163
2612
5846
2822
8577
843
4227
6358
715
8514
4603
2437
6643
8978
7507
7049
3905
6951
2601
8856
8905
5145
6524
1833
177
875
1350
4685
9383
6852
8386
4844
3776
9392
2444
2603
7430
380
5695
2386
8557
9762
1353
5255
4430
4383
8898
58
7355
9576
6383
3771
9458
5654
114
754
7641
2386
8394
6392
8465
8553
1727
3822
3049
566
8574
9457
5562
8989
2386
1970
9202
941
7159
1422
4062
192
6672
6662
4147
2250
1243
5285
2734
2597
926
2066
1465
7334
5234
7353
5831
6794
4826
8029
553
8635
9580
6189
9349
8792
9169
5865
2819
477
541
2937
8121
324
3280
4100
2496
7428
9547
4345
1229
9134
1237
97
2066
7065
8406
1036
9773
429
992
8597
6222
6030
3793
594
1867
203
2834
8784
1168
6556
9385
3633
5330
2334
5355
1526
2098
3383
1838
5231
1341
8578
5457
4569
8290
9577
554
4961
8468
2668
7928
9539
8335
5953
8182
2463
5144
8375
9273
5942
7927
8104
2640
3801
2809
8900
8287
9901
276
5818
1081
4286
9209
7129
2311
886
5730
5548
2874
1144
9104
2980
3769
6223
7196
4324
291
3321
6466
2541
7844
7467
1325
3643
2706
2383
2197
5740
9454
6484
9805
3570
2601
1350
2381
6739
9986
3869
2472
5503
3900
5933
1609
2266
5980
2704
3105
8225
6491
9745
6252
8239
6849
7345
8854
9515
7299
4874
2350
8744
9690
7164
845
6423
2966
5190
5694
8148
3274
461
2519
8137
6691
7582
9516
1290
6777
7078
3630
189
4793
6858
7161
370
3600
1551
1300
6378
3112
31
1653
2042
5275
6014
7515
6908
9860
4280
7267
4914
7751
8315
2967
7927
6567
5668
950
2132
2742
5153
1408
6832
6783
4043
5830
2733
1178
6373
9883
6364
2604
4609
9501
1141
2616
2643
8231
2777
5627
4863
2011
7518
2663
3719
2608
6165
5593
3482
6153
219
8839
4309
6097
1443
7980
7829
9646
4280
616
1851
6850
8499
7251
256
7335
1459
6518
6712
9001
6513
7213
6050
2158
3312
7909
9653
1517
6303
4479
3283
3549
1650
4182
7996
8286
5211
3358
494
8211
5476
1207
9995
5739
9023
5648
928
6089
9422
3397
908
8881
4067
3080
7813
8064
1396
8490
8160
4047
8662
1386
7670
3784
444
4804
9595
8595
377
6582
9725
3084
3612
1425
2441
8109
6246
4833
4677
2084
3429
1250
7044
1139
8057
6304
5699
4586
7171
1812
6593
4099
6130
2225
5184
5340
5863
3755
8045
2726
5099
868
5927
880
291
3954
7856
4944
12
2267
8462
3999
1039
6214
2684
2451
3306
9518
5820
7484
7231
6951
8091
3362
4892
9522
9481
5792
8511
5385
6771
2650
3789
5691
5272
8807
3924
3316
7721
3579
5611
5255
6932
7866
3719
6565
9991
4093
3512
2571
7445
5411
1182
1483
258
9546
1371
4756
2896
9767
5945
7138
4221
4756
598
3886
4196
1905
1025
3443
6526
9682
121
7170
9974
4130
8067
651
6110
4507
4050
7372
2041
2926
1906
4143
6332
652
2263
8412
5829
8738
1624
4066
9637
9263
2853
1353
8701
9084
2715
3253
2660
9658
1110
6146
9162
4470
6413
7445
336
4416
8526
5137
1186
4995
6910
3875
2739
8774
5320
7297
5764
3367
4004
3817
5849
225
6408
6081
1053
8485
3435
7644
6165
6054
6854
7783
7006
1132
34
7291
8238
9759
7127
2002
2925
507
2101
4744
225
8195
4437
1428
5914
4075
1756
2985
9959
3152
9091
2894
2708
6971
4207
3684
2705
3931
339
2179
9964
8881
9382
6467
6239
4817
8534
295
7118
4395
3934
8188
8021
6165
9110
4266
5002
5739
9382
1084
3569
7227
9642
4439
982
2531
1400
4717
6298
3466
9139
7200
6131
1642
3610
6317
9194
4491
2590
4771
8717
6935
9912
409
722
3090
1774
1962
7659
5615
9245
1175
5071
3661
7449
3373
2709
9136
169
6314
4481
4001
5054
7689
4738
9458
5454
9246
2683
5860
5323
5144
2958
3325
8435
8073
2987
5639
4456
5147
993
3532
2176
1415
9368
6337
6653
2560
8674
2631
3604
1551
8007
851
7041
1874
6337
1838
1519
1728
5172
4002
9531
2273
4602
7458
1939
1982
4196
1275
2473
5089
3771
7924
6790
5061
4639
6674
2186
5987
3194
909
982
1026
7533
8009
8631
8126
7701
2736
2584
5826
3452
5337
8531
9700
6877
5045
9746
9086
9850
9748
7612
6974
420
7063
5649
1490
6970
936
6315
6271
4221
8992
431
6663
9592
5553
1039
1242
3198
7644
1332
8531
1907
1608
3732
3815
6518
4717
7378
1866
6967
2038
5745
2384
4644
868
7116
2648
1619
2132
389
4347
2222
2992
3198
7362
9213
388
1853
245
5752
3551
1765
7850
1039
1044
7072
242
5109
218
9985
4525
855
113
8406
8600
9125
4566
4758
2591
6345
2716
6277
8017
1360
8432
5188
3567
7435
1102
5040
9316
1814
6264
136
1090
5597
5274
279
9471
3505
5291
2821
5033
2832
9588
1782
8898
1472
2832
1859
3117
5965
3268
6413
2284
4774
5216
9676
4780
4742
1967
4204
258
2363
371
9531
2209
8400
2956
3612
8566
4205
5559
3036
2388
9029
3192
483
5497
4432
5344
4681
8938
5037
6684
4643
8250
2699
154
5110
6874
6883
6398
8061
9390
1711
9019
6336
5932
8122
443
8360
3785
9866
4922
6960
7859
117
5645
7559
168
6609
7265
3078
9713
8237
1803
1753
7830
9741
1896
7994
3338
9319
2414
6959
3887
4134
4013
6550
5143
4322
4157
9390
7447
2698
2545
3646
855
7978
2700
3659
276
9271
1345
4917
3752
2116
3374
5595
1930
4384
8659
226
6329
4057
3906
8485
8190
5521
6546
9636
7925
1284
8298
4021
9702
6612
3749
9068
8287
7537
3416
6023
1905
5487
2572
604
9657
4514
2429
2273
9349
7517
3960
1414
3322
1024
4486
5598
5484
2101
9137
9713
5619
4697
2733
5057
1520
3180
4234
4994
1664
7440
7253
6621
7954
7796
5188
4934
2503
3423
402
45
3249
531
3056
4053
5584
3175
6343
5851
1083
1369
9111
7532
1950
615
8663
2532
6831
3796
1624
2173
4634
3931
769
658
7714
1988
4105
1958
2442
1580
4737
1071
1237
2617
7965
201
7229
8410
892
1705
4659
6094
2107
9428
3192
1260
3345
2280
2155
1187
6653
7877
3878
2891
5140
4874
2987
3404
7530
1979
3002
2817
5173
4074
2885
1210
2134
8498
2552
4955
8321
351
3384
9347
5007
6765
8683
2344
9445
1674
4032
8955
7248
8583
456
515
2470
4240
9168
4964
5227
9498
859
9602
6792
7725
9282
78
9719
6519
6402
6117
2244
979
6565
357
1945
5125
9920
2445
1471
9236
4374
818
1225
3607
9203
1488
3168
2304
2142
8400
3650
3192
1226
7449
8455
2333
4851
4097
8167
3780
6180
982
7512
6633
9432
553
6166
1193
54
1995
5366
4529
4555
4084
5503
7404
1075
2883
7402
5579
71
8897
6117
9581
6127
2902
8991
5640
3667
4952
9125
2538
2193
2914
3664
8952
650
4788
7608
6049
3526
7188
3199
7291
431
1917
2914
9285
6452
6532
4437
4468
8254
3263
4840
173
3304
7116
3833
550
4738
2109
6613
5686
8265
5697
739
1379
5682
9858
6204
9672
2700
1445
215
9343
4442
5320
8939
2226
4509
4950
1734
9506
793
7774
8545
977
9193
771
8037
140
3453
2301
5637
27
1088
8609
5903
10000
4378
4641
4360
158
5495
3498
684
2514
2273
3870
3252
2289
5646
3165
6062
5932
452
3484
8309
7880
1149
5968
7519
6670
4367
6842
5086
7671
1239
6074
3437
4187
5326
7664
7612
4419
8192
1993
7197
4971
3446
4358
1407
2846
5836
3081
8617
3431
8577
5333
5102
4437
2570
1145
7176
8171
6813
2407
3823
3102
3006
8407
2398
7485
500
3859
2974
9308
2532
8280
3662
4024
1961
9536
8548
1610
5145
5693
4933
6673
6761
9020
5518
8375
486
9365
7480
1736
3330
9916
3713
6327
7129
8479
2581
8786
8034
9382
918
1361
2113
916
4448
958
2138
1926
2966
5192
7622
4172
7245
5468
4044
6661
3758
7310
239
7833
3550
2006
1557
5665
414
1149
630
1144
7512
143
3976
5333
3378
6912
7343
8241
4116
1434
1363
9783
8220
4637
5699
2590
7048
1442
1794
5473
7228
2880
8862
3610
9492
6539
921
3225
4421
9451
3769
4372
5894
150
2408
6178
7687
7155
3273
875
2385
5458
7083
1201
6187
6845
7875
4618
3878
2938
2387
4304
6184
5481
8702
1695
5052
3974
344
6077
9999
6437
963
6687
3844
9923
7310
7735
6979
6584
3975
6202
3287
4299
2845
6001
4708
457
9339
6752
8114
4252
101
1723
9003
3229
956
907
7455
4759
3634
7603
4805
5966
9955
9844
2659
7695
1716
9896
1340
5567
8977
866
1753
1406
6784
9078
2505
8423
1330
4260
3650
8520
5243
3725
8732
9688
8021
2675
4327
8071
2542
9347
8358
1199
2293
576
9193
270
6428
7244
5202
8107
5869
8873
9945
5336
7251
5843
692
149
6662
6151
9811
3606
6024
4946
7027
663
5200
1096
6661
9569
4753
7465
8490
1686
151
3234
8710
2576
2912
7073
719
9590
4472
6981
704
9179
9260
1663
9747
5985
1389
8476
1310
2519
1725
5431
9303
5170
6829
9785
6765
8753
9411
4469
1651
6444
6243
9066
8345
6393
7091
1800
920
2584
9575
7278
3758
8923
6046
8802
4483
3189
5991
2094
7764
8485
4392
6451
8794
1088
6114
3295
2627
4995
1610
650
5149
1763
7646
51
3042
8572
9544
6588
7281
3563
2700
9072
1128
5953
7798
1987
5630
4247
6760
3068
6690
1671
7037
57
3472
742
9039
1122
3870
655
2164
6393
46
7850
7236
9533
2870
7082
4055
9854
6089
4228
1379
1327
861
8831
4991
388
4348
9147
3374
1318
3811
7722
4300
684
3019
5501
312
4206
3994
7698
524
842
4975
8098
6009
7930
3765
4547
84
2367
5393
7043
9514
3589
7265
5286
6130
8597
2371
9431
193
8861
7452
723
4976
5675
4398
8062
539
4092
8109
5291
3099
9607
9738
9573
9767
9719
1897
7263
7204
8098
1345
1258
935
5656
7072
2358
2386
6564
294
9545
7668
5206
2150
5422
5770
8362
8147
9265
9337
1073
2606
4012
5603
4884
2075
4108
2689
6891
7994
4002
7414
1507
9051
4619
3224
7444
4044
2012
8478
1760
1419
2961
1986
868
8025
7341
7267
7618
5826
1829
7922
9324
1243
5575
4542
6218
5286
6922
1840
8399
8429
6027
6345
8626
5546
9058
5605
2733
8544
3116
7492
970
1227
4524
1989
4994
4496
5726
728
8924
7761
8613
4473
6551
2726
3598
8601
371
1867
7648
3566
9306
9521
3658
2963
9717
2348
8118
8048
2018
4491
1728
5769
2731
5606
2083
1446
501
5332
1634
6193
7778
9872
7036
9096
5053
2154
441
6915
1283
4348
9792
4786
7840
4656
5652
9015
264
8776
722
3768
1783
3611
9379
267
5315
5325
855
3101
3335
5095
3035
411
704
3028
2463
6748
6671
1424
1116
3492
9949
8482
3493
8096
424
4912
6745
1536
7800
2411
6889
3250
1692
9773
655
4962
263
5724
1231
736
8077
1676
8860
4175
5524
8987
3989
2985
5514
8023
7239
5722
7250
6534
3420
47
7727
5606
6694
5452
8230
3560
7625
1779
4180
7716
3729
9910
1043
2234
8226
4995
7019
8722
4970
1504
6470
7325
2261
4267
8852
6812
5808
6161
916
698
5704
7932
6803
3314
8795
6732
6127
7176
4514
4050
8541
6263
9460
2940
8968
5797
9764
7785
5130
1435
6007
4918
9101
4481
9979
7377
6116
5353
9542
6169
6484
6759
465
1427
5678
851
2701
6087
8875
7749
3927
6788
3374
3354
8065
223
3224
8220
7177
1168
5613
7042
7063
5417
7960
4983
7655
7517
2159
7038
8451
1508
6514
287
634
9521
4234
9254
1301
45
3177
9104
1015
8539
6504
6199
1478
5782
2306
9893
4770
4399
5060
4881
599
1472
3326
9551
6652
3791
9219
2846
782
7230
1110
6566
392
6504
3436
3897
3065
5252
2687
5102
3770
3149
4173
2892
7496
1203
2483
5522
610
3147
5753
6185
3943
9809
9822
8115
3638
5884
7225
7898
6522
8895
7565
7923
3642
3493
5491
5242
9795
3190
6061
2971
7049
4444
1200
4546
2404
2457
2462
56
7938
4543
2409
9776
6030
3563
7198
9590
5581
8855
4097
1012
8218
2835
1173
715
2060
1122
9124
8397
2432
3000
8637
1559
991
4415
6654
1026
3885
3608
4359
4862
6298
5578
3401
2279
1267
5359
3545
2685
6702
1004
1740
976
2596
2286
6145
6956
491
5619
8888
791
732
3613
4102
8337
5759
6580
8381
4360
3664
9768
3303
5509
6347
3848
1329
4094
6309
7619
9924
7685
8398
7515
9460
9085
211
6721
3400
1344
9277
3508
6063
6671
2642
2815
6306
9728
2887
4936
67
5615
6669
9486
135
2851
735
6925
1611
2508
1073
9815
3853
1288
7175
2083
4975
5835
2361
5393
1182
4535
446
5300
1944
6482
9798
4965
9301
5939
7627
9096
93
6602
1174
4802
9444
6021
254
2266
8985
5392
9148
2665
1655
6186
9283
5854
2902
2707
2219
4771
8261
7541
8433
2063
8810
4060
8482
1419
7823
7206
1101
4849
7221
7422
5600
6117
2454
3085
3940
9290
7360
9965
6053
6909
9964
628
2380
3499
7972
1910
4590
4118
9505
3239
153
5334
6550
6150
3871
3223
1480
4658
5974
843
1705
4132
2889
97
6777
2261
3779
9572
8625
4218
1187
7776
3456
4015
7612
1850
3116
1937
6662
4015
7117
8307
7762
107
8438
7771
1128
7515
6356
7398
9735
6077
8682
5750
2260
6297
7299
5123
4716
1569
1617
6347
8045
4154
3869
4483
2647
8058
4351
7099
6461
5051
6207
5263
6129
741
2783
648
553
4504
1985
7918
3867
1654
3327
2398
915
3436
5335
1409
4763
2152
5372
5932
997
6733
2238
7223
3633
8707
9639
3946
6077
8107
9623
2926
4019
8334
6828
1744
5440
3332
1937
777
9378
9380
3216
5574
1353
3665
2900
1174
8301
3595
8609
1025
687
1934
2359
3987
2405
1620
9222
4669
4023
3908
3683
3103
4353
1840
6462
145
2347
4091
1177
1143
9946
3815
2888
82
1826
127
8864
9948
6286
7473
2918
3999
4778
3569
3196
670
9171
7838
5055
853
6464
7719
3272
5798
1110
3242
780
3145
2463
1672
8817
778
570
3002
6828
7228
6104
9816
2527
3275
9322
8647
6296
7462
7080
3942
9073
663
5071
9865
9859
8335
5591
1148
968
3857
7934
9906
1119
9074
6859
9216
7518
7143
2082
2601
8621
3424
7531
4757
6096
8078
752
8659
5542
6472
3169
379
3050
9722
6589
9647
2982
8891
8479
452
937
5226
2323
4420
3738
8505
1373
1511
2415
9486
5488
6252
1429
7789
8191
59
6045
1229
5736
9184
566
7814
731
7742
2997
2060
8932
2323
8627
9514
8366
3386
5861
4997
4891
141
9214
7896
4603
1429
1314
6618
6943
6245
4524
3228
2362
662
1227
2775
1840
4879
3787
1182
481
3446
3166
7649
7825
8838
7975
9879
1375
9792
2402
5218
6525
485
16
1510
44
5006
2751
1631
2403
2230
8125
7778
8880
9142
3651
129
2993
5608
7667
330
7551
3878
4010
6963
5003
6439
6020
5773
3780
2711
3774
6949
2139
6741
1185
7859
5056
3336
1697
3913
4315
1717
7546
7079
6600
6940
4728
9425
1511
1125
7260
9366
9294
4404
8546
1999
8531
1456
2647
5764
3908
7114
3099
4507
9025
6003
1434
3150
8439
6069
3983
2998
9002
9622
1827
9815
4841
6421
1424
2215
879
3610
6346
4232
9522
743
2927
536
5060
9428
3575
7959
4501
7684
2339
6213
8820
3541
3139
7401
4968
1091
8593
5884
6118
4175
313
8154
4628
8094
5050
2388
868
6706
1094
8115
4531
5287
1740
5504
9862
6094
307
7291
3529
2789
2767
9853
9276
6673
7122
6019
9998
186
2515
2009
5560
3993
3483
8750
4827
2928
3371
8452
8063
250
3146
1246
9836
9552
9672
5299
754
1645
5092
5354
6441
7022
8274
2770
4221
4334
6915
4203
1924
1783
8150
9808
595
8682
3928
1325
5273
3501
7788
2314
36
6328
1046
4185
1789
6730
6197
9050
1203
6754
5751
2039
3863
8707
4239
7709
87
62
2754
6948
1375
1047
7404
4376
225
1002
6798
3077
7431
9034
149
3854
8661
7312
5409
5525
8451
1414
3919
9699
3389
2590
3942
5570
7813
6362
5017
4484
8723
8995
2555
1174
4503
2129
6444
4216
5041
1658
3315
2394
3525
7500
7080
9763
3888
3463
6326
5949
9522
3681
2834
4744
579
8853
5661
1917
7338
6351
70
1802
8236
2760
4235
6406
676
2991
7922
8626
9503
3813
6965
9571
6591
8875
3329
1870
2468
2990
9918
9360
6626
6758
9457
8033
1541
8999
158
3
4686
7173
1510
4947
2223
9597
8147
4327
2677
8304
2869
515
7046
2343
9323
9680
475
1459
4611
2826
2875
6348
4275
9204
1149
6939
5497
2867
8621
9284
744
2922
7884
8756
7668
5398
4345
8100
1873
906
3548
9791
6643
7762
4716
5512
3780
1016
3127
7781
7224
9007
6269
1612
2572
2909
795
2878
1828
386
941
3372
9283
8970
1871
2317
8984
9025
8187
6263
4598
7853
4901
8851
181
4062
672
9768
1958
8347
4752
4606
1243
93
1787
7322
5660
2682
8064
470
7340
1627
1407
347
9368
5235
3263
16
4598
3497
4325
1068
8123
8514
2682
1117
7572
1844
9520
194
4654
9131
6329
6854
850
2940
9761
5155
3415
7825
566
7144
6179
7949
2365
9703
3377
5536
1488
9369
4231
1407
2147
6356
4240
9378
2599
4999
5760
2588
557
4501
2411
9902
8847
3650
1202
376
7988
6443
516
1484
6917
1964
587
7522
92
621
76
2934
3862
5860
9542
8319
3777
3847
450
7721
2503
5383
3654
6485
9709
6324
547
9956
5608
2133
3953
4358
6741
284
8066
482
5904
5943
1356
7932
8887
3617
3834
6375
2536
8252
8074
8174
2609
4805
2056
1624
5489
5934
7964
9957
8705
4880
3563
8659
8650
847
6221
3351
3304
1315
9792
5774
1442
4213
1540
9717
6488
3424
9619
3197
8019
39
3106
8080
5333
8344
8751
1302
6106
988
8564
8600
1727
1423
4035
5866
6533
2276
8610
8315
8876
7874
9044
9187
9884
1444
7656
6780
660
1724
1620
5557
2481
7651
5958
9356
6574
253
4181
7135
2633
5138
3893
946
760
5098
3215
1779
9461
3349
5414
2010
8492
6217
2011
9948
1151
4349
7800
7432
2946
6712
5733
3088
4576
8659
2968
9184
7645
425
8546
7136
5093
5427
6705
6030
3081
3606
4668
8784
9723
768
6931
3557
1410
6574
9523
8615
7730
3866
409
2885
1267
9018
7653
6349
376
525
880
65
8742
8173
7686
6240
5453
1102
9457
894
6164
4455
37
6220
7744
3670
2817
4382
9515
6397
3661
4298
2145
8201
2763
4981
6510
2155
3449
4703
3272
1319
6769
3503
7054
2372
9307
8137
7458
3589
4615
4601
2432
7861
4295
4541
6404
928
3636
992
7472
6422
6010
6863
6050
2769
9014
4494
6316
7491
8483
3700
6187
6964
6847
3158
4485
3632
9210
829
9864
8052
7554
1283
2989
9515
2387
5406
2941
8571
179
3850
917
5812
8034
8942
9118
4020
3710
8106
7267
3725
5605
6789
8796
1144
5697
635
8402
5661
3552
4290
462
9302
323
9036
9336
8084
5602
3291
8224
6100
5229
267
5512
3550
2270
5232
9244
1143
3145
1844
7590
8835
589
3778
8911
5577
2635
846
8155
5687
4846
6517
9775
8380
6680
5138
6595
1397
1838
5078
3947
1663
4638
3796
8226
8981
3115
9144
539
3795
2170
2025
2210
817
3767
6435
6738
4778
6396
9777
1059
3558
4539
967
3912
4908
2956
5063
5097
7562
3323
8646
1442
2182
6679
2888
1756
7096
1315
4439
7265
6896
9947
8427
4160
3569
6583
113
7592
2359
569
7521
1611
7273
5575
4389
1551
4004
4128
2466
1329
7525
5234
7219
9060
3269
1903
7748
9088
6889
1350
8894
5264
5126
6853
7852
4166
3204
5437
5384
7193
5671
1395
2109
5414
2661
7866
3204
5304
538
7245
9270
192
8014
518
4727
1548
1066
2221
8696
529
2868
8157
479
7155
3389
5361
9176
7811
3205
7135
4290
5523
1680
3806
514
786
1685
1178
7281
8946
2765
1565
478
6918
5902
2646
2704
5307
91
4325
3511
6241
8174
814
8705
4074
7195
5396
5042
6884
8504
303
5074
1018
253
2341
1259
1416
2891
3923
8219
963
8040
5872
2914
8528
8134
5146
6172
6705
3547
8649
7986
3078
570
9656
1632
722
1518
8727
8586
8245
3888
4676
9147
6799
9515
7572
515
209
6921
729
420
3019
6048
4460
7282
7879
8986
9914
9040
6273
9461
2288
2914
815
8185
4981
5180
4503
5609
9798
881
9976
6372
4051
5475
5237
5055
1184
4730
4102
4168
7115
2369
7329
7951
8712
1692
6695
1669
7349
9338
544
572
2572
4673
8874
2849
8064
8878
4689
8472
8177
4006
4005
9814
9164
3253
8491
1783
4966
4446
5371
828
6626
4017
3171
324
4150
9137
220
8292
6272
4181
5707
7751
5668
1406
3443
5542
9184
2231
2153
9665
1628
7601
4746
7943
5564
5833
60
8316
7017
5219
4964
5545
5129
2180
6848
4040
8379
9693
3891
6527
3449
4623
5287
6307
2635
3119
9569
6542
4739
5689
5648
482
7425
1775
964
5114
6810
5496
315
9339
2925
9610
4061
7163
8584
3713
2611
6364
580
3991
810
5217
34
8869
7163
9412
2238
8041
8290
3903
6081
626
8383
4284
9805
7819
5313
2225
1013
6519
5121
3003
5053
9525
188
689
399
8173
4343
583
3289
4806
7162
9479
2160
7581
5922
4284
3056
2921
4194
7155
2966
7461
8976
6247
5433
8307
6360
2283
6994
8843
2090
9455
1015
1667
3398
8190
4264
1803
1453
9782
3021
7460
109
7289
5244
5005
2038
2234
874
4554
776
8385
7530
6004
3361
2841
7887
7041
3724
1910
3338
670
4824
3524
9753
4284
7545
227
4024
2654
5238
7735
1714
7047
3856
5052
7107
6823
267
3322
4778
7845
3432
8109
6559
4991
3778
7665
4948
9142
4783
1312
3184
1663
7427
9680
6289
8891
4025
9195
1709
3918
1904
5658
1447
9001
7407
4065
6088
5468
9736
5104
2844
2585
2539
6464
186
8994
8517
731
9819
1942
5850
8054
7819
2082
2987
342
1767
3927
8294
7228
5248
9848
3757
8801
7912
9280
6849
9410
1918
4909
5267
7802
6143
9519
7673
6683
3855
5643
4436
2468
890
9329
9989
4056
48
1962
6040
7814
5657
2411
8478
6240
392
8649
1722
6028
4319
4990
6877
7984
2708
4341
2361
2545
3947
5597
9782
7622
6417
766
1127
5599
5446
6620
7673
6389
4832
3620
7615
2444
512
118
8663
7241
4234
4873
6753
4306
3993
1058
6360
9143
9487
2141
7458
6073
9899
9328
5333
1291
5636
1331
3252
9938
2916
1160
3360
10000
1317
6312
9630
3981
2175
1906
504
8771
5155
1710
7482
7787
7043
2789
7785
8164
8737
8310
8104
7563
612
4850
980
2727
8815
5185
4479
8496
4957
8963
8320
789
2067
7262
7402
1284
3356
4153
1896
4535
3200
7273
4925
461
1135
448
5651
1600
980
6095
5040
3518
7448
7251
6114
488
9855
1440
710
3598
1099
7092
27
482
9408
5567
844
710
3450
8207
8400
4899
9557
1963
6033
1245
8808
5014
4878
9351
2850
4492
6365
9501
9746
179
4167
8662
76
4291
9364
7222
1888
564
2049
9507
1150
3648
5920
9392
3888
5565
9837
7285
8799
4123
5506
7509
9834
2911
6589
5492
6880
9009
8621
6768
9752
4038
233
1983
2460
7548
9777
7761
8156
9150
3431
8286
2919
501
5231
1472
6275
9446
2032
5693
9172
6190
7316
8051
2023
584
5508
4428
4206
5080
2987
4090
5476
3557
1022
1523
3463
6741
4412
2271
7006
4050
7902
8957
1527
3359
1783
2363
2688
8946
1518
2092
8418
6018
6946
7201
8848
31
8166
2543
5963
7340
5121
4764
280
2341
6669
8106
4911
5303
9024
7878
8014
9970
9314
405
6231
9108
4682
561
7193
4212
3571
147
7002
2890
2194
3984
5542
4979
7753
6644
9020
8062
4156
3885
1026
6577
1433
1348
434
9407
5410
9636
2392
7812
9182
8619
4174
420
7970
1196
2620
1376
6878
7428
2229
2604
8488
2834
2960
2067
9187
7693
5534
8897
5647
9153
4559
7705
8636
4556
4317
1801
2698
997
4095
3783
4022
8081
1373
8623
4141
7333
1692
3547
6312
8277
8882
770
1735
3222
6878
3720
123
3788
4906
3916
713
2778
2612
7064
8218
1014
6921
5068
2334
9128
9948
517
1918
955
4563
5863
5779
9115
1324
5058
2526
8922
6657
8267
3979
5385
5370
6918
8553
2913
439
2065
6625
870
5960
2554
7761
1903
4388
2919
1085
4600
216
8739
4898
1342
3604
7897
6171
8281
4723
6594
5441
8484
6475
7261
9254
4364
2864
7199
8533
8973
5027
8244
4111
4425
9595
1628
6063
6835
9848
659
5921
8142
3086
8302
7702
3718
2613
9976
5588
99
5539
6505
5285
8865
4697
8590
2914
2608
9379
2837
813
1260
5931
3531
9607
7084
6192
7462
9851
6596
462
3869
8433
5211
5401
3583
7192
659
8842
3045
2801
9368
2084
7231
8984
4390
5046
953
8714
9983
1907
6839
1091
4317
2558
309
9715
442
288
9622
9622
4596
5440
4523
8063
5437
6973
9658
6227
6286
2358
1936
8324
5215
6016
3025
3121
2146
7097
1137
7681
7639
4703
3723
529
8820
7416
9222
3271
8351
7964
7169
2254
2466
2216
6957
5245
5803
2481
5410
6603
6172
2401
6288
3043
6005
4643
1068
5642
9673
3525
7180
837
9779
5404
4537
8565
7229
680
1717
4942
802
2486
3364
5586
8614
5427
4049
7448
7969
433
2834
5931
7190
2002
3740
8580
3550
3952
5247
4618
9331
8750
1508
6603
3078
2840
4505
4645
3745
3598
3919
9206
3033
2579
6912
8513
6785
2596
670
2162
5131
2321
7025
7061
7187
8045
5904
6180
974
3128
729
3348
8646
7393
6864
1383
3963
5438
7975
1317
4533
924
1680
9209
9977
9629
8260
3900
3502
3721
6363
5646
870
7270
1047
7856
8314
5464
8676
1842
6140
4525
8335
3138
8367
2231
3888
5907
2977
3844
1700
6113
8092
1018
7825
2512
6649
1180
3960
6262
1846
6150
3509
3833
9111
4382
4537
8690
2588
3320
8813
9978
4800
9014
9121
3148
9401
8904
3657
8997
2172
3198
4832
4877
7935
8170
1921
6093
4242
9848
9538
486
849
7755
8734
3429
9076
9164
7962
1547
2995
2166
1445
3119
4193
1658
9029
1971
4109
6456
7279
575
637
154
7427
7211
3517
3006
2977
5515
1944
95
1237
6746
394
5685
5277
3115
6996
7689
2278
7461
6109
89
6405
397
4036
8363
3351
5533
1673
7233
6046
1424
7797
2357
7160
450
6535
9982
2611
4685
1917
7011
2648
4153
5422
7074
1451
8342
3763
5685
6229
7742
7900
349
6559
8361
3423
9949
5021
6928
9758
7337
2022
5943
9389
22
4179
7269
5930
1810
9676
6816
4395
5457
4759
8006
845
2368
9942
5768
657
6679
3664
9109
4512
3054
6688
5623
8533
4084
2535
1822
6325
804
6618
4404
4018
3197
8129
4172
6380
2285
168
9723
9745
7055
9358
8285
1039
7480
9730
9646
8262
5880
4107
8802
3841
5540
1946
2336
3815
2517
3589
3260
3040
3088
5108
490
203
6761
1885
907
7999
2412
3701
3518
7859
7020
8449
7220
8766
2846
1592
4133
4610
1726
5268
4477
3472
5113
9680
4713
2261
3305
1056
4796
8779
8961
1627
5661
91
111
9478
4222
2158
5094
7284
7495
9642
7768
7552
7780
6251
8492
6049
9323
3957
7502
6407
5931
5537
8668
9294
7336
1892
8936
6500
9702
597
6006
1250
5572
5201
3724
4453
2920
8294
9916
7083
5424
8076
4087
2437
1613
1243
4091
8943
2038
4299
867
6497
1559
8452
3972
1393
8639
5699
7753
4428
3509
9817
6953
1879
2459
9315
4811
7473
304
2031
3706
6425
9519
9418
1627
7779
5891
1720
4015
4711
6405
2458
6930
2834
4170
9434
3908
2555
9783
6188
7728
3837
405
5093
7743
8273
4540
2226
4478
912
7458
8422
9341
9807
6266
6057
1017
7771
9409
826
3210
3583
7640
5633
6538
8831
5005
4449
3710
7886
2895
1386
6315
4274
2796
1612
5143
9183
5131
7060
5476
4422
5225
30
6417
2232
5871
8007
9598
5097
6019
1765
5839
4518
9240
2841
1823
7960
5884
7135
6134
4768
8843
4775
5849
960
7835
6219
1026
192
6543
1977
8421
3933
6275
9838
6613
3368
345
8235
6127
2551
9245
5866
95
7668
1455
6530
7353
5930
2511
9576
7453
6406
8346
737
9369
2190
3403
6051
583
1133
8691
1174
4941
2553
9694
2356
3750
9886
6877
8236
7850
204
9171
1107
2003
5849
8938
6310
5688
3857
342
5265
482
6754
4271
2856
9215
7008
6404
6935
8708
2643
6585
7067
2277
206
9737
7157
3676
687
2330
8413
4219
1221
8025
4347
9339
3465
7238
8866
8584
7675
3519
7704
343
9558
3941
9942
5129
6683
8276
6810
9360
656
2594
5033
4085
7862
631
8830
5314
7712
6490
795
5762
4981
7779
9254
8852
5025
5884
5914
4849
3351
7473
9037
2293
1031
3965
1558
9255
5135
7438
8006
5169
1232
69
6308
6044
1220
3521
7576
5824
4623
3968
2584
8351
9720
9208
4285
3853
2749
7403
1664
4772
9197
280
2608
6450
7395
1365
4263
69
9360
35
7369
2651
2348
9544
2190
8518
4838
7459
798
7384
9068
6322
606
3754
1670
9401
4795
4279
6127
3081
3794
6674
7232
2095
9095
2544
590
8408
6676
3808
359
7318
4062
200
8950
6457
6483
405
7798
8943
8922
7310
4505
7184
3258
6496
3635
3249
1562
3500
8275
2506
5491
4196
7981
9552
6390
2954
7165
9673
1763
5650
7905
639
826
3105
9073
5688
5338
3347
5287
8574
8617
5137
5544
2127
3730
8699
5729
9212
929
8425
3557
2947
5938
7294
5800
9548
8335
1339
3726
31
1335
1435
5431
7441
3839
4980
5620
883
3138
8492
7057
6264
4965
3947
2465
1005
241
9528
1224
1351
3287
5548
7297
6337
6319
4372
5874
1302
1902
1159
5784
8507
505
2665
2178
6668
6302
384
9916
497
2777
3253
7800
1780
2314
3206
3157
3389
8120
2508
1805
4386
9762
7830
1560
9830
6594
4544
4104
7874
7409
7850
9835
1464
1552
8330
9920
57
84
1849
6601
8640
1370
1610
1808
7643
6491
2771
6964
4610
2110
1906
1056
4444
6286
9506
8924
1233
6010
6189
2742
1130
6778
1774
26
8336
1254
5806
1076
9479
2099
2530
3479
9807
9639
6132
7589
4279
5791
4910
9692
2881
3848
7962
5549
3025
6345
3288
1483
267
4571
1849
2557
2400
2437
5329
229
3080
1750
6121
7574
1968
1971
816
8255
6296
3325
8726
9363
4348
24
8711
5426
1664
9590
305
7791
126
8967
6047
5056
547
9024
497
3334
9813
4981
8054
4545
7435
5495
5580
9202
9672
2123
5730
1346
3078
6872
6865
6936
8906
5731
3736
6926
6244
1736
2119
9464
6207
7145
3483
7708
3742
3475
3907
8217
248
7574
7354
8344
6742
9425
450
2322
95
8876
196
5149
5054
9668
7541
8577
3361
8326
5776
1220
1719
2491
7635
1028
6604
8099
3754
4810
3373
3295
8581
4683
6488
4441
2535
6517
2808
7069
2655
1813
2976
7123
8413
8121
5484
4332
3817
613
3537
9453
3893
6639
7388
9247
7800
368
7320
9921
4177
3246
5225
6546
5866
2358
3220
6432
8904
3419
5526
3894
1254
4664
8655
1861
9012
9743
8925
7714
1787
1900
7647
1295
4858
3316
2787
6855
8164
2216
4257
6009
1657
5299
6839
7697
6069
1167
621
5693
7534
4614
2944
1531
3634
9330
1491
2426
2299
2150
6049
5115
5159
9748
5527
3634
159
8681
2467
9653
1248
7567
9301
9693
3693
2394
8099
2317
495
1686
6882
6461
7986
9146
223
9283
2634
8408
9641
3817
7588
2473
1849
6095
5398
1214
8985
4784
1354
5917
3888
1653
9300
5527
1665
5892
7688
7646
3335
5373
5244
9779
4301
1348
725
5633
7726
3167
2963
8972
184
3058
9463
1408
8441
1203
7001
8794
6878
6343
330
814
7194
4630
3830
8368
429
9526
3546
9695
2942
5385
1279
2962
3823
1541
9780
6105
5819
3931
2012
2940
1055
2277
5361
6582
1346
1418
2008
1206
9668
3208
159
9296
8025
2588
8568
810
2533
2834
468
5670
8860
1415
2222
1214
8362
6728
4883
3676
6130
1897
3985
5381
3552
2987
7744
7851
6231
2511
7769
2033
3125
5884
1605
5347
4999
3524
8512
7341
6328
4049
628
9035
3586
4965
1693
9951
3935
8763
6336
8321
1552
3076
7293
2643
226
926
2993
6189
5251
7441
6436
7839
6941
3616
2255
14
5115
5462
1005
4773
2131
3727
3419
1821
8009
5343
2835
6562
7988
6235
8868
753
9841
7219
4253
9786
7603
5959
7778
1617
9770
5505
9652
8147
8394
1813
5235
3489
8780
5490
9451
2553
1860
4709
5891
100
4419
2978
1878
9385
7859
7523
2719
149
7054
5586
1596
6835
7034
1251
1879
6121
4870
7304
6189
1976
9449
1023
7614
6045
4057
2031
5299
9402
7711
151
2407
4794
1850
9637
1858
3989
7899
7551
5922
7967
4607
6978
6113
3860
8565
9224
2768
8562
1503
3725
7684
6377
9454
8815
5646
3123
774
3974
9487
4373
825
9092
6588
5531
1983
346
492
5107
4154
6716
4861
4622
5005
5243
8808
7323
8191
4955
344
2574
7570
4145
8730
1934
5812
4839
8837
3981
7489
3004
7102
4265
8986
1180
2110
8108
9422
7724
6012
5271
4117
5459
7523
4863
4196
4564
5816
3075
7242
4310
1063
9046
8880
6415
3546
8182
8381
3703
8919
1554
1930
5479
946
114
7332
27
1557
8841
8869
1594
8203
8543
7278
781
4853
8925
9667
7266
1563
6381
9005
3087
9713
8890
8557
1557
7325
568
8356
4168
143
2342
7573
7100
6625
2894
5974
227
1584
2529
3496
6652
9911
6261
3934
1511
8122
516
7450
7131
4661
1109
6972
3224
8146
293
6977
7156
4390
4210
8477
6520
7345
6197
3950
7482
9765
2254
4111
2896
6010
4187
6088
9000
5803
7222
2181
661
6614
277
9760
7318
6825
5936
5245
9266
8334
3835
1177
6563
5648
5162
9925
8601
3380
1555
5229
8183
2738
1285
6274
240
1619
1770
3624
1864
7281
5685
3134
8900
1277
8375
6037
1697
9055
3883
8873
1772
4615
8979
1884
8265
1242
8404
9992
8455
4962
1665
1040
5758
5332
9151
6604
2064
5461
1208
9482
2917
9089
8322
9003
5176
1048
9226
652
4182
4930
5484
3521
6467
6753
7228
9261
9822
6208
5735
36
5068
3189
2527
5641
4711
6261
7750
8770
6840
6841
1778
4562
9988
2782
2328
2771
7295
1311
6929
2767
7683
5720
7034
852
8769
2198
3049
5684
486
995
2234
167
7279
4044
5398
309
7167
7461
5409
4555
4887
2220
6188
917
6274
4588
3330
6465
3749
2279
8664
7448
349
9692
9191
9580
7550
5505
8684
8974
1051
5224
235
5793
5607
5847
8523
8938
7269
7557
9001
1681
1586
7988
7136
8883
9790
4742
9007
666
5233
6541
3616
7602
4903
3133
1802
1850
5557
5954
9576
8691
7487
407
6586
139
1895
5200
7624
8501
776
4128
3754
1056
282
9476
9845
9250
3889
827
3166
3494
8059
6885
9258
2043
8408
6288
6616
7805
5088
872
767
5142
5043
2972
3292
590
4306
7079
2623
9962
5303
9456
9161
8562
1931
5878
3545
1996
7224
3112
8898
4890
2230
2841
993
5917
6535
3971
16
3988
2761
6472
8724
4960
398
3747
3513
3101
9101
2686
6460
3577
956
5931
6929
7315
7237
5380
71
1430
125
1610
8700
3589
6348
3048
2616
173
1639
4676
3080
4604
3971
683
8836
952
5166
6177
7323
6900
1793
2955
4651
2175
9521
2953
1669
4036
2243
5012
9408
2528
9344
1009
5896
5222
5210
2859
7939
7868
1366
5862
6301
2327
6083
8398
6691
5046
7433
3535
3662
5060
2486
9222
9716
126
567
2449
6466
6403
6844
5150
4800
9730
1610
6124
7724
6775
2798
1051
9897
9018
9640
4771
6546
7021
1170
4097
7220
5862
8661
8223
3083
4217
5455
9811
9897
4528
8735
2408
4984
4287
1306
6012
1950
9839
3490
5318
274
609
709
925
3128
3623
9929
6728
2562
538
3801
7490
3529
190
1535
7282
6866
4921
5963
8710
5451
6181
4777
8805
8293
8903
5341
243
9922
7894
594
4373
3442
2681
6210
708
2625
7350
3389
677
9005
3377
8326
8610
6117
7269
8509
2256
157
6114
4432
2944
4826
6460
3307
9745
3472
3158
3426
2227
4768
6386
9898
491
9560
6536
6328
1298
8627
4118
8618
5003
8854
8069
9144
7964
3614
6501
8688
6381
2861
9001
1610
403
759
299
7140
1496
2414
3875
2381
1570
9301
6011
782
5896
8736
7194
8386
3344
2808
3391
8149
6451
8581
2476
6502
2617
8778
2598
5935
515
9350
6921
6282
3206
6775
8485
3727
7375
6510
8030
6349
8344
802
3865
594
8801
3784
7828
193
6149
491
8111
6592
8491
787
5204
7844
1407
7250
3050
3131
4535
8057
7946
2324
3060
2971
4784
4325
8174
276
742
5685
5537
6777
3665
7569
7289
2470
1346
842
7903
2735
2351
7649
2384
934
8156
5555
4639
5233
4609
1609
8988
1790
8592
4501
152
8728
4103
845
4280
4074
7557
2230
4016
3114
6647
9140
957
3415
4902
6318
8204
8544
6722
3696
4339
3079
1923
522
393
4400
4331
9607
9079
6743
5286
3360
9084
3896
5766
7586
2073
1510
7361
6442
437
124
5377
934
681
9389
5232
4338
4423
4063
1169
9640
4756
9491
230
6128
68
3862
2796
3432
6946
2384
674
8183
3388
5068
1651
6736
5775
6999
6951
4419
4923
5121
8820
5940
9986
3738
1581
3154
8616
142
731
4611
3017
7621
9434
8401
6268
3712
5803
953
2280
1672
3683
2379
9182
5833
614
5211
6411
1360
2512
6484
2823
722
4575
3787
8892
7673
8579
107
7195
8169
7293
2139
4976
3269
770
1591
9890
4804
9196
352
8678
8064
3262
459
6575
2580
7318
3810
2430
9583
8497
1866
1563
6015
5421
1829
5139
7834
3742
9886
2952
9631
7186
389
1625
7990
4898
2218
7973
838
9291
1878
9331
3243
4005
5892
3489
4902
480
860
4000
4328
4056
1614
3718
4609
6907
7533
5039
1388
6216
1196
294
1734
3132
7306
4404
306
1327
266
6437
8621
6892
514
8908
7255
2877
2213
6461
531
8072
4978
1559
2614
9236
6846
7132
6676
3708
3430
221
998
1884
8983
4679
1231
230
4206
7471
1966
4201
9873
2248
9625
2761
9179
1963
826
5088
5860
3634
6674
8287
7846
7916
20
7559
5293
2356
3417
2779
5146
708
4377
5334
5722
7061
6065
303
3928
99
2051
2109
4832
1997
3280
195
5988
3353
633
7718
9092
2254
3340
2782
7272
7327
5279
2924
9445
1797
7002
3892
9250
1669
9929
5536
5060
9649
7713
6397
6817
1014
7492
3257
3435
5936
7186
5975
4736
2714
2744
5528
6766
2252
702
2123
672
3774
3005
9710
5988
3823
8458
1403
8524
5946
6360
1246
4388
6877
6697
8572
2166
7426
9694
3675
116
5716
5515
257
3818
567
6832
9413
4479
6258
8340
1684
9346
758
6108
3633
3347
3148
2007
4498
6445
532
6632
432
4121
9899
5311
714
3423
262
8894
6138
7312
100
9124
1779
6573
8268
9047
5243
92
8418
8240
9411
7687
5393
9326
4765
1147
7300
473
7430
5740
7752
2176
1781
7368
5544
3495
3240
1487
8912
4449
8806
2279
9626
3610
1571
2940
3067
5601
8178
9443
4013
5009
6118
9049
3467
5231
2960
4930
970
911
5848
5065
4930
1177
7870
3907
8114
7997
3875
623
423
5832
4190
5265
1854
5490
654
5870
2029
6180
6161
2538
1413
7526
8231
8669
2813
1786
6549
8024
8255
4123
3494
5367
6746
5579
66
6295
3770
9680
3498
5823
8314
8001
5892
5774
2194
2771
5214
67
4149
2391
2204
9914
759
7193
5121
5230
2980
9635
1253
91
6321
2723
5061
8076
637
4884
4079
3621
5924
8046
2296
1244
1034
8517
5787
2454
8592
8870
2058
5848
9426
9219
6257
8055
6210
5085
4324
921
2363
7013
392
6379
1982
5893
2486
9569
9701
8996
5887
5526
5164
3774
5897
2072
6985
7927
945
7088
5946
2236
4918
5004
371
3931
8866
5897
5262
727
4380
3246
9616
342
7375
3097
2964
476
356
5067
1675
9877
6066
6227
6993
811
3195
3558
2073
4789
4910
3057
2275
3445
2869
6098
5408
3231
4644
944
6987
6147
6965
6477
3688
2926
9156
9042
433
5535
2305
4032
9606
4133
51
7788
8191
625
6627
5146
1192
4668
8362
5496
4530
9503
4022
9172
5118
3483
2601
7805
2267
1888
595
6778
2891
9539
6842
8756
8479
8907
6655
2361
2604
9029
7742
9064
5136
3857
3718
2851
9438
702
1963
7033
4869
1189
4823
4727
5104
7284
6066
8803
2680
1863
9996
2234
3388
8991
4645
2928
9751
6041
1964
5984
6576
2127
5629
4000
6096
425
8688
1291
2830
3256
7269
3624
1385
3637
6700
2462
7049
8462
9690
2274
3655
1853
203
8745
3893
3679
9057
4565
8466
2639
3836
3434
7687
2512
7182
5953
1261
6494
4569
3936
812
8468
2758
9455
5493
5022
4663
7731
3877
6202
5117
6780
9858
5393
8721
1026
38
3538
6641
9346
7004
7513
9081
4559
577
2057
8054
9870
7502
5914
2416
6267
8986
5839
6461
2869
6719
7612
5741
640
7543
4187
7353
6189
7683
8666
1423
4146
5468
9853
6922
1121
4788
1910
1639
9869
6657
6554
7937
7452
971
260
9657
7903
5025
1208
1920
474
9982
2949
6772
4535
1161
8903
6884
9935
2917
9460
2715
1301
950
6723
656
8897
7562
5141
3125
4118
2030
5372
6586
4428
8544
1303
367
3290
1097
3298
810
1093
670
1533
225
4254
717
2524
7794
7192
1160
4268
4624
2795
295
6861
9439
4970
3378
8617
634
7795
151
3489
3463
9946
6285
332
476
8984
6179
8648
2791
6310
7965
262
2952
5497
6198
7833
8520
8750
1105
2045
718
5142
720
5735
6239
7505
3392
8107
166
7558
675
663
2999
7046
7861
3235
2429
3140
6836
7833
3932
6296
3767
1052
7544
7772
7226
2161
8880
1012
7196
6159
4071
2302
5342
4778
51
3940
128
5795
634
5738
5351
2490
6174
3533
7497
7871
4240
7677
2176
6826
8816
2144
1541
5882
1942
94
1216
4654
6907
4619
2693
1023
8928
6998
7630
8067
6704
1037
9740
7765
7983
6798
3424
1237
3274
2935
4223
5519
4332
9532
4838
8511
9895
4589
7281
7577
4128
9254
8781
9983
2553
9912
3826
8955
9929
397
6789
3217
1770
1517
5511
3515
3038
6345
529
4350
5656
3509
5416
1728
1724
1359
4251
990
5784
2730
3664
1635
2566
6158
8781
4903
8064
840
8861
5069
9231
1168
9922
2073
2485
3603
2100
8932
4863
4644
4941
3974
6735
7538
4123
3110
6982
3932
3009
6792
25
5959
7521
3220
1566
5037
5062
3614
9630
1837
7085
6508
1906
9430
6368
261
4343
6081
5594
5384
8492
9305
7229
1219
1349
9977
8095
6602
5789
9893
1602
4868
6077
6201
3002
798
544
4874
6297
5434
1176
271
4309
278
8503
4523
3472
3834
1101
9865
6126
5717
7657
5283
4981
1754
2592
4371
8095
8351
6931
8430
9624
9563
6650
5367
8154
2309
9717
328
7803
4764
3519
9802
1188
8551
3179
9631
3501
8340
7724
4461
1366
9118
9190
349
8647
9475
7477
5500
9526
1167
4554
5709
5756
7563
7217
1785
6848
9751
5884
9176
4990
8824
4324
8524
6823
6266
372
7684
4041
2318
7582
952
9673
6866
252
5464
4736
7184
4706
5377
8390
9867
3639
3492
8689
210
1126
4125
4928
7379
2150
2008
1507
4079
711
8510
1002
7530
9335
3132
3854
1378
9216
1973
1070
9107
538
8393
1018
1884
9666
2149
2303
3740
7570
4074
8968
3715
2727
8242
1442
6314
6367
7941
5258
4221
1005
1900
1350
9077
1428
2907
1614
510
1597
1795
4309
117
432
1379
9708
460
4831
829
2492
280
8946
4327
7897
1156
6200
7924
4802
71
3979
4190
184
6063
7977
3560
4142
4950
2945
2565
8595
3638
4991
7060
2943
1218
3013
6737
1961
9815
461
1811
797
5074
6087
521
980
8836
2337
9739
7350
4589
6103
167
8418
3747
491
1228
7411
9123
1817
9997
3067
7901
6179
9702
3888
331
5969
4934
1211
990
111
9069
9001
6835
461
3111
8745
1604
2853
7250
4176
736
9605
2913
6075
5922
5579
3184
9157
8504
4084
1504
4646
9976
9869
6835
8763
9001
7719
3161
6215
9976
4442
4582
8864
793
3115
7654
2458
4685
9929
4262
1888
3726
2033
251
4717
8833
8654
4803
6925
540
5158
7439
3696
5472
9434
7084
317
3869
1777
1831
6121
3553
5253
7307
2745
5287
1672
1668
2776
254
2544
9463
7159
1051
328
5399
4746
6388
4132
8279
5364
7806
2772
8632
3235
3409
3661
7757
4484
8523
8685
2035
6202
6917
1450
2760
9492
3242
6778
8087
3994
4791
554
4729
4700
8400
2799
1062
7934
2425
1870
5349
2484
9583
948
5146
3207
5143
6648
7415
849
6939
5237
3138
4534
7139
3762
9365
7756
5351
6709
4143
9220
319
6362
267
510
501
3108
3438
6241
94
2550
4678
4757
7243
3280
1441
1450
6178
5658
1719
8282
1316
2136
7945
3276
5808
1953
3749
3156
2031
2836
2998
4296
2684
2403
1647
9090
9184
7980
7442
5484
5670
6554
3646
4103
4951
6341
3641
5889
2869
5336
4861
5474
3899
1733
8148
1864
6574
8504
4264
4865
7848
5282
6056
1512
9858
1663
6142
6014
938
231
5955
2586
7764
5256
2773
4927
8591
4189
9534
4802
8085
4609
7608
8865
4058
4591
2137
3783
402
7747
1137
4972
4380
1817
9911
9898
8606
7389
8746
2165
3230
6460
5234
3921
7705
8223
3729
8402
6094
8467
2396
3536
7218
4660
1602
3295
2451
5318
4533
3918
4640
6202
4825
1278
5797
4185
7446
1118
5177
7114
4255
7886
7234
4382
1410
5000
437
9380
5215
8597
7511
7519
3495
4696
4491
1461
9424
9264
7855
5589
8264
4791
394
8985
1297
2016
1835
7259
1750
7536
8834
5542
5154
6788
2149
5821
1416
9911
4589
2328
2841
3168
5885
8047
6881
4989
6637
1024
2676
276
8055
8439
78
5141
6998
6538
3164
3721
5760
8593
969
1895
5175
5017
7819
3432
929
2089
7896
803
5391
3376
2232
978
4925
3686
563
1621
3166
3062
3299
9693
1234
8879
4157
4215
4368
1557
7218
9743
7964
8582
9344
8311
5881
9694
8179
2841
7459
1203
7208
3880
3839
3060
9051
5894
7117
721
9806
3520
5766
3704
3577
4546
5120
3073
3724
6216
9875
5704
8484
4648
8932
9083
2692
8489
1001
1356
1938
1635
1068
4729
916
8200
6738
5471
429
4669
5544
9969
4047
5257
6412
6807
9317
9593
1054
8754
9175
8289
7329
3612
9531
4891
9073
9307
3925
7442
3153
2178
1725
8344
5545
8890
6147
4100
6033
3032
9589
6388
8543
6116
333
2849
6015
7246
4638
8582
578
226
348
6002
5161
5856
4581
5079
6749
2337
7056
6571
2867
5254
4092
8198
7576
6434
8359
7492
3032
9183
8753
7611
3491
8760
7357
7743
5545
1758
8216
8984
5664
6844
8894
4128
3974
9518
3275
3887
1282
715
7691
2360
7511
6227
6175
6020
1979
3922
1057
4228
5476
5188
573
1811
3390
5493
733
9995
418
5878
7899
6873
1230
2197
1137
7685
2395
2333
2091
3688
4504
6328
9542
687
1654
8466
4654
3846
8408
465
7984
9012
1774
5345
101
4711
7520
5569
9052
5960
6818
3316
9303
367
8546
2429
18
2323
4443
9935
9858
1675
2673
4652
8809
1938
1346
4801
8830
3060
5907
1628
458
9838
1008
3208
4256
5049
1819
6804
2498
2449
9205
3917
9644
8561
7635
2678
9903
1648
3758
4241
8304
2047
5626
7160
5162
8034
1739
8629
2973
812
4187
9688
78
2044
3087
4942
6053
3786
9863
7793
9386
8038
5177
3374
6598
1964
5486
4902
279
1852
755
7657
9116
3639
5824
3609
9663
8028
6020
9962
6747
2262
2453
8710
5091
6038
7709
4609
835
3846
6327
1581
9013
3159
4304
6641
8721
9271
9343
1163
6406
5763
7023
6754
4802
5351
8251
4434
7863
7064
4716
2810
9240
1993
8825
3701
4742
9924
1007
6185
3682
9506
8891
8272
1
5578
7783
4293
884
8403
6380
3455
2394
687
7572
7569
3667
6937
4567
4230
2868
474
433
9731
1722
799
1547
5772
7152
7900
2267
5748
7232
8814
5845
4077
8890
6394
1529
7099
4301
4894
1413
291
5117
7742
3303
2315
3586
5933
8587
8218
2540
7359
769
1468
7871
2906
6187
4399
9897
815
9620
4333
5698
9665
3133
8948
7311
7265
9793
5325
419
7284
9176
2810
638
9233
3303
2627
8481
9457
736
8879
7511
514
2833
2455
6644
2658
5369
4354
8285
3702
5457
9866
2889
4612
5486
1025
5715
7012
6000
3209
4564
8530
4899
8848
4567
9436
3909
3101
9834
8624
5515
464
8131
290
1419
9899
2219
4535
9499
571
6132
5451
1407
6951
1788
3541
342
1940
1305
8671
1517
5747
1636
6869
9345
4414
2353
7316
343
9052
707
6481
1145
9344
9017
1842
9122
5043
5174
9651
4443
8357
6142
8329
9038
1339
7689
4130
3428
7233
9438
7934
2248
6636
7304
9942
8192
2141
2022
2047
961
626
3485
367
8230
7366
6594
4291
6896
4880
4087
1642
9878
5630
25
6362
5297
6738
4614
8275
3736
1747
5144
8793
2068
2520
3905
6657
9449
5732
3546
4776
9988
19
4794
8410
2728
7041
3859
2670
6315
4860
292
8828
4448
9093
7009
232
102
5492
615
4771
8068
182
8867
389
4858
9422
2999
7405
157
9993
7728
9655
6828
6900
8397
2858
9788
4335
366
5922
8320
2371
5664
4530
8526
8317
4660
8977
7930
3306
6954
385
3656
6564
5191
4840
6783
6048
8008
349
5451
1903
2458
1564
9348
1117
3911
355
2187
2502
7878
9136
4092
3259
9006
1770
215
2115
9177
2587
7148
4453
28
6682
7059
2195
602
4871
4345
1156
8826
1606
7075
4378
1415
7143
1776
1762
4683
8765
5587
7550
4463
6131
3948
7410
2730
4967
2789
807
4467
3196
5342
2176
3287
3962
5749
7837
1559
417
2947
6903
3644
6820
1644
1330
5503
5844
549
8587
3059
9029
1821
9498
1166
3909
4684
8452
4160
6906
3898
1686
1189
1683
3693
6351
9161
8597
194
7690
7509
5794
9222
8412
6357
5987
7375
6389
7114
5829
2673
2021
9732
4950
7053
8016
104
4696
1950
6796
9631
6855
6012
5985
8724
1308
7067
9079
2921
8338
962
3800
1200
5347
635
3326
3323
2941
310
2725
6187
598
2265
1482
8427
1570
4072
9775
735
5594
3186
3241
4019
4209
9811
7843
254
7469
7369
9551
1691
1422
3235
6815
431
8355
6756
8977
547
8899
2674
8609
62
618
9322
9742
9136
4044
4422
172
646
7831
3424
6319
3442
3635
6792
8200
3449
3275
598
8816
7957
9552
1672
4305
4824
4798
7625
5472
3563
8830
3214
6650
4721
4321
4540
8984
9259
7265
8580
2802
4734
2457
878
5979
6497
9499
1335
6688
8940
6665
9104
6070
9881
9880
6763
2802
3726
7030
4120
6356
1256
3826
2187
9766
1477
9400
8866
1795
5672
3493
367
2771
2004
6824
8867
4765
56
4673
3855
9973
5220
6561
92
8488
1872
6314
9587
806
5002
4329
991
2354
4758
3524
9512
3746
6773
6341
7530
6347
3494
8648
4014
7556
2948
2025
4823
3961
6327
1827
7079
3624
1793
3786
8680
3851
2915
1635
1681
3238
9649
7899
102
8166
4995
7486
2554
7933
9962
2667
8384
8573
9520
1513
5163
1816
8373
9983
1628
3257
7914
339
8835
7522
7085
6682
7041
5526
2094
4463
2448
4182
7750
6658
1245
3466
7159
4553
3493
4712
5346
4884
4822
1632
4408
466
1717
3877
5923
5563
6950
6385
8669
9640
3590
4162
3687
1199
7349
9240
7887
3856
8629
890
1118
2438
4998
3393
8268
9196
7132
4625
5037
7214
7379
5439
9259
7086
2931
7199
8687
9805
5330
9053
4142
3282
4677
7972
2617
2163
9220
5463
57
8088
6735
3828
3871
9763
3565
1184
6930
5259
5020
7952
9445
1324
7776
6754
2423
2570
7038
5684
81
1382
6807
553
2891
5392
6815
2967
9295
7491
4817
5639
8431
4966
4877
8739
8596
7494
5506
5327
3640
2105
5469
8849
7931
9541
6208
5743
2187
1868
6832
5496
7752
9494
3322
346
4452
740
5123
7961
444
5448
6145
5657
4418
3810
759
8312
6489
3136
7478
5735
9987
5796
3016
6665
1262
8896
7056
4767
2534
379
4877
8342
1241
2078
7792
6314
2623
2004
6449
7743
4110
4818
4462
124
7640
3899
5724
4965
984
2848
4365
2936
2422
4518
7921
5736
8060
7409
4116
8465
1810
8869
1647
4523
8434
672
5516
3216
3075
9557
2284
6006
1286
4980
3034
2579
6937
3198
312
2349
4326
921
8018
5521
2679
4260
385
5488
9159
9594
2721
8503
9761
8902
5758
1634
8470
2092
3306
9068
1728
1747
3570
9431
4026
9198
9305
4909
2987
1825
9346
2710
7000
1427
6956
5354
9045
8829
9412
3153
8066
2443
4434
8457
7367
1274
9390
2551
7643
4427
5570
2046
3676
6337
7527
4317
8612
3060
1368
3519
7902
8883
4526
8178
5374
8829
5528
6332
8437
32
9036
2233
4779
8156
839
9050
1350
2215
8913
5742
9229
1362
2804
6608
4705
4298
4651
7475
8249
3599
8435
66
5160
4899
2194
4735
5232
5050
8849
8678
8752
6680
9657
203
6433
5867
1129
5735
1490
2285
150
3592
4007
5257
4353
4388
5758
9848
4462
1076
3488
7918
8070
6138
9015
1216
2634
9484
5396
5019
5205
8045
1493
8382
705
7412
3049
6110
5841
2029
3171
9930
6577
4410
4264
2395
7655
7073
2089
4960
4428
8597
6086
2030
2369
4863
5286
1525
7486
9855
7287
5653
8567
5574
1499
1417
883
3986
1879
3564
5359
8242
3704
2211
3970
123
5743
1348
8060
7335
1653
5989
272
2041
9101
4552
6328
111
9285
2705
7100
872
6923
5978
1872
8817
1582
9976
4444
9956
2325
2492
3522
772
643
862
2594
7115
4101
9877
4779
2174
683
6140
7290
7606
9890
6132
5247
1541
6478
22
294
1419
7262
5168
9993
6779
4073
9878
6779
3181
2765
6944
8354
4583
3365
1464
2687
3518
1026
1133
6712
5132
4898
4108
2167
5511
8168
682
9605
8495
2929
3991
2064
1696
4647
8974
1191
8035
4200
1414
8003
6736
3089
9567
519
5193
6345
4186
8989
957
1412
4346
7727
3526
7451
8003
9470
4794
8859
9345
9479
5985
9496
9852
7988
4648
9686
1970
519
7696
8635
1012
4634
9105
1657
1244
3424
2919
9814
3859
9533
6226
674
4523
1060
2349
7657
3419
4084
8568
747
6354
3910
4084
3945
402
9512
4785
5418
5552
5357
6433
2182
8347
3458
7844
6636
1669
1106
8030
6035
546
3335
8986
4417
4870
4488
2927
5289
5575
1716
7116
9159
7576
5568
8957
3913
9144
5300
3390
5501
2533
8157
8935
6186
3755
2039
2979
5562
5877
6693
2814
7811
4488
7609
6271
487
324
4588
1084
4318
8106
70
3865
8806
4168
8302
6028
6949
1606
480
191
2073
9152
1221
9810
1907
341
2569
7793
2677
9792
9471
7628
8395
3272
2173
5500
1807
9564
7695
9833
4429
3232
2374
3772
7423
766
4318
5752
2517
612
1337
7943
1602
6368
7306
6082
916
5063
4856
5715
3931
127
2223
4960
4743
7433
9642
669
2721
5382
530
3024
2121
3622
5952
4603
1887
6754
227
348
9623
5505
42
8775
3195
6880
214
5662
9859
720
1599
563
427
8069
7681
5810
7261
8718
4456
8205
6051
633
4613
2186
6588
251
3649
8314
1238
5999
1462
6548
3158
841
7909
4839
6979
4204
3790
8825
9162
4197
123
9120
9188
9855
4649
7888
1293
7654
5143
1223
92
4342
2282
8474
9047
2178
253
7195
5258
8122
6685
7220
2598
3899
2054
5883
5004
6203
3480
6828
9136
3556
1298
7890
6049
2484
5978
3435
5887
9478
6073
2686
6730
7355
9016
8965
7014
6423
4948
7468
7203
2298
5530
6432
4516
8019
7533
6779
795
1753
7195
8883
3268
8278
5360
4260
1786
8497
2826
2524
1163
6613
784
9249
2219
1164
4933
9640
2921
1774
304
5988
5352
7624
7747
4539
307
3746
7907
2493
7407
3423
835
852
3631
2277
5137
8375
4834
8877
8628
1955
1407
599
8807
130
8960
6464
5301
4555
8064
4283
2946
3129
2600
3402
294
6669
1629
6566
5942
1026
7889
2456
9416
3556
4081
1906
9543
7822
9477
6426
2090
1444
247
6569
5792
1823
2206
1264
6623
1514
9198
5406
7267
3931
3576
3691
2749
7410
9403
2136
7720
3263
7790
5704
7166
9979
9615
6438
7816
1762
8626
8083
9371
7023
4669
1283
4839
4251
4417
9430
4993
5200
3824
2857
7136
1033
226
2777
438
3960
46
4327
1346
8817
4179
4341
3128
9900
5568
6506
3112
3906
9766
9652
1875
2535
994
3078
2321
7044
899
17
2963
9915
2908
645
5446
5311
1266
18
414
5139
219
7846
8830
4371
6475
5978
6117
682
83
778
8153
2012
3924
4154
9831
5940
2645
4395
5723
7978
9929
7646
6541
1045
204
4809
8248
5280
9464
2995
7762
8662
1379
2068
8967
9157
2482
5657
9919
2245
9227
8013
1840
2448
3414
259
6409
2823
8361
7867
3102
7149
4422
7013
7734
9255
2780
5003
2280
9586
5582
6954
4307
7709
8795
93
7467
6880
1244
2621
2081
3889
9430
2625
8874
5068
5697
994
3200
7478
2981
7947
2895
6881
8744
773
7437
9609
8349
5332
5650
1072
1045
6684
6019
5559
1760
9993
4589
3196
2923
491
2865
897
8231
3650
5518
481
8243
5607
3804
4115
5256
7682
2838
419
6914
3236
3679
7906
5215
9210
3521
9044
8563
6729
6723
1980
3018
904
8907
5124
3812
5729
867
55
6507
5212
4943
8722
8425
5490
268
3107
7468
7873
6786
7914
6723
4403
5313
7609
1048
5287
2097
6796
7027
4580
9652
7572
4895
944
195
682
6957
6265
9444
845
7888
8543
1676
8233
5487
1678
3893
4533
2359
2976
3690
3687
2252
2150
7314
1876
5304
6385
5110
5492
2470
2871
6381
9283
1723
5606
2284
3833
2970
6873
2869
7470
7593
8075
4335
9613
6605
1857
9613
4569
375
6048
3872
8266
1762
818
5188
3960
7188
9776
1822
5176
8629
286
844
524
5960
7669
2944
702
9789
1187
5544
4211
7415
8208
5530
2730
6450
4569
7924
6216
5177
6901
5761
8738
5040
6125
5625
7046
8663
3807
4843
6374
8770
3465
2057
4356
961
365
4639
3214
7470
9029
9486
5253
1260
6718
8075
9203
810
4804
843
8703
252
9842
4332
5319
1034
1337
3093
9746
2405
3535
3970
4228
9427
5274
3054
8019
2988
578
32
2882
6014
6632
6172
2335
9775
354
9202
6434
7710
563
4950
8976
9227
4832
1191
9136
3939
7805
624
6059
3010
4037
5022
8792
8492
5135
9056
3706
4507
1726
3071
6133
5748
2782
2372
5591
4628
6227
97
7354
519
4163
6477
1385
9254
4246
221
500
8130
6
9010
173
1845
6182
9917
8026
9129
4768
296
4946
3691
3361
8392
2717
6734
4989
2837
824
7255
4386
2857
6794
1445
1778
6377
1910
6051
1894
4831
1106
4518
147
1149
9208
4450
3533
7988
3935
9390
286
1891
3818
2088
7350
3324
2022
547
209
5579
5106
8821
8423
4503
7448
5120
2489
1366
6062
7206
7564
3502
4731
6727
3378
1091
6390
3140
3434
7022
8737
4302
9618
7695
6964
4581
3424
4395
6626
3927
102
6155
1073
9802
3252
6838
4688
7904
8735
5113
8244
445
4294
7403
8637
2680
3195
1163
7449
782
473
9229
6756
7418
2593
7162
7578
5188
6086
8085
3829
3119
1244
7022
6962
75
6078
5836
5871
1526
58
5686
8320
6146
6119
102
4172
5180
2791
7977
101
4015
1151
6884
4584
2624
4693
9021
5824
3420
94
2419
344
8977
8055
3049
9959
8657
591
9407
9448
984
7109
6141
3399
9088
3241
1944
1667
7322
6344
347
8755
115
4812
2368
1553
537
7577
1743
8947
5342
9673
1354
2640
3323
5248
9875
6171
7293
3421
1979
4450
1188
1160
2118
4077
3572
1526
5461
3778
1955
2045
8493
8762
6247
9736
3955
9540
7546
3600
7662
6785
2416
4365
2088
8587
2588
8023
5267
6217
1130
6573
7461
7461
6530
7124
2662
971
556
4891
5059
5926
4020
1863
8247
4053
7636
7529
1639
8065
1235
6367
6598
5695
9937
3800
7562
2017
7369
7037
4579
8141
8886
7076
6241
4009
1578
4233
558
53
541
185
2092
8302
5534
6520
8290
4194
8298
4590
3936
5411
6413
2875
1708
4120
5277
3534
2672
4539
9541
5419
1568
3355
1550
9573
4016
7586
5203
8357
1559
9438
4852
5690
9500
6184
7720
2819
7365
3205
4667
5245
7719
9483
4049
9586
5357
8844
9053
6051
4369
9002
4119
1546
4560
9302
2325
4820
7176
7751
4522
3519
4527
2109
2216
8218
1304
486
8258
3844
1024
3239
7804
2563
1728
7851
5208
3453
3735
5231
6109
9145
6983
4435
4743
1958
4791
8525
2574
6290
6708
6929
5524
6457
3460
5753
4858
9021
158
1822
7412
6279
1908
1613
3597
4412
2359
5651
6101
9345
2656
147
6568
3808
5264
219
6048
6798
9093
945
562
9826
2453
726
8660
1594
1466
2117
1002
1172
1943
7562
4239
5178
1700
9989
3149
1961
8422
9036
4961
595
2310
628
7673
7560
9822
8873
8200
1536
9274
8623
8972
8805
4692
4316
9111
9264
7585
4483
9310
267
1921
4406
7147
6696
7199
8325
9822
1239
9798
842
80
374
4931
392
2358
2277
1650
1553
6921
7984
5803
4853
6052
6659
1878
6497
9100
92
6735
667
132
7557
7951
1546
63
4754
341
7860
3252
147
5877
9990
4481
8411
1821
9951
3043
5834
8949
454
1234
7160
1833
2496
3840
5244
4576
145
1108
4590
8432
7554
6462
4265
1265
4767
3428
4518
9887
1546
2261
3883
5440
3072
3642
8967
3673
5645
4288
2027
9352
9841
6645
7873
5238
7759
7950
3982
9128
3570
2636
3673
6857
3878
3653
9923
3867
4905
6842
4450
7023
1734
295
6314
4717
6414
4096
1551
5929
1585
7467
1384
6824
8398
8536
7060
1636
448
3532
8913
4913
8
8310
7451
2699
3502
8382
5463
9231
3703
530
5110
3472
5141
2797
949
3465
847
8678
7576
4869
9556
9742
252
973
788
1392
9611
188
9222
1652
6399
2546
9111
7412
3087
6369
747
325
2120
5502
4264
5262
718
4467
4489
8440
9479
3505
6314
6680
8220
2020
27
6124
8758
179
5423
3848
8119
6568
410
9963
6653
5252
5602
9316
8949
7860
5468
8732
2553
4832
3549
1338
4624
6083
6003
873
5665
5643
1534
1120
2744
1025
5004
9678
5407
6268
1045
2148
5802
178
8184
101
5066
8090
4318
3446
6522
9006
8855
8334
414
6575
8185
4254
6067
5056
8602
4705
5847
2798
2972
7932
3962
9427
390
8939
8283
9903
327
5857
2221
3945
1586
8667
1595
8560
932
1803
1274
1195
8722
2467
1855
1670
2729
4689
747
1294
7455
6162
5555
1685
607
9071
4329
1390
5553
7334
3886
5354
8781
9316
5388
1088
2271
6367
4313
2210
8502
6249
1384
5303
3377
908
5781
7444
7132
4320
2002
1623
8421
1249
7005
5344
5740
61
2995
5381
6021
1198
2996
7024
2766
2191
7854
1296
2959
2123
1137
6479
574
3053
3990
1185
9127
9896
3847
3353
8648
5185
3996
1789
3643
5400
7132
2986
5217
9162
2327
9239
4760
2434
4988
5310
7700
6967
1302
354
8591
1206
9859
9541
2128
4943
6981
1589
1660
2191
3355
3658
9422
4444
9755
2899
8466
4127
5460
8394
4829
3451
3014
5430
8803
5464
5587
7016
1031
9242
6334
4048
1814
3279
6205
2979
7693
2728
1730
5640
5831
3643
7922
6886
2108
2170
5726
2122
9324
6291
2245
3977
4977
7002
5318
3079
9677
2255
8176
8479
6789
4124
7705
1586
9369
4799
899
9300
919
7155
3461
7152
740
9201
2896
7333
1816
5283
4222
928
3726
6821
8917
1138
1855
9697
4351
816
9103
960
9696
1442
3311
5091
1337
203
3891
8218
7485
275
5734
8927
2060
8000
6367
2238
2036
8998
797
7763
9963
4453
5818
9623
8568
1223
432
436
5915
7680
2548
8941
5023
5950
3680
5641
840
285
7284
4030
2092
2812
3086
6995
316
43
3587
2345
3458
6038
4526
1552
673
8842
7976
9182
1138
9873
7111
4722
8980
603
8063
2411
9309
8966
8853
2615
9725
7542
4366
2710
3296
2807
6002
1886
4143
3744
6869
8578
1338
1523
6131
2450
7153
3540
5346
9345
9185
7185
4712
6063
156
1565
5225
2682
8220
4334
8589
8052
9627
4510
8966
208
2279
1000
6105
1305
3763
9223
162
6056
7875
1287
5861
5096
9915
4953
2434
4149
5173
3557
379
1633
1101
5989
7013
2783
3053
3264
7861
9981
9628
9297
7359
7222
9982
2724
5864
6869
643
7650
9311
6583
363
9820
4965
6083
4336
3203
37
7419
2232
727
5790
118
3359
3124
3972
1879
266
8974
8224
2592
6914
3876
1957
1080
6910
282
4926
4298
7911
3112
8471
5144
2972
2566
8949
5497
5884
2998
1590
9349
4228
5116
5281
6545
230
1588
158
1562
1810
9428
3656
7985
6643
7401
7852
2313
7190
6815
9416
8523
4480
9416
7482
328
664
755
2339
5764
3991
9925
8774
9691
718
8649
5030
2248
6263
2334
1739
8526
4426
8956
7794
4623
7548
1548
6663
8667
2179
8548
4358
3360
836
822
6421
4999
8988
234
9508
8828
7956
9018
1913
1018
1605
1263
4257
27
8250
5586
1417
8681
8433
7576
7218
1029
2098
7256
3213
3807
9151
3233
3674
6000
5028
4096
2924
3153
8675
6403
116
3672
1511
2751
1933
6338
2588
9564
1376
4151
7489
4392
5763
241
5019
5374
5035
1420
4775
4389
8247
6653
4425
9260
3997
9654
6651
9202
5624
5065
1992
7657
8109
4324
2818
2488
7053
6443
469
5131
1594
250
9351
1146
4042
6267
2677
1232
9610
358
2330
1897
2751
4577
7321
4873
8529
7821
8141
7462
9797
6389
6125
7157
7421
904
5876
7533
9358
9960
7688
491
4730
4477
9477
8825
7368
2079
5035
4505
8323
7430
1188
360
1760
6158
615
8328
1243
1102
8170
3256
7217
8497
4223
7349
7247
2129
9035
7881
8195
3075
1499
863
699
9447
5395
9971
2266
5430
8209
7220
823
6182
8548
6382
2253
4263
4310
3942
1527
5113
3609
8352
6774
177
6152
8474
5854
2502
157
5420
4521
5908
6168
653
764
2329
5661
3259
158
9922
5780
8268
8532
2213
4048
6744
1623
9634
1000
4688
2171
703
2002
7465
2327
7363
4804
6681
9378
3083
9094
1636
744
9518
2819
3839
5627
4299
6430
3272
8521
793
7787
2329
151
5434
417
4164
7809
3422
9594
5338
4165
2703
185
6897
1955
7117
5809
8072
8397
3925
6984
9265
1314
1025
6999
7485
4297
8438
3030
5366
8157
1782
3927
4955
8170
6391
5452
1453
2133
2629
1900
6028
8875
4183
7185
2185
958
9679
8656
9663
8497
5058
4225
8842
5677
4860
9591
5929
367
4145
7918
8088
6364
1634
3630
8519
2240
7964
4572
6935
2032
8405
32
5524
5410
5111
7182
1188
9410
9786
8982
7618
7453
4956
5414
5010
5908
4984
571
4213
8792
8689
2165
8941
3974
5048
1107
3158
432
7728
3838
1892
55
8607
1564
2066
9915
1842
9251
6599
4390
7734
4117
8187
4014
6900
1613
7224
2835
5319
2340
6725
6852
8740
5976
8568
6494
9005
6547
4500
8615
7677
9096
2769
7661
2288
6557
2002
8861
7723
4166
6906
5753
5028
5725
2244
8643
1562
7041
6401
5626
32
973
9591
8917
4544
5747
3878
6072
575
5058
8332
3970
9386
1083
4890
7093
8549
7647
1658
7285
1923
867
5997
6386
6599
6094
7269
9936
7916
2341
5191
1640
2929
9404
9035
7619
5840
3598
1661
5136
7152
1827
1778
8656
163
3696
2775
3774
4023
7947
2810
5056
265
717
1004
6172
7812
2329
5922
6542
8766
5212
8788
4154
7618
2818
5987
7494
7339
8141
6978
481
7729
6982
1806
9269
4633
6624
3047
3163
2669
6712
6880
7955
9615
3037
3704
3791
7828
6445
4182
6756
8768
7370
2040
5989
7079
9623
1805
2067
1972
8381
1039
1602
3793
560
8234
5890
9048
1327
9298
2501
8810
7843
2291
9704
55
8717
7047
3315
1453
6041
5837
6098
1089
4803
8959
5402
9929
2041
7826
246
5002
7652
3183
4464
4183
1251
1860
2233
683
3558
8011
6811
4815
1584
799
5912
2797
54
4019
8093
2070
7457
6725
5867
933
9221
2260
1781
4151
8124
2779
6319
422
4441
8459
1391
1278
4942
4207
3224
9027
3606
2136
5282
1190
671
4433
1475
383
8245
2018
7317
3454
1851
6808
9247
2240
7210
2135
1859
3494
1164
5928
6111
5951
8212
6146
8147
9390
5374
8251
6126
4227
6734
2850
4312
9238
7325
538
6030
6850
1103
611
5031
8613
1280
1099
9555
5375
8987
1678
3745
3846
2787
6652
571
9404
4981
3629
8805
9849
3222
7740
9588
3676
5826
1921
9623
8054
511
8176
2739
3258
7889
8737
2982
8520
1734
3105
1458
9534
6207
3072
6388
4719
8070
6856
3839
170
9029
2602
6212
2894
2601
5526
1353
9109
9613
9997
9439
7055
5713
4254
6344
6813
5874
3992
5219
1854
6318
1217
8380
8960
9206
5296
3930
3093
6374
1580
3235
84
1060
1852
7328
1081
2508
3326
1734
3604
1924
2368
7977
1322
2315
7469
4093
5239
6333
1653
1719
3589
5120
9404
1225
2200
9501
8057
4180
9906
6577
7698
3359
879
1291
4196
5997
3353
2461
5344
8195
7554
8184
6359
4973
9403
4160
2297
3690
2707
7568
811
4432
7286
3220
7678
4145
5084
4328
2211
7822
3994
797
6687
3973
3456
5542
5699
2804
7092
3218
3722
8748
57
6061
1425
168
8666
9869
9656
5128
3050
3732
8176
687
5354
1740
7228
9939
4261
3845
8069
6775
9091
6290
7945
2244
9732
5286
4804
184
489
1516
4857
7546
2568
1681
9087
5796
572
4796
605
7845
3657
9059
6901
5353
2159
9609
9475
5568
1508
4392
7873
5462
8650
7079
9135
343
9899
2462
42
2414
5861
6193
7849
3772
896
9206
2217
2773
3741
2924
4126
5018
6231
861
9274
8963
9936
1289
4990
2390
6989
4081
9161
9833
9507
4641
849
2962
5895
5439
6823
8454
5200
1807
998
7290
6952
673
6015
8214
8835
1517
1405
7177
6795
5653
5462
1215
3159
3628
3308
5917
8570
6490
6687
1355
2429
5627
9775
5636
4788
104
2592
1246
1851
5440
2852
596
4938
705
1660
4920
2987
870
2737
9134
2374
7399
8567
9875
2438
8513
824
9490
4899
3290
8817
8724
6631
4466
414
6029
5558
3269
9130
9203
508
6295
5825
8849
8069
5239
7876
6173
1716
4891
195
3348
5506
2885
1615
6031
9884
8885
4705
7134
4375
6975
6418
7664
4250
9936
6783
5017
5143
5247
860
4786
3756
9045
326
9845
6850
2693
2385
5575
5860
3808
3691
8441
8308
6958
5460
8437
8038
4350
103
9175
2092
5392
9046
5214
5439
761
7392
6102
718
5280
2463
7385
6662
3996
6508
438
3714
6474
4475
5026
9675
5603
4457
2148
5794
5645
1544
224
763
6253
4873
2883
6813
1649
2264
3860
3181
4371
2573
9216
929
7965
3341
6084
5793
898
1073
4222
7918
9922
7441
7263
3260
6659
2427
4525
3437
6784
3807
2605
9822
8700
9983
2465
6659
7882
9715
8014
9363
5490
4303
1585
21
4079
6125
8370
1373
5225
3470
8564
5188
6346
9109
2634
795
9077
9305
8098
4315
7828
7921
3948
5611
7151
2066
7118
4471
2668
7066
1758
8177
704
2551
7251
729
674
1369
4023
698
7545
9688
8352
2360
9969
7777
7588
376
3166
6789
1056
8593
4191
9945
8028
1902
5911
3759
5760
5113
7799
7166
8346
8364
1756
5283
4756
8017
2141
8839
6332
4199
8610
9069
6160
2414
846
6815
6215
2121
214
168
4475
3779
5317
9694
1718
2527
3268
7934
8414
4533
7907
3135
1673
3341
5854
8213
330
8342
6853
7694
3245
366
2149
5186
9827
9523
5165
9832
1162
8840
2564
1728
8623
6376
4344
3373
6745
3548
6514
3644
133
9755
2518
4236
7689
2883
2165
3524
6898
96
1746
5423
1296
9810
7834
636
8653
149
1005
4223
5319
8173
3511
374
1929
9165
941
114
9606
720
8902
931
2160
6354
3959
4756
1027
9829
8214
1147
6217
5285
8286
46
2201
6949
9304
5222
7268
3245
1720
4750
342
1426
1173
2184
6847
1857
3041
881
1120
186
3202
7224
4603
9465
9877
5236
291
736
2911
2224
1167
8115
3353
5579
2065
61
8734
7687
1024
4593
8010
978
2419
4307
2523
9206
1743
1837
8255
5312
3693
2832
6216
6486
9709
9682
5600
966
2922
6379
8069
4036
9541
2949
8344
839
1316
8474
302
2740
3755
4133
6196
5279
5646
2768
358
3381
5466
1235
2110
9588
7514
8907
8126
8865
5280
8249
7363
8476
305
4634
3481
9184
8535
1751
422
4758
409
9037
9309
1084
2562
6520
8173
332
5834
912
8332
7006
8678
179
226
6590
9057
2998
6867
9496
6580
4132
8374
2677
5590
2360
7175
9299
2291
3802
8977
7036
8735
6277
7774
9237
5417
8303
9523
7773
3375
6243
6449
8475
8048
1042
8303
5174
6824
3869
5698
7563
2152
8888
2531
8791
8531
727
2961
6729
8786
6317
6157
3961
9768
5299
264
524
6366
9254
3338
4353
6565
8292
9518
6333
2365
5292
6344
5114
1996
2010
5192
4209
8248
7323
1452
7083
4083
6495
4799
6213
3077
2966
1219
4669
4650
3858
9039
7754
9543
513
8398
1519
4106
5531
416
560
4030
757
2424
7085
6766
2232
57
4943
2420
8150
629
9899
1370
7271
2491
4704
1144
8066
6878
3739
4856
731
4843
2375
6855
6326
2235
2110
4038
8985
8639
5803
1061
2226
5535
4420
1952
3892
132
5802
7511
1545
3406
9769
8675
960
4196
6355
4087
6191
6079
145
5974
7852
7457
6312
9212
4088
6852
4792
4074
649
8799
9829
9588
2690
4227
5250
2154
3188
178
6562
1238
3481
3840
3133
8854
567
8248
6332
1035
619
2374
883
3567
5011
2100
5506
101
6136
8755
5179
7680
153
9371
7391
8038
5689
9560
4832
4091
3623
7955
2893
4924
7795
2645
7693
3754
4677
3046
8930
3863
999
7460
6348
4780
5712
6285
9578
5299
7843
1902
6193
7606
7162
7864
2982
872
5645
3519
6361
5589
3898
3474
8515
5580
3222
6600
6532
4733
4686
4195
5872
6045
7812
1100
2479
9514
1833
1416
236
5977
8768
9168
5153
8373
5067
195
141
5800
6525
4151
3464
5091
6708
6823
2155
3526
5662
473
1612
6727
6731
7104
9242
9741
5773
7282
71
6082
733
7768
6121
8318
5481
6369
6243
5727
9792
8584
5873
6251
424
8039
8400
8721
6102
3064
1911
6598
7047
4644
4749
4130
6704
4991
7436
1793
2114
2503
8855
1470
2699
4037
2299
5660
7559
9121
6241
7540
6288
1407
4359
4216
4399
1997
1279
1674
442
4135
3319
3775
2563
7382
9548
7557
8663
1071
5396
3576
6814
2478
6659
9813
5694
9596
1828
9439
2132
6367
3327
6441
9166
951
4975
8936
7354
1400
3094
2811
2147
1059
9219
2453
1049
3762
6169
6291
8434
7012
581
7688
1721
6810
4183
6863
2857
6587
3607
5634
6046
5326
7007
9853
9067
6038
2267
9614
190
7691
9361
4950
9353
5563
4377
8948
3405
8238
8336
656
7594
4818
4820
3879
9084
8679
8582
9532
5806
5503
6326
5802
2356
5595
1247
8219
7602
4114
3637
6989
9524
6880
2719
3535
3019
5408
8643
33
77
155
4589
7208
6652
7917
7187
4945
3550
2375
1820
9105
2456
2643
8595
8452
5404
5522
4107
8493
3684
9208
5779
4550
6402
4569
5616
947
7006
6643
4379
171
5903
5333
1883
5769
5983
7832
978
4910
2397
8213
8986
8078
7353
2397
2298
6084
5589
229
2218
689
3105
6051
4513
3071
9198
4175
2624
4095
5329
3247
7952
2149
3208
2915
989
5708
5766
6205
676
8139
4045
729
9517
8730
6285
9116
1621
5355
6189
6731
1641
4273
4660
4140
6070
6836
3791
3446
5420
1745
9026
7077
8425
4477
9029
8094
6559
4106
7755
6038
6339
9405
8593
2665
8551
5259
6018
6037
9849
1339
7042
7684
2318
3236
6134
5016
6735
4191
5808
2608
3802
2721
9731
8978
2213
3456
7915
5808
4661
442
4247
656
560
2609
9143
6131
9360
2446
9068
6864
9731
7033
229
3307
7574
641
3611
2943
685
7048
2372
544
8220
7556
9376
1567
7232
4332
6945
9336
4692
3896
5039
5008
9897
7937
9994
5335
6010
8906
8706
630
9070
3192
7979
2987
3050
8755
7575
653
2010
711
7027
668
9602
4631
4044
5760
3870
2979
8948
65
9781
7234
7343
6788
8424
4360
9493
6802
7811
241
4647
9787
981
2057
6767
987
6562
4906
8702
7440
4349
7380
9279
7388
4165
6814
1297
4944
8236
3341
8875
8004
6189
9272
264
9097
934
1649
7227
9854
3684
780
2660
5076
1105
9105
1236
3999
9354
4468
2471
1419
3101
2599
7157
5501
5517
4108
5032
9900
6285
9831
4693
7864
834
6671
8213
9477
9866
9751
4971
6597
8942
185
8591
2455
3408
2195
8418
6836
1283
8889
1062
5082
5611
8239
2784
2879
6459
6230
4504
3740
4283
4263
8290
1731
8169
1200
7827
416
798
5463
1389
4578
3600
2294
8108
110
9316
4341
2408
8985
9993
7130
5017
9646
5261
1773
6590
5329
8807
3000
8761
7289
6542
3971
464
1374
9174
1491
6740
9013
2694
6447
3833
7714
5208
314
1053
7436
9486
954
6202
2007
8221
7888
4288
4000
2264
2373
5735
7133
6452
6312
6023
982
1595
1398
4670
3009
7333
3489
5302
9924
5795
591
9390
2612
1986
5080
7036
5042
6092
1687
9931
631
1293
7636
6781
1505
2949
4471
4212
9666
6260
1340
9725
4693
8312
5581
6913
5332
9731
5006
8001
7783
6614
9397
7143
3632
4638
4467
8140
3218
1384
7215
1326
4264
8927
4086
929
4040
1001
5557
3117
6819
4629
9444
2497
9534
2059
3497
7328
7575
1950
6408
4685
4621
2741
3568
2749
7386
5565
9028
5798
2415
1651
3465
9691
2731
56
5592
8134
405
6293
5284
9340
3986
2856
3248
1754
8353
3211
9184
17
4834
7804
3571
2696
903
2937
9241
8079
1292
6029
890
8518
987
4422
8759
6980
65
4674
682
2757
6902
4552
6761
2250
1337
509
4132
1865
9504
8879
5213
9958
168
6790
2272
8356
3532
6439
8596
9126
5607
123
8178
793
2273
6615
5124
3556
3837
2200
9066
2442
3592
4865
4061
1772
8723
3520
9005
1189
4730
4477
644
9410
5441
4085
5020
4773
6670
3438
6167
4875
9451
3299
1005
8040
4297
6034
9358
5296
9182
8819
5854
7335
2022
558
3882
3088
2118
7448
5921
2091
1144
5682
9000
9598
4123
9280
5546
3183
1175
6823
939
3022
7668
6293
5497
7019
8711
3931
3534
1427
5581
3359
4499
7814
8706
3418
2676
5735
2151
6711
284
129
3389
1996
5507
5223
8163
2579
6343
838
5511
51
773
8737
5517
260
7285
4088
6868
5540
1894
3661
8125
8620
9760
2709
4233
5835
2444
5842
9959
637
2736
1062
1040
7614
2922
921
5271
5826
7636
7414
9935
9247
7166
1518
4680
472
500
6319
5338
9075
1797
4673
1327
9699
3983
4589
3548
893
9848
5325
6640
8937
264
216
9933
7557
7557
4548
9929
9165
4309
7644
7273
2174
3189
4190
2355
7392
741
4449
2242
6163
3892
9383
7731
8401
8285
1858
1151
5629
5400
2295
3097
8261
1410
2895
1465
5875
8982
4063
9633
4181
7816
7514
2839
2634
5148
9270
2582
8176
9554
3948
8124
6967
7395
2775
6409
6372
6737
4718
4290
2305
6366
7502
4654
8076
588
3755
1154
764
5408
6946
6899
3034
863
5261
3112
1257
6281
4957
1209
4228
2697
835
5359
6105
9271
5029
343
5380
5783
3725
7231
3845
6515
9225
9212
4648
4221
5686
1933
3861
615
3483
1490
197
6865
915
1524
9133
5074
49
1421
6698
993
6418
5119
7288
9445
6562
5228
8416
9988
9700
2989
8376
5550
1248
8240
7130
8870
649
1296
3095
209
8731
5668
7394
6685
5291
3581
4242
3308
542
9944
68
102
4313
6135
5444
5277
6344
1575
7198
881
3650
9797
688
2160
1186
3818
1079
9922
2147
9557
740
7901
5792
9014
3696
2144
3851
5182
2189
1687
6987
6917
7551
5076
3698
5618
9474
4042
9453
4355
4168
5946
54
494
3609
4775
8763
5871
6664
166
2733
3128
4747
8974
8432
6601
8560
5792
7508
6504
2566
5693
1904
1675
5087
8552
4814
6887
9826
9285
4973
9613
2590
4278
261
3229
5573
7075
7672
1376
2218
3558
1049
7314
9087
9424
8593
6934
5229
5991
5283
7363
4226
9676
7733
8067
3574
2221
5686
8838
7382
7498
9048
8424
6821
8372
9193
2688
4661
263
891
4999
740
8899
5345
4513
2650
411
6884
3397
728
304
1813
1940
6945
2372
864
8710
510
6186
3397
256
8097
5729
9713
6943
7882
5193
7234
8245
5762
3033
127
3584
655
8371
8418
6580
8715
2497
1112
7913
514
5640
2252
4477
3304
33
3547
5565
976
9316
2261
3470
5393
9111
8674
7712
4127
1769
6206
4939
538
9413
8642
9027
457
6997
9476
5229
5467
263
4390
4769
6436
8788
5169
6530
927
4215
8077
3594
4546
6978
5535
9195
5027
7532
5952
2647
4434
1017
9239
3234
3010
6722
9450
9252
5634
508
4222
8907
9074
260
3270
7739
5680
393
7906
257
4584
6315
3183
1816
7883
8473
1851
4627
7831
5457
7990
3627
1753
5510
8741
4302
4024
1967
3636
5195
2159
803
948
7417
8694
3277
126
1230
713
4664
379
8591
3717
9568
2996
4450
9574
5012
8005
3530
460
9225
826
797
3534
5777
9392
9942
4842
7618
8012
5842
7673
6219
7793
2415
2185
5319
1563
2203
5119
8247
5725
5471
4767
6504
6386
3583
8918
3251
1941
8548
7678
2655
4857
9589
180
2243
4157
1295
8990
3209
8780
5506
477
1547
60
6978
179
7270
7844
5450
8650
4292
148
5080
1554
6535
2008
5455
9411
8392
6201
2699
5912
7560
8243
8392
9380
727
1484
6486
496
8780
491
7487
2036
5729
2270
4957
6078
7861
5941
4087
8484
4970
883
3222
281
480
3814
6478
311
1742
5136
129
7181
3583
7565
9632
8511
4343
3284
7135
1829
9592
7140
750
7839
2095
3184
7517
6881
4210
5601
5968
6070
1233
2466
5757
5842
7958
6275
1132
8362
1635
5684
3857
1015
2689
7594
1208
3593
1563
6674
2182
631
1572
1108
3109
5106
6152
8101
5757
5579
137
607
2166
8786
9090
499
64
6252
5964
6720
7835
5822
254
8949
9628
9515
5772
6922
5007
5703
8220
1911
2359
7085
5083
4453
6667
928
6282
9757
1984
844
1280
6285
989
4144
4895
8998
5448
6613
5945
6784
1347
7678
9290
9638
7265
1299
4284
1179
3280
1725
580
4999
7352
1760
9710
2010
4659
3688
3178
5044
3415
5696
9856
578
88
8544
7673
8712
5830
6835
8860
7459
7044
1815
832
6067
5717
6203
3236
4855
8627
9618
8448
8611
8386
4537
5790
6483
9702
2683
2135
1736
7352
6015
7860
7498
3097
1144
6768
7198
6924
7799
8455
3424
6177
9901
7914
7408
9278
6842
3564
5676
9613
6639
773
9788
1003
9946
9509
1772
6688
3903
8307
2015
971
7628
1880
2960
7135
9301
8618
8011
7050
9837
5627
9937
5395
6089
7088
9956
391
8053
2520
2601
4781
2607
2589
8007
3411
2870
4863
3282
7525
4004
152
9021
8046
1798
2600
9653
1440
9238
9849
3533
6535
3413
324
2430
5493
6370
8740
8930
7709
8781
1743
2397
9340
5131
3341
3362
9792
7364
5145
581
397
2502
8773
831
2025
5835
2378
2415
3380
4696
179
8137
2849
6179
7576
9456
5623
5650
6921
4144
8490
5108
9675
2333
4666
575
3587
8198
9482
4824
8961
6188
2278
9725
2534
4153
5454
32
8181
2262
8312
1468
6512
4189
5938
2530
7236
648
9484
5637
375
3544
5668
5912
4548
2419
290
7410
9845
5795
1965
3635
3595
9729
3273
6020
4146
134
4776
2258
1531
6251
4902
6228
8614
1134
3625
474
3406
2640
7994
9738
9047
9914
9260
5137
1025
3066
5601
5770
9169
137
2068
6951
1479
7509
5705
3303
5859
1399
1164
9467
7742
8615
1813
6007
1894
2227
358
7334
53
4719
7037
4951
4643
2591
377
6387
3243
792
9748
7328
3374
6578
97
9466
6925
8367
4284
1069
5291
4177
1798
8416
6534
513
1607
5903
4227
9289
1664
7545
1058
9545
6584
4966
2236
2016
7838
7118
5146
2544
3328
6424
4433
6392
9536
3357
8708
7949
938
8515
1727
1512
5175
3774
5042
3081
6158
6495
3099
8789
3258
8366
1037
6822
5648
7386
7010
5697
1273
1459
7974
8998
6626
1181
6610
7122
2227
470
948
4429
4181
5497
5052
3040
3605
1511
2475
8806
9380
8053
1476
42
4604
2921
5975
5519
8548
343
400
7974
5664
4745
3326
562
7260
5012
457
2978
2215
2280
3031
8804
9522
8120
3780
7264
1793
8373
7006
1654
8355
1753
8851
7904
2563
5930
4104
5050
9085
3630
2651
6094
8789
6071
3415
629
4715
5910
5099
1407
9391
2228
6776
1883
6285
319
9325
4649
9902
9158
7895
7160
3729
9808
9928
7939
9297
9674
196
5402
5983
5115
3409
5598
7260
3162
3579
4683
2368
1468
2107
4215
510
1633
6445
8204
2730
6839
947
2232
1259
3643
2646
6720
8446
8033
5024
2011
7998
5423
1672
970
1821
984
1711
764
5166
3540
7244
616
597
7022
6040
1718
5954
425
6127
1706
6525
7769
31
9511
4063
4616
8260
6381
6202
8338
401
7896
3599
9810
3453
5091
5585
6894
9371
7098
1724
2682
1508
8708
9494
8919
3859
1902
246
8889
5987
2661
8564
7788
9918
612
8980
8735
7500
8149
4083
116
1000
9226
1689
6446
1822
456
7028
3483
8133
1036
6827
6610
2990
7850
8015
1180
7903
7498
3237
2012
6062
2141
2936
9445
7018
5126
6093
3993
498
6951
1993
4349
2621
327
6303
3385
2409
9401
176
5347
4917
7045
5757
8811
7782
5897
2060
6289
3765
9511
6842
7931
4451
4493
3456
9362
6185
2116
7425
8689
5921
4126
3638
2047
1167
7520
2944
3993
6260
6885
6950
3192
276
620
9113
5427
7608
7021
4787
9447
3732
6875
3622
5386
6846
532
7377
5624
7591
5769
6725
2455
3213
3956
2037
5065
3649
9167
541
1386
2634
6117
5608
2981
4029
6735
6173
8825
1182
7642
47
6892
219
5766
5406
3012
6140
216
2997
7636
6618
6719
8587
8788
2529
1952
6958
9218
7273
2175
8958
9961
8856
5159
1696
403
2462
7459
9492
2485
2361
2187
9565
9638
1046
2981
3566
3092
7182
9703
515
7911
9939
4379
8029
7537
91
5785
2098
4007
8550
1860
4101
4837
8819
143
1101
5352
7860
7756
228
6411
587
5770
3673
541
388
1282
9474
472
555
9722
6685
6435
2177
1544
2507
1576
4870
160
2621
7949
8764
2099
3664
2590
1746
4753
1568
8702
7104
9418
8050
4811
8804
1184
2231
2160
1602
2019
2755
9392
1272
6109
4973
8405
7429
2429
2017
4157
9072
5561
7527
8674
9507
818
2034
6947
6919
8864
7202
4167
610
6540
3004
8193
2976
1615
6373
1213
6727
4809
8100
2861
4855
9
5511
584
6315
7815
4019
7185
6408
555
9826
4098
2865
5444
8401
445
6157
116
1988
3375
8681
2050
3424
6921
1533
4626
8989
7342
5649
821
9198
1066
5395
5209
9672
7690
8752
1119
7519
9370
195
5554
1275
5642
5907
2321
2363
1034
1104
2487
7178
5052
262
629
1001
9044
3197
2063
5826
3427
9990
8323
1372
8717
489
3225
3350
5195
3780
2649
9320
4092
1436
9410
8148
4757
3112
443
7822
9127
6002
2047
6556
7992
2577
1048
6607
5318
7987
8671
7045
487
8896
9123
1424
6576
4302
5334
876
3971
7580
6087
1498
4433
5704
1341
3706
4016
4279
7208
1810
1207
1598
6326
529
9550
2007
4663
2203
1456
3701
997
5726
7878
1592
1591
8221
49
6494
2643
5566
9289
192
9833
831
9228
5173
5884
1457
4961
6083
9992
9247
1678
2522
2417
6181
2715
1997
5137
6355
9995
2594
8472
2725
6972
4371
7188
9288
4969
375
1322
1087
2644
192
884
6378
5419
66
3687
3526
323
124
4654
9915
1547
2797
7769
3657
5030
2580
4531
7603
845
6434
5334
4788
2121
3877
8451
2463
9245
6250
563
5621
8524
2557
9745
8681
8989
6458
7409
3880
424
642
4350
3430
8039
9241
8892
5175
8870
7216
2589
2891
3528
2420
6753
2571
761
7791
1102
5207
8240
4262
4631
857
8388
6238
2105
8999
5418
3308
6638
1543
2630
1909
2625
6639
9372
4847
3507
1146
327
1107
4391
303
9572
6319
8478
4731
2052
8354
846
3132
2107
9625
3503
5722
3230
7396
7803
1113
7785
641
1584
6365
3597
8576
9553
2657
2559
6005
7495
9119
2433
2079
6547
150
6986
3499
7305
3550
2010
4597
6665
8822
5382
8028
8926
19
1320
141
4950
5003
8032
9382
1176
5197
8917
2190
2484
9340
261
9249
6057
7820
8033
2954
1022
369
2717
3687
7452
8263
3167
9405
7952
9538
1413
3733
4238
2782
2872
6221
8106
9781
7748
2562
4924
4171
5036
3235
3003
2527
8501
4261
4046
6101
7065
1410
772
965
8917
9941
7606
2196
4189
3691
5819
6017
1905
7203
54
4149
7557
5133
4397
1281
3702
8256
6499
4765
9672
1824
5784
16
1011
9251
8987
3492
9217
1122
4089
717
4330
2777
3921
3829
9461
5686
726
3947
2001
5686
8723
1415
3870
6503
9038
6015
3728
9765
3242
1521
448
1102
9906
6327
1708
6142
4804
9720
7625
1008
1627
9497
3286
2437
7976
7588
3301
1260
2609
9224
5605
1621
1865
9046
4335
537
5372
654
4124
7337
3466
7705
4640
5609
2927
714
4835
1305
189
6388
7495
6940
8304
7777
7499
3523
412
2718
8807
4542
7322
4415
3500
4035
8363
9036
4852
4067
7776
229
3827
1805
98
7345
10
7524
6557
6384
9757
7222
8018
2925
6289
1332
874
6378
9484
1595
8263
4979
8462
4698
5664
9633
3153
1743
1447
8853
5852
1597
4560
1469
6432
8174
6000
9742
4887
3945
3660
2617
1422
2917
4155
5537
1157
1434
5674
5955
292
2373
9450
180
840
6963
9709
5212
5303
2341
1619
5672
2760
8644
6867
4742
1781
6722
6652
5066
4961
6305
5902
6825
3418
4800
1496
9653
5477
7285
1187
2783
4177
1656
5373
2529
893
3554
3977
16
8610
4435
443
934
7963
5866
1635
2225
3467
6388
8472
5712
5392
7421
3931
1028
7796
5730
4046
3925
5671
3398
2058
6036
2951
7832
9952
3944
591
5816
6598
750
4209
7324
7179
6907
2858
3877
413
6757
891
6706
1897
270
8667
2064
5344
9567
7265
666
994
48
8152
7972
9332
5036
7086
7114
320
9013
854
8370
8147
3821
9451
9134
2259
8885
8318
4506
8266
2405
9469
3224
4274
7542
5492
8203
8859
8777
9188
6368
8251
8221
4529
7314
3740
3162
5143
9510
655
2333
6662
9373
5488
5194
8133
7473
3366
1654
2948
6176
5922
7176
7279
4102
387
3629
4319
3753
611
3220
2856
7608
3105
5136
9531
4695
1873
1049
9000
6039
346
1163
2013
6513
2550
6981
261
4935
4985
9446
4777
1099
8418
5477
6953
415
6436
3254
7318
5539
333
4690
4623
9350
9593
2819
4442
7340
9104
550
9392
1922
539
393
9377
1758
4090
3490
1069
6902
6363
8802
5405
2124
1608
2463
9188
823
5985
1969
8460
3214
9645
5763
4009
1161
7833
1685
2356
9474
4868
6791
5439
9435
8310
6137
5248
3927
187
519
3568
9942
9159
4897
5874
3374
4785
8069
3075
6841
5081
303
7985
2360
7070
7780
1499
3251
6642
966
9295
7866
9776
5692
3629
2857
3476
6586
5518
6285
9565
5454
9952
7655
5179
5875
3579
3684
8355
5386
637
9439
9347
4889
2221
4754
6488
3418
5881
3328
23
2807
8738
5089
306
638
8963
9239
647
794
5421
5645
3719
2657
6316
123
3636
3063
2285
4371
7472
7301
7277
9745
6810
2009
6348
724
1490
4201
1743
1349
9979
3424
5684
4361
5500
5029
9469
1030
9661
1671
8090
3957
4169
9103
4940
2307
2222
6296
909
5837
5862
5558
4282
7659
2408
2900
9732
5638
7980
5182
8703
9822
331
2652
1748
2108
6575
6698
2940
4748
1174
9540
7630
9766
1674
655
1403
4561
6783
8145
6532
1716
7261
4787
6289
3092
8247
2025
9662
5422
9800
5240
6375
6615
8720
4321
5878
2966
602
4082
1518
5398
2604
1689
5143
7115
6895
3281
1636
7490
7098
2007
4036
7218
7100
1546
6979
5745
3979
9676
4795
4489
2598
4861
9461
3727
6613
3828
5480
5306
4860
938
685
3330
5933
5069
8569
2987
3192
5442
8680
9711
4575
1458
3425
337
2138
1262
1696
5274
1250
5073
4883
6716
4666
7062
885
6960
3455
8653
8029
1915
595
7009
7790
4766
3727
7549
2461
5824
9850
6334
5150
7140
6285
2680
1345
795
2407
1813
9391
3486
5501
844
4048
5041
6444
3062
6647
8848
489
5775
4819
2112
9585
6957
2506
5651
7542
7918
9572
2543
2086
2158
8832
2361
1910
9187
8865
6002
9744
7405
605
8101
4035
3057
8537
181
2539
3470
4518
440
3295
9631
9389
9311
8599
9640
9249
147
2735
7778
461
1241
3283
7249
5496
8349
6033
4848
3098
5063
6269
2333
4647
6498
9339
2989
7769
7163
7986
8206
4063
2100
9906
2760
3177
9397
1071
7455
1978
2479
5460
8426
4630
8605
6360
1820
8254
2095
9965
6194
9118
7357
6974
8106
6595
7307
8257
2133
5072
8534
9672
9618
8909
375
6949
8407
4572
7840
3451
2644
5965
1004
6583
6423
2385
5841
3921
3056
6438
4565
7381
8073
9087
8110
9532
694
4973
696
2029
103
700
7666
6884
69
1685
5544
4975
2105
7600
855
8954
7854
5714
5964
1606
7556
8973
6339
1777
7062
5899
8638
4320
8738
2656
5771
5878
6323
9181
7105
1422
7797
6860
4481
8326
1150
753
682
9955
9011
9188
3952
8423
8769
3297
9558
9818
9017
3532
7186
4969
4678
3470
7463
5104
1134
5185
8761
7102
7751
3476
1633
96
992
6158
7352
2812
6298
5531
9076
5036
1054
647
9979
5401
7455
4993
5138
2112
9679
3048
3910
3637
4397
5322
1238
3680
6533
7986
1119
3551
4027
2722
2575
9763
3545
397
5220
5152
5648
6116
6484
5801
7674
89
2191
6072
380
8163
3738
3518
713
4475
8237
6998
9521
7884
5215
6796
2842
3465
8596
735
9984
4150
1291
1251
148
172
33
3232
8809
6582
5517
7094
415
9867
1569
1006
7494
7005
2561
30
677
8442
6915
2059
5895
7809
4940
5738
2313
7470
775
8001
7730
4267
9990
2152
2468
7592
7985
2000
1935
3805
3465
3510
3934
841
5751
2418
9682
5191
466
7722
6154
8856
1219
3337
7146
7531
3101
8160
455
2333
4924
3421
3314
1924
2543
3285
6137
6899
1329
4488
4692
1699
7172
9089
6027
2793
3269
8667
2231
2921
6516
750
7948
6666
9729
6506
5993
6824
9447
6086
7547
574
1530
1367
5802
4488
8475
4563
1202
2180
2926
9741
8828
4370
6571
7714
5878
5217
3079
7825
5642
3395
6948
362
9906
5006
8005
7614
4417
1039
9170
4332
8085
3980
3156
5879
4659
66
7868
5916
4572
4921
3084
7300
1448
1758
2404
5225
3782
9564
434
7600
4652
8518
8955
4221
9794
4567
1599
8206
2998
3913
7318
5892
6954
2934
9007
7443
5089
8372
4562
8087
3516
9365
9462
6005
9007
1158
770
8720
4346
919
3930
3135
1374
2760
3700
3762
7354
8848
3985
3760
9976
8400
5376
8100
2888
3245
5884
5403
4862
5346
5987
9029
7214
1884
1634
3149
1282
4529
4871
1701
7150
1466
405
3108
7720
7608
6998
5780
7310
3742
8189
8502
2052
8997
6676
2760
4348
1761
6370
3429
7029
3505
4381
6678
5524
2722
6671
4765
1582
6667
6214
1267
9161
2814
5964
8781
3472
6994
3191
621
8181
1805
1040
440
2280
9913
3833
8798
4903
5706
7797
9255
2364
386
5777
602
6116
234
5397
8574
2962
3607
1574
4722
5553
2311
5017
4146
7189
405
5927
2080
1704
4471
4780
4014
3128
8620
5264
6805
2722
4232
4685
464
9008
5859
703
2763
7193
504
4944
2108
613
3771
709
3589
8407
4170
204
973
7019
267
1100
8944
826
1710
4008
7367
7937
714
213
9331
7894
1721
6994
4645
6447
3117
2714
2524
9492
7046
9115
1425
9340
5614
4059
3539
2049
2798
1033
2651
5854
4753
9201
4202
5964
3488
5350
2486
9224
5191
2230
313
5290
8194
5554
4160
5870
6951
2685
86
958
7908
6236
7209
712
3778
422
7818
7401
7555
9408
1569
5626
7206
5042
1153
6001
1530
2109
7873
4783
4852
2076
1563
5452
2467
7959
2977
1470
7946
2082
9567
2582
1800
6592
7542
9834
9475
5165
5674
7727
5197
530
7457
929
9383
3321
5635
8361
362
4385
8156
9524
6017
8348
7191
885
1149
4655
852
3470
9775
2565
3028
201
642
7465
9738
5041
7770
2957
569
5013
6047
6471
7167
1758
4137
7368
6156
8163
7604
7263
2315
5103
3565
3623
6735
7079
4335
5384
6899
7290
3574
8705
4628
2214
8145
1585
7807
1308
6911
9614
7400
9543
238
282
6130
1210
8000
4155
7228
6860
1707
496
5439
2596
8349
3841
8250
4649
3973
1394
6715
4167
7553
5695
5255
9739
7403
5895
8262
8359
8658
2369
3987
1514
4993
8733
6284
8577
6989
8566
928
3472
4659
6457
1114
4121
4033
8618
3285
5194
1387
6022
3247
9887
1265
6350
3640
6851
5358
8803
9965
6405
5469
6719
3592
3271
9598
7720
4459
4935
3060
4329
233
1652
5345
9198
9380
292
1597
4209
2344
1480
9032
4053
4548
1377
1654
269
6858
1439
9884
3077
6109
7065
2893
3638
2386
6148
8795
7491
5023
5292
4885
6731
8109
6411
8949
9039
5783
6936
9496
9039
9702
7563
7926
8323
2062
2055
9113
7197
1800
2730
6830
1900
6790
3901
5768
3841
7672
7034
3440
4052
7561
4525
3355
5216
1109
5585
1784
6952
8028
6854
8313
1939
9301
6162
1850
4191
8136
4763
9901
1610
1477
1266
4008
5548
2731
6300
7867
140
7511
1096
369
7691
9705
4449
2561
5603
6601
4846
903
4041
4404
1889
7911
5039
1104
5502
4575
6697
4036
2824
7694
4501
4142
1163
6777
9807
4895
1669
4218
5082
9045
6436
927
3434
1946
3367
8439
9876
2684
3963
459
4699
790
1148
8221
5303
5228
2676
5948
9037
1801
7909
1998
3693
7852
2860
168
1597
5690
4775
1235
8379
1193
9159
357
2
6511
1325
6955
390
1389
7789
8642
5753
3810
9933
1875
4570
4495
9981
1376
4459
2236
3784
1180
2724
2406
3680
8349
7280
4168
6659
4995
4646
6195
6511
6208
5459
213
8666
9254
7384
7407
706
5199
6837
5093
6266
552
4963
1944
795
7294
2521
1791
4264
8466
8458
9524
5556
897
2528
9242
4668
8330
298
4897
4716
8564
8022
8245
6614
5216
5510
1616
7939
9304
6471
7242
154
8272
3439
6217
7287
5635
4874
3565
4816
5934
3564
1885
6058
9358
289
1219
9738
5647
9763
2938
1245
424
1783
9045
4375
9499
414
5579
6052
6945
3039
7110
2227
6995
3098
3636
8757
6184
8528
1953
2471
6891
5874
6119
4877
639
8736
9346
3738
7788
2955
9458
9497
4143
2022
71
9712
4351
9872
4917
6740
4473
6866
2518
3418
6469
9456
863
5911
4473
9251
1138
9899
473
5221
680
526
9637
5620
6895
6614
2213
2139
4149
3743
6348
1891
6008
8842
7851
3231
7963
1690
5728
20
5744
4427
7093
2321
5773
4432
4664
4514
8323
4394
1327
2949
2421
4771
6150
6921
541
2069
9703
3014
2336
4637
2480
254
6108
9178
7622
3946
6564
4806
1326
7522
871
3034
964
7636
5397
6191
8540
7971
9491
6481
4027
929
254
5746
3333
1039
6297
3571
2442
1300
5149
7713
4137
4534
4260
1091
6565
5097
8241
9930
4983
4208
4312
8018
915
8641
9066
2861
1313
1185
3653
5203
9524
4883
1641
6236
475
561
130
2485
8949
2648
9313
8500
1295
9432
7268
228
6019
9620
2986
6391
6076
7150
4465
750
4682
2061
7616
9251
1758
3900
6582
2461
9414
987
8127
6
6074
5623
4161
5945
6307
7265
8304
616
2934
7659
1737
6987
5228
8668
6589
3201
4677
8802
1050
2531
1113
6187
9124
1980
6206
8244
870
2609
6464
7452
2987
4868
2325
8419
1366
4445
7562
926
9134
8050
7812
3801
2781
2560
7295
4493
534
7350
8284
827
9939
2466
786
1835
6370
1895
1289
9686
5349
1582
9821
5529
7345
3743
2531
1342
7150
463
2198
2437
5282
5699
4277
576
1274
621
2440
5418
4265
559
4649
3509
9041
5892
7577
3755
8309
296
82
652
8650
6797
4205
7241
3337
3200
5217
9034
1677
8280
1904
802
2868
3951
4750
4099
9974
7788
5257
3122
1616
9543
54
8306
4892
7565
7030
8418
2269
2852
3996
1599
4906
6616
8576
1827
7788
4008
4154
5787
8884
3901
9655
8536
2573
5968
2558
1679
9893
8654
2035
4887
522
1766
7177
3167
822
3424
1790
6736
8570
2857
7532
4038
2732
5107
1230
5689
8973
8412
7365
4593
3310
662
7228
7901
3810
1108
9845
6200
3021
6446
8918
9321
6941
2247
9581
72
2250
4917
3407
5123
2324
641
9096
5172
7286
1747
1239
440
2969
3615
5850
7400
4344
7493
1513
3342
7790
4807
1913
1188
3346
1726
8359
8108
9767
9619
9702
343
3975
8695
3824
1208
1066
6979
6692
7816
7940
2737
5663
7093
5760
6812
4597
9980
8288
6743
9374
5981
4778
464
1979
1190
6251
1367
8005
7762
7570
2971
1988
3829
7413
8802
9867
9554
1280
439
64
4099
6855
3526
4808
4835
3682
6342
2038
8718
8341
5264
3969
9171
1504
7843
7046
3354
6373
1986
5493
828
7902
4183
8203
2838
6466
8342
3564
5664
5352
6170
9451
691
3428
9154
9076
3272
7897
9988
1273
6644
3689
4196
5270
7447
9595
7375
8187
7151
6669
373
4821
6564
387
177
9826
26
4250
7947
4345
6078
9402
5105
7189
2529
7217
7016
5526
3448
41
7318
8471
1757
2252
2466
5965
698
5320
94
7952
3892
6632
3896
5527
2568
5243
9931
1214
7576
1651
742
3961
9675
8279
1137
5960
1182
588
5612
2531
4699
6958
9884
2596
1719
260
7134
1894
7117
245
647
9649
4970
9634
9326
5776
2908
4614
2442
368
3948
7062
3754
9792
6056
9922
563
1739
6017
733
9835
6253
3114
4393
1289
9139
1324
808
2107
4432
2849
1801
124
4226
5630
3407
9694
1719
3629
8714
7579
707
7775
4628
7284
3298
1974
9212
1714
1088
9217
3602
3428
6621
6924
3201
3086
8914
3372
9343
2708
325
2392
9818
2924
3505
1346
2544
7346
9156
9624
8576
4479
1050
9070
5122
8635
3755
2615
5368
7508
3620
738
4815
6543
6390
439
1517
5079
8913
5933
1193
3683
4424
1667
7145
7774
6531
346
6357
3734
606
7528
5073
9777
777
4756
3600
4294
5820
5360
413
126
5626
9148
2712
6808
7596
4338
5106
2297
9795
4113
1685
7861
3319
7321
5236
6698
2999
4234
3192
4730
2264
2459
6207
1180
799
937
979
9317
2559
5396
1159
3526
9572
9229
8960
4653
1503
6663
446
7638
3658
2272
2378
7708
3176
2313
1348
6337
7872
1936
4504
5310
3924
2016
775
7387
121
7566
6341
6230
9951
6714
7847
5284
8660
969
5648
372
653
1856
9279
9141
3198
7668
3178
237
9429
6078
4560
9142
5479
4243
3746
326
7881
7345
602
6245
7715
6198
5925
4560
7918
7029
5289
8316
1596
6338
2217
9313
2800
3965
9529
5167
5475
15
2639
1192
2459
6947
4962
6413
1655
256
6497
1188
6344
5189
6683
2371
8143
5713
2999
2667
6668
4340
6678
9389
393
7462
9136
8746
9121
628
5775
3346
2144
4340
4761
3843
1347
2437
8934
7086
1361
7148
7289
4691
9308
7706
2297
3172
6022
5799
3452
7757
1892
7995
9003
3227
7449
3137
9311
4387
1825
1102
620
4774
3840
9381
4733
9815
2629
1495
5191
3370
3978
4037
6965
5492
6005
6473
7220
3633
7362
3815
6398
4508
7817
9609
1082
611
1464
5292
4227
7894
7904
7979
55
2065
3594
1371
2481
7127
841
1872
2944
4849
6237
9188
9565
61
6328
8700
4040
3678
3191
5522
1222
3773
2916
819
9640
9019
3657
1982
3064
495
6686
9669
1164
9936
6173
1372
6170
7496
7882
5751
6850
9465
1662
3795
7230
183
5698
9778
3715
6772
4860
6779
6220
5321
4223
1091
8631
7898
712
6188
8748
3575
4762
5280
3851
5408
3599
3862
7588
3660
8433
784
3329
2987
9890
1622
5680
9078
5999
4330
719
8486
8269
6543
7724
9639
2122
9220
411
2366
6630
4056
8574
4267
6393
2491
1152
2177
957
4742
9965
4950
1302
7666
5544
1855
9130
6886
269
6227
9958
9055
1650
3600
7094
3820
9239
839
3433
6143
2901
8676
2546
5301
9752
9068
2219
8353
3441
4682
7501
4971
7541
774
5297
2510
30
7264
303
6727
2247
4300
4508
7177
6142
4427
304
894
3452
71
8156
697
3
4362
3692
5793
413
9147
9399
394
4106
2839
1270
1358
5826
8579
3553
3316
9939
6571
5256
9112
8824
7221
1831
6183
2446
2929
6264
9731
5423
7003
9463
1156
8949
4358
2180
3108
2877
3678
879
8357
3073
6386
4457
9150
920
8899
9115
9976
1759
6869
6002
3149
7420
2333
5007
5586
3769
8307
1502
8685
1994
6815
8597
5837
1078
8495
1222
4583
7968
5978
9951
128
953
6811
2514
4662
8581
6433
8427
6881
9741
2375
1549
1059
7628
5913
6597
1585
3514
2705
8486
5126
6860
3397
2671
8721
99
2995
246
1866
2011
6579
8835
2462
844
2101
8325
2835
7328
58
9490
2
2392
5156
8537
6990
8551
7470
7913
1598
2976
7753
6730
4705
8685
3794
621
3592
4973
2551
6257
7248
3278
8414
5495
4324
104
1262
9061
9055
8368
4867
8427
7567
4011
3343
2486
1176
7523
182
5102
7627
8828
1841
9570
9424
4228
6148
9449
8295
3680
7869
3514
7801
2785
9194
7868
6920
663
7235
714
9242
3863
7202
2335
5376
2497
325
8077
9825
7721
7852
4795
7588
4480
668
8379
4885
9290
3410
699
8152
5972
6336
2542
1417
7327
1068
2646
6581
3316
7513
5694
308
3347
9157
1109
8747
2815
114
5177
6220
9570
3905
656
4121
7268
9166
3407
4032
464
2863
9725
3268
1246
255
1042
2999
6265
4610
6396
6223
6678
7853
4396
183
1107
5364
6691
5347
8198
9580
1948
9208
7357
1165
5151
1505
5061
9088
5988
2118
5738
6016
9713
7385
7543
3491
5146
2363
3853
4075
4133
4828
5436
516
4417
8530
5271
364
645
577
3289
5859
3950
906
1348
9079
9589
7868
8074
5493
9778
9544
5446
8961
9214
5985
2608
7163
6251
9273
8661
9057
2882
5072
2332
3474
7366
7729
72
9733
3087
1032
8044
952
4110
3185
5817
6478
3933
9407
6021
1546
8763
6150
1226
3955
8740
5916
8459
524
4028
8622
9679
2994
1681
2913
3676
3289
6228
1442
163
8313
9808
1715
6088
1323
7320
8579
6663
1507
3167
1372
9444
7239
351
6911
6963
2187
3372
6341
7041
520
4442
3453
622
3270
8543
5782
2066
1599
3635
4084
3883
937
1931
3397
9751
9630
4537
3675
5372
2480
456
6508
6285
3554
9255
190
8216
6733
1002
7071
1351
8222
2843
9750
5723
1796
7148
9629
8675
9542
2803
3892
1847
9944
111
7424
7971
260
5761
1240
6872
6571
6431
2752
8190
2922
7415
4314
3792
2749
4839
3883
2517
9018
7490
4277
428
9755
2745
2411
552
5011
7919
2462
3028
5798
8229
9904
8700
124
2228
8459
6624
9930
9977
9882
6063
4676
3265
4466
7659
1818
1794
7644
8738
6812
924
846
5948
56
6256
6291
9853
2344
7000
7662
6803
4331
1483
789
6771
386
9838
4238
4457
556
6661
8931
9907
7425
6331
9467
557
7730
1692
2853
9634
7515
1401
4343
4042
6559
7905
8506
5627
8582
4744
6642
4629
2849
43
6460
6506
7160
5354
6392
3866
9870
7565
5016
8685
7510
5282
5041
2227
5829
3950
1428
2838
7115
6655
127
8799
6774
7712
9592
2129
3078
3188
584
799
8376
522
1927
6868
9160
9146
8056
7887
7255
6454
6383
5361
376
1242
5117
6830
8084
520
8625
9734
3855
7845
6005
3009
8419
186
7691
7975
2447
6344
7676
8164
4177
9948
8007
7095
1720
4372
2385
2148
2258
7890
6305
3450
7536
7902
6610
9708
7270
2423
5367
6962
9298
4563
6663
7576
9696
694
7313
8780
1777
3844
4345
2712
2356
8631
7697
9981
7421
2926
7341
6891
3548
845
5399
8081
812
6383
6150
2083
9535
1978
4833
2293
9565
8450
1371
5336
1671
1108
6440
3588
6675
8019
3616
4930
4310
6430
4623
2788
3616
4727
8059
4308
115
71
7676
8012
3599
8655
288
8439
2283
2294
8516
9800
4399
2837
3312
6631
582
6039
4911
7803
9167
4343
7720
2761
5089
5629
6139
664
5571
3177
4053
1905
5195
9176
9292
1666
2278
2579
1345
8068
613
6802
6518
1346
5934
2514
6004
7391
1153
9482
4405
5590
8891
209
8879
1025
9311
8068
2292
9103
5066
3236
3492
6043
5201
9128
6902
7253
1364
3755
182
514
7693
1753
4802
1353
8639
6162
3794
1083
9715
1082
9461
1763
7444
7336
1481
8648
1923
4954
790
9230
6637
74
728
5749
9136
7277
3635
251
1153
9610
9063
3612
5024
9069
4485
5397
7286
3079
6978
5193
9488
4323
36
9745
4810
6208
4586
9708
8606
3970
9323
9022
9282
4975
7589
9399
8005
8572
3290
4617
365
1889
7064
804
7994
3414
8850
5191
1269
5203
6402
4475
5402
8889
9011
9820
120
7303
4331
9039
2291
3936
60
9282
7458
8731
3339
1221
2617
7514
5636
4111
5091
4465
5603
5734
1391
5358
4571
5431
9935
6082
1655
7587
5956
4416
9479
1146
7876
794
828
7026
7535
4036
8983
5492
6744
6310
724
4235
6193
6665
1758
4680
2315
7595
5364
3374
299
1052
6124
8704
8172
5175
1016
6133
5878
4539
2403
8865
1072
3093
8519
1115
4155
9196
8376
4922
6516
2491
8962
7794
7866
7835
5873
7646
1509
534
2794
6807
92
8582
7887
4702
9403
1863
2197
7887
9749
421
9102
3417
4711
1461
1282
9112
6323
634
4382
2046
6961
1259
8521
7083
4097
6930
2167
8004
661
2898
9485
7739
8863
7082
495
1784
2644
2566
2988
6498
6431
7051
2492
8621
4772
3331
5996
56
6076
2416
4225
3394
7486
4987
6347
8116
4417
7923
569
3938
881
4762
7872
3402
1489
7436
77
8535
8539
9043
4885
1719
50
6549
1061
1445
5186
105
8607
6595
7449
3758
7601
4272
1689
3273
8619
3322
8582
6690
7267
2691
2984
9410
8183
5460
9797
4863
9943
4408
8936
2237
815
7114
4225
7146
3492
2416
4456
1353
9038
5983
9480
3491
271
8679
6089
2070
6256
823
5020
95
4374
5610
2688
1730
1052
3826
9373
4227
2052
2648
1280
8793
7717
5286
5842
5241
5206
3408
3751
9070
5410
6224
2002
7466
8976
2742
1180
9576
1284
3735
2860
1689
7687
5830
7355
6213
4084
7261
9013
1828
8703
3679
6701
7982
3343
9391
1322
9053
8760
5024
9533
5916
4197
1823
7286
5991
5974
2326
765
2467
9641
6816
2827
8857
3744
9029
7060
2746
4020
9252
1787
9526
74
1903
9549
1555
1639
3072
6876
9493
5040
1043
3141
7439
8085
104
662
6807
4401
1132
5744
2955
2245
5194
1230
4630
8700
3822
4218
2569
8910
3109
7088
2176
3440
5594
741
3908
8324
545
5081
8588
3919
5468
7079
8665
5599
5586
1405
4781
4193
9987
773
1421
6239
1887
8345
7479
871
1099
8175
3159
8338
4585
4253
915
1651
8554
8538
1912
8572
7322
9165
5053
629
9772
1772
7064
2973
3779
4239
7916
1738
9824
1420
9952
2476
6528
8234
3392
3911
5877
5281
4632
4277
4876
7794
7762
3904
4749
8322
3270
2836
8625
4487
1972
2583
3434
2066
21
9088
4273
7491
4024
6696
8462
3015
3703
6882
5031
9902
2491
6642
2301
7239
9553
7418
8205
555
8540
2904
9690
6215
3012
6194
4185
907
3621
116
6204
6771
3872
369
7706
1830
8820
8754
4970
796
5574
5258
818
5410
4721
8074
5761
4652
8786
978
6009
1658
5157
7832
3742
2399
9549
3723
1354
1864
3149
8302
2226
1310
8081
603
6524
5994
480
1729
8362
3392
4442
1132
6308
5898
8351
2445
4521
7394
1321
3474
7843
8895
6841
4883
2130
2926
8480
496
7904
9735
182
6480
2914
858
1607
4512
3086
8637
5293
7322
2143
323
2707
5222
7606
617
6702
9525
3698
2017
9294
2542
7754
9557
3479
8656
3945
7344
7558
7831
7579
7414
195
1872
1131
6268
9886
3100
1915
6074
5828
6474
2448
47
1349
3673
9977
9710
6785
316
4100
1084
6779
8174
9216
672
1070
4663
1681
3088
6133
2636
7385
343
5498
9311
7322
4614
2690
9682
819
3297
4558
7142
3769
5987
3808
3635
3491
4949
9254
9564
7317
4622
7177
8592
5060
7105
7571
4016
1829
9423
3086
2210
8039
8918
9279
5092
9542
8293
783
664
2242
8737
6185
4827
5632
4889
5261
7629
5616
7047
4817
6623
4253
2900
149
1207
8070
3015
6562
3893
2348
7155
1440
6111
3943
7116
3677
6179
5773
9197
2226
4187
8228
9559
6468
3660
6488
5309
2358
2778
6454
1685
1888
2129
5992
1781
3473
1998
7022
9603
5307
1331
6684
835
5765
4292
8666
1001
6328
7563
5310
3766
5231
6752
8295
5273
9103
2661
7183
4853
6459
1250
2793
9750
6121
4625
5904
2674
1783
8520
3225
256
3404
6823
8250
9556
8953
1091
9701
6007
734
8830
2381
8141
549
1736
9665
3643
1100
8215
6883
594
3648
9451
8706
4714
2061
412
2202
724
6684
2521
5238
4558
4047
6348
4699
2016
4021
9756
8777
5422
4558
5264
2834
4602
70
7229
3661
5028
3924
122
8703
5591
4480
7738
6519
81
2553
5158
3228
736
7110
8012
5680
7508
894
2222
5366
1956
1760
9476
439
7847
1362
3112
1745
6271
707
6581
1896
6044
449
6103
5521
8810
6818
2158
3074
8012
4591
3834
9465
4634
7563
2168
6356
618
7984
6832
490
6846
8840
6903
8221
6233
7969
5003
1228
6060
1334
6076
1766
7644
5533
6199
3510
2855
8899
1267
1116
2110
1347
3881
2464
1507
2924
154
7771
6649
572
4892
5473
8738
1571
457
3998
9920
9617
4690
4703
2973
2815
5575
9261
4189
8192
5077
3613
6282
4534
6058
5470
2562
4888
8196
5338
1238
8350
8508
1657
1559
1563
2989
5479
5255
1199
6325
3203
3918
2300
2568
3426
6284
685
9705
3375
7049
7109
1834
2142
6682
268
7771
7716
9283
8502
9880
9598
9925
3204
6067
8881
3899
575
5494
4306
386
8771
5201
137
9003
4914
9930
2294
5617
3062
7886
3408
8740
9985
7659
7492
160
1217
2534
6385
117
3495
2803
8504
3909
6713
9076
5243
7098
8736
4278
4114
4736
8733
4993
1153
8823
3989
606
929
1152
8370
488
4069
4442
2692
9469
6106
8488
9658
1642
6423
7552
6379
8589
6160
2989
5917
8618
368
3162
8256
3735
6797
6512
5998
4616
5979
6668
7142
5581
3832
7332
4869
4505
4463
4302
4744
9958
8991
2271
1833
6753
1215
4980
7993
9115
7577
1203
3408
7310
552
8369
251
8020
8346
6185
9644
4517
8401
5384
2739
5273
1486
4928
7220
2267
6453
3681
7503
3834
7657
6528
5969
1080
3138
9748
5689
5729
6651
4639
4170
4685
3573
4023
4010
1260
950
9157
5804
3943
9516
6959
2512
7942
772
9104
8272
8479
1773
6302
3583
4706
4292
8321
437
6013
1362
3680
7912
2899
853
5943
7215
8708
4821
4052
2358
3241
5184
4473
3560
9752
7733
9766
2534
8582
8861
126
8359
2893
6887
3116
4978
2891
9178
8127
2354
276
7771
5545
7420
6627
6365
3660
9279
82
4557
6607
1056
6774
8431
2324
4616
7401
4676
8512
4535
5535
5851
870
3011
8398
6005
5373
4157
2729
7244
6492
4915
1789
7846
7580
1631
1786
1273
1934
2398
7767
9844
641
3892
1977
5731
5745
5297
9285
6238
9215
628
5439
4231
4139
7892
1968
7155
7289
1024
3700
6600
6044
8495
7214
2937
4954
3542
2102
6168
9548
9534
4677
5315
3476
6446
4707
5529
6374
7665
6550
1940
1491
3359
3365
9546
5233
9396
6853
8883
6112
1569
2881
7147
3195
3939
7687
3235
9505
6190
9361
7662
6790
4461
1101
7626
3415
6346
2624
7745
3947
1807
60
1182
8705
2084
1175
2402
4929
8332
3844
1782
8921
8342
9659
2475
4032
6595
8813
3051
5394
6956
7778
5446
9074
3996
1954
2968
4215
7949
3733
7609
9437
1049
26
1937
1448
7932
1216
1782
7179
2150
3992
8356
9226
8140
7312
3436
3909
8075
873
1522
5797
3937
808
8099
7299
883
230
9399
2114
972
1359
3118
6920
1517
948
2231
9414
9390
2792
4751
3415
9758
9151
8356
7591
3283
3160
3383
7783
5025
8510
7275
3768
529
6084
1745
6589
1469
3886
1193
487
4813
6758
2165
6347
7477
8671
3646
1716
2690
6073
926
4599
9612
3901
2272
8275
8500
3378
4714
2202
5389
7904
8798
1066
2224
1592
1385
7555
3382
186
8875
5432
4070
7609
8282
4459
6351
4141
9268
6911
2337
5631
3215
1998
5342
7672
2976
2789
8237
2136
2685
323
6144
9104
2881
5806
4955
2910
606
3913
4669
6807
7588
5107
3602
1630
8322
5874
8310
5181
5984
8419
9413
1630
2330
1543
5330
8126
1549
6405
1343
842
2644
2573
5127
7599
2918
27
2818
7122
4986
3924
1649
111
4465
5608
6092
6588
9171
2940
6207
2804
7759
9384
4810
3684
8572
6283
486
9401
7384
6408
1893
8716
697
1010
8666
6485
358
5955
6090
696
1455
5671
9026
9906
4481
6073
7584
8669
199
2421
8152
1188
8245
2718
9907
1922
1465
1403
5200
4245
7130
8789
9694
5529
6757
3889
7305
756
3247
3082
7156
4997
8297
9907
1413
9014
4734
1664
5117
6542
2343
4420
9811
5421
8541
6070
1017
3994
2466
8659
9319
2346
4307
7157
8536
5626
8691
9639
6223
1864
6044
7442
2706
2814
7149
4886
4047
6118
7876
5417
8562
2776
2214
4173
1799
5125
4574
2758
6099
7451
160
883
1769
6187
4335
5319
5768
6086
5589
9838
1364
9845
6831
6628
8002
2729
1146
4561
7542
9604
8002
6494
5481
8626
5527
8964
2773
2636
6993
7468
7337
371
2149
8935
6720
6187
580
8900
7108
2813
5252
8125
9030
2177
5851
7472
5194
7398
2984
6193
2710
5770
4152
5718
8181
8419
6968
2788
7071
6697
7595
4451
7788
8577
2393
4520
8311
3608
3959
4788
2849
3175
8910
1876
4142
1779
2134
3890
4605
539
8329
7402
3769
4385
5275
5128
7096
9087
4758
7238
8853
8397
9628
3716
5550
6690
4509
4808
6223
6017
1580
6924
116
521
3822
8264
4749
4552
1797
7992
8490
8189
3085
594
4568
8161
6340
50
7932
8165
4086
33
9856
7594
6732
1524
475
7598
5592
9636
5265
2859
7149
7516
8101
5712
3768
9628
4876
4401
9498
8706
5860
6506
5180
7723
6179
7796
2527
8030
6539
9014
4550
3875
9060
2356
4078
3489
6185
9259
879
9980
4427
6812
3458
7947
1429
7367
3512
9742
3033
3860
1869
9612
5050
9068
9648
3753
6115
8990
1471
7832
9984
5253
6742
1414
2919
2337
136
3754
9790
8570
3839
1598
518
3633
3510
1995
5822
6485
8350
2477
1865
8593
1695
6186
2585
9786
9520
8912
8591
6733
745
42
3987
6566
8241
8230
9685
262
371
2590
4456
2829
9489
185
3224
9651
6868
5304
859
6005
1313
5840
9411
9886
2597
1214
3444
4125
4626
6897
1865
3443
5569
6329
9875
8811
8056
1373
8090
4417
2353
5927
8552
4339
6265
3701
5811
6982
6135
238
7405
2424
3668
5033
1995
6904
3424
2077
294
7482
7005
9000
3403
2004
7396
6062
1068
8303
2573
9896
1603
6869
6371
5740
293
419
1785
7999
4735
9242
4715
5044
334
9692
6629
9449
6553
7039
3124
8655
1804
1874
9336
8324
6640
9448
7145
4726
6239
9634
2097
6897
5122
8204
2594
4458
2904
686
1404
1261
9572
9873
1993
3107
2882
7981
8167
1045
3668
8284
3800
740
7820
7321
2140
9165
4938
6432
1537
4017
5017
6724
473
7562
5470
4206
1489
3840
3840
8455
4875
5612
9143
1929
5904
7024
9589
4812
7495
6998
8168
3245
8457
2445
1452
5864
6681
4036
3941
2740
9778
5453
8750
6293
3070
7380
5452
539
7153
7288
2884
6069
4203
4618
3621
1405
676
7956
7137
9023
7908
2060
6260
1849
1936
3651
9394
6722
1259
9728
324
3748
2570
7737
4672
909
3474
76
10
6409
6754
4124
99
5455
5337
6576
6593
2595
168
3945
4638
7069
7296
949
2268
4287
8317
4998
1635
336
9827
5548
3673
4054
3706
5952
9269
4073
5034
4866
4886
3984
5065
464
948
8601
5969
6405
2060
9260
4785
1572
852
783
9760
8291
8294
5552
4086
7156
4392
1979
3339
8721
6767
3605
2303
3151
9756
4761
6623
401
9822
150
3886
2212
5018
1745
5174
9646
5382
740
9661
7865
7688
7762
3474
7760
4029
6882
7081
2515
2198
101
3468
2249
4096
900
9833
2726
2189
2416
9430
473
4034
4743
9962
4455
8760
1516
6769
130
7766
5885
2027
9372
7949
4753
7922
753
7305
7282
2214
8558
6532
6787
7536
3930
3425
7162
6002
1610
7828
8590
9050
4000
4392
695
6401
7712
3269
5626
4065
6161
784
9724
4671
7064
4544
4952
9030
4395
1918
7138
9406
8338
7278
2104
4576
9462
9798
8308
4509
9665
7736
1007
5929
7976
3564
6728
7996
8975
3750
3536
1196
317
5937
4820
6913
4003
7444
2799
4564
7559
4670
7306
9583
8933
6501
3238
1096
9387
2192
323
4556
9791
5456
1625
760
5967
6527
7040
669
3061
260
621
8602
5973
7393
2153
5244
955
6241
2332
2751
6853
8271
1062
7992
1316
2719
1293
7085
2914
87
7156
1138
755
1368
1491
9595
3068
7958
8934
4722
2515
1615
1202
4110
5648
9239
6940
4703
3748
8107
1404
1995
3407
6329
1452
8312
33
7419
2303
8387
7402
8351
2350
3937
116
2693
3061
6496
5147
5261
932
1822
7030
2383
4193
9731
864
4557
2547
1699
2342
1145
98
6181
9444
8279
5914
7332
6248
2168
3447
7134
6653
9264
577
752
6992
6347
427
3922
3063
8383
9171
4774
7906
5765
7452
2959
6254
1861
3617
5132
5598
6749
7977
9956
690
6281
927
6829
9704
1853
3713
8511
8494
498
5483
2500
7635
8730
4442
9705
2923
6820
5395
7524
9794
6887
8649
1734
8837
6548
6698
9667
7740
6424
7755
7970
3459
4029
3084
6198
4796
5182
5784
9442
7544
3066
2930
6342
4819
7485
5318
7075
3352
6521
4615
2831
6367
4924
1961
9214
2164
9085
5736
2550
6541
9886
8437
2977
4281
6297
2900
7980
6400
8891
8306
7585
7568
5881
4429
6959
6878
920
4384
7242
9088
2411
5783
1684
6843
6281
6044
4395
8271
7895
9337
9553
6947
3976
4681
175
712
4986
3140
5513
4914
5438
9552
2023
4709
418
1202
9820
344
4275
7029
1838
1818
1604
5044
545
9157
2932
9152
9733
5137
6791
9452
6395
7618
164
6588
7269
2869
896
7355
4277
8672
3729
2244
5328
2688
8916
5313
9637
6527
9428
86
2057
4868
9151
5626
6905
2917
7060
5387
4421
7002
8000
9758
408
4168
3920
5602
899
7955
7851
8108
5079
3124
3927
4849
4077
5012
238
4589
1080
9661
2543
194
8774
4953
6910
2277
5111
6278
9222
4888
1117
8719
7887
5392
9027
9343
8085
6415
8087
162
6864
3487
8524
7143
6969
4887
8378
781
2623
5556
2252
4216
994
7737
9532
758
4918
2296
9818
7082
4286
2926
5542
8957
4465
3804
2441
9699
3573
3932
8544
4545
3373
6448
2216
7240
1895
7548
238
2972
8308
8009
7034
827
4993
7649
8935
6251
2270
5419
3928
9810
9753
8094
1364
5695
8465
1125
8674
3149
220
236
7980
312
7566
6492
6580
9304
2248
1406
76
3031
6681
7248
6488
2836
9896
6738
7879
343
8331
3582
1484
8867
904
8528
5602
9792
9747
3082
5585
5887
7881
9240
8612
772
1876
5432
7152
7557
4571
1905
1135
7985
199
3239
9592
8308
7879
3539
4987
3749
5328
3571
1298
3891
8872
6309
1604
9663
2700
8220
8753
3557
9770
9149
4644
3193
5088
21
9672
4907
6621
1401
2773
6210
1888
6675
3577
8900
5280
9590
8445
5367
8167
4878
9624
2894
6224
7369
3313
4222
3682
3734
2706
4348
1691
970
27
3048
482
8182
6161
8080
3639
8088
8343
9042
7065
3741
5036
4195
722
1680
2885
2854
1339
2073
8347
337
4468
3514
4111
1008
2883
2744
7202
2445
740
1420
3227
2070
9108
5068
6034
5750
4320
7013
2543
8062
8223
1101
3054
4084
3917
6970
6241
6091
3716
5893
5564
2364
6573
4521
9475
3359
6502
5961
795
1190
196
5224
9562
7770
624
7768
8413
9557
1115
7878
6760
759
7502
5778
7931
9043
4431
9920
3134
137
9728
4715
5759
2773
7216
710
7188
6860
3305
6031
8901
4988
1877
9957
2429
6431
1026
921
2293
8196
6197
6457
3915
8021
5664
8727
4987
455
8123
1703
3731
8372
4965
3968
9378
4280
7338
2766
3844
9
1146
6164
1396
916
7853
5183
6435
4573
9357
5868
1210
4584
3906
7179
1653
3241
838
4991
1917
3867
7727
5576
4781
7562
7778
7249
4852
9961
9180
8663
5888
5573
1624
7008
9733
9752
5601
2042
6222
2196
2909
8170
6511
4918
4677
5623
8033
2092
944
1799
9694
3339
9214
3200
2509
5639
1885
7550
7184
9726
2955
664
732
1636
538
9786
5192
7959
2763
3665
2408
2789
1357
2417
6539
810
9088
8146
2573
7457
239
8372
9040
7831
7804
9721
6468
751
946
191
6699
9074
5778
4532
5929
5101
5641
5012
7511
3779
2941
4880
3201
7280
1371
4379
4018
8831
1261
5554
1902
8901
2414
3695
9387
121
3539
9483
9769
966
3493
4071
6827
6432
7341
2020
6478
6321
7124
3555
5235
5601
9590
124
4789
5921
9144
4761
2200
583
2318
9780
6922
646
17
6172
4313
446
6424
307
3865
5166
8721
8871
5703
7585
9626
5744
1800
3286
681
4392
5990
9341
2897
9431
3966
31
8269
4919
5691
2257
618
5152
3073
3203
9084
8139
64
9283
7949
5146
3526
1477
7403
1210
9200
8790
9881
7945
5779
8823
5457
5620
4275
7473
8498
3546
9496
3662
913
937
4920
1411
5158
3098
7423
4876
5842
8811
5423
9002
5458
6396
4273
6606
3343
7506
8719
325
6528
4677
6894
8044
2571
4149
4818
1521
8510
3427
1741
3131
946
2198
2314
5277
6438
4198
7465
2933
2894
3916
2789
9820
5474
9997
6381
793
1933
8499
2444
6941
6788
1146
9692
3025
484
1956
1169
4248
233
8254
8776
1028
3296
2419
5022
5178
8688
1117
4707
8662
5578
6678
1497
6413
8483
874
2211
4557
8248
1025
8029
1606
7174
9735
8638
8091
521
9463
9447
8138
7943
6303
686
8804
528
388
9483
6880
3099
2309
8448
3018
3020
2138
9782
8186
5839
9408
7991
7597
906
9698
6162
5807
624
5470
6538
5973
8743
700
4404
3065
4920
304
9532
3117
9360
5429
3768
5583
334
3051
6069
9867
7262
1892
4532
8129
3247
4572
5012
4342
8218
6578
1873
8512
3924
7148
9742
6677
8062
4204
1933
5607
6018
3714
7174
7048
3997
6170
3577
2701
6040
8640
9287
7489
2893
4188
2726
525
4001
1806
2112
1499
303
7357
3967
3811
9085
4804
5844
2623
1600
1361
5937
9457
5463
9132
8630
2445
8879
1820
6378
7122
2714
9687
1671
4715
5168
6465
9885
1295
72
6058
5046
799
5022
5193
9579
1023
3075
6323
2466
9976
7225
9233
2410
1036
2
573
1502
5184
5933
4730
9284
2332
5862
1358
7943
8123
2426
5443
9279
4694
1303
398
6879
6919
9459
8845
7542
2746
1302
8580
7052
7786
7931
8191
9394
6846
540
2584
9856
3496
3367
8547
3903
3721
225
1337
805
1145
1074
694
8903
8406
9578
5568
1983
659
2075
4600
6840
2078
9889
6345
9391
3602
4109
324
2824
6051
557
7093
7953
79
93
690
9408
1875
1802
6776
7703
2369
2235
8998
1802
3695
2362
263
5000
9374
4584
1953
7424
8259
199
3095
7940
1126
9988
5510
7234
6701
6030
1295
5057
5469
515
1888
3749
5151
6841
4077
5753
1501
2015
7882
4297
8262
6070
7567
1708
7091
2659
3774
5851
4482
3059
5977
3893
1929
6750
9448
1286
1266
6500
3163
5268
7229
3949
3920
2983
4987
253
1585
813
953
4134
6625
9246
8003
3077
4477
9252
9201
1458
8085
8979
7763
4128
2455
7626
5261
2077
8509
474
6196
9704
3306
5999
1038
2604
7893
8317
5372
8312
1087
6102
1056
9680
1
7595
4810
4479
8856
9758
6305
1360
3901
4138
8575
8218
7253
8874
9528
4725
8911
4379
7326
3665
5552
2400
312
6981
9513
5340
3634
863
5382
948
218
1613
502
3364
6251
1898
9176
4948
4533
3147
9977
8284
5232
1140
5991
6104
1662
472
1793
5564
4604
3636
1187
6825
6532
2828
8726
8466
943
4400
8202
8690
4652
2410
7551
5094
3090
9245
6131
4009
3571
6545
2184
857
9524
5151
404
1560
3634
4064
1435
6371
687
3470
5261
8311
6456
9392
5209
236
89
2843
3433
5404
7337
6256
238
4589
2834
6343
1749
8055
9660
6144
3609
5939
6390
7072
4159
6724
3050
8045
1951
13
3698
643
1770
3927
7228
4609
5691
577
8412
7790
2556
2951
173
4614
9741
9108
8689
737
8821
726
2069
4005
6971
9155
6616
3984
8239
5603
7003
9168
4689
399
4315
432
4859
1767
8557
7588
7142
5950
272
6783
5535
810
1749
7830
5337
9088
9301
3433
7550
5805
4427
7698
9937
1448
2668
8330
10000
8478
6537
9867
7697
8906
8518
2552
1612
6000
1846
4893
6492
3523
6815
9466
2819
7231
6463
8662
9885
9441
9216
2163
599
7018
782
2317
8699
1305
4268
5239
610
448
9439
9020
9832
5642
3463
6768
1755
2525
1645
9535
5956
781
3873
3154
7403
6587
84
6045
4549
9904
3103
771
7348
3699
8745
6877
4513
8221
1178
2385
6840
6530
8224
5899
7257
1165
8720
8280
8753
9337
2399
7167
9793
7189
5106
7432
356
9916
7729
8384
8519
9559
619
3016
9634
279
9268
4867
5126
2225
5408
8187
6972
7149
3092
1210
5012
2508
9175
813
379
4714
4512
8950
7860
4716
3501
8110
3836
4075
5201
8739
3321
5480
4182
1617
4315
3634
5552
2926
9054
7829
429
6886
7753
649
249
6760
2225
2129
6961
3035
1050
742
8571
1773
9008
4392
6996
6927
9954
1598
8058
6322
66
3803
1565
8331
3101
9444
117
9688
2525
982
9667
4511
9130
5102
9063
7416
4250
9740
4267
1024
7290
2969
801
9129
4438
1106
3589
2438
2543
1789
6661
2676
8133
7165
7231
6028
4242
7088
2081
2859
8053
4103
3002
5006
2712
471
3168
468
8551
3077
2985
1015
1242
5235
6904
1914
872
8015
4889
5906
9915
644
3935
9314
4942
4806
2250
3197
2880
4558
30
6675
7904
9924
4053
9425
6411
512
2097
7762
8377
2204
1766
1871
6971
1958
3530
5694
1676
4885
1705
3433
6294
1942
3954
1411
189
8085
2162
175
9736
2700
4026
875
7505
3002
5898
683
1676
2582
3017
8497
7620
8222
6768
3542
2954
972
8480
2906
6971
4087
258
9974
4438
4613
1788
7574
62
6365
391
637
889
8485
5430
5800
6071
70
7607
549
9300
4275
1429
9137
2686
8728
7402
8873
9406
2208
3426
1073
7105
9819
3813
3048
6899
7467
7338
6288
7070
8595
2587
2786
4934
655
4455
9857
2724
7929
5242
6964
3148
6230
6013
7186
3764
7727
2970
5974
136
3859
6294
5636
5327
2724
4660
1020
4608
4596
6676
842
5352
1051
1929
7376
6761
3045
8866
6822
2293
3163
4459
3369
3506
4014
6380
8855
3995
2885
2367
719
878
1503
7195
8498
5362
3541
4106
7914
7483
8832
3600
1554
8803
6119
9307
1655
5112
7793
8254
2700
9899
1641
9082
9038
7905
4347
88
7884
1285
7904
628
7958
1804
6248
2105
5215
3054
8433
9906
4664
978
9976
4760
4630
7479
9909
6421
9629
351
7340
8604
2694
7098
8114
7162
7776
7665
672
1479
9173
5251
5171
2996
2047
6441
4561
7005
7720
303
3838
2838
9948
8019
7058
4419
3339
1644
2780
1420
4525
5982
608
8547
8113
4893
8693
6729
295
9043
4664
2870
7771
9603
4317
5809
2816
4281
2329
8240
5546
8422
3313
6772
263
774
833
6719
6394
5951
5029
9685
493
1635
9186
3670
1084
7285
6344
8676
9147
4287
2384
8308
2453
5022
2917
6732
4526
4380
978
5181
7589
4208
5221
8520
2662
4382
9371
8631
2249
1852
7041
6388
3192
2682
9202
1748
9888
4519
8124
7343
4359
9331
9727
5196
536
8510
5884
3372
4164
4068
1961
2439
593
8770
7766
78
6091
5040
2812
8639
1920
4032
8907
3066
2630
4342
3258
8847
8061
9422
942
2622
8808
4085
5710
1482
5676
8152
6636
3482
3345
683
1947
535
7489
5793
1954
7894
9336
1522
7303
4159
38
935
7905
4929
5458
4105
2313
4608
7780
753
8658
6129
3576
6757
311
8977
9733
4338
7048
6335
8931
1875
8520
9672
3594
3541
3666
8660
7938
99
5170
3207
6231
2611
4623
9274
2619
4600
9152
8169
5188
109
6391
293
2485
3155
8763
3180
2284
2916
4625
575
4774
510
1853
5448
8413
2502
9879
7370
6779
2916
3179
5147
9100
1063
8061
9583
3854
669
6332
5636
6104
3519
1969
8279
6214
4106
2627
5027
4618
3449
6766
1647
1602
2946
8002
2440
5043
1674
9392
9619
699
9085
5709
1039
6114
8391
5233
9032
440
7948
8243
817
89
9584
8661
9848
4066
3443
524
2712
3420
6683
5366
8512
2864
3787
5829
3138
4144
1205
5399
9357
3313
8536
7425
7721
1138
1865
5864
6224
3071
7698
6981
5712
6383
979
822
4255
6946
2101
9146
9116
518
7770
4472
8784
5012
6587
2350
6922
8604
3036
2044
4850
2715
7861
2411
8229
1741
47
3476
9901
2521
361
1960
7244
3826
6174
3401
1551
4014
5134
7069
3545
6340
8128
1613
3586
6669
2730
6700
3597
6889
1477
9081
8465
9483
3950
3361
7003
9688
376
7346
6648
9563
1783
1564
5126
6406
5071
8143
6141
6114
5236
667
3100
7268
3889
905
7742
4173
6777
2219
7961
8984
2303
6011
2923
8903
5819
865
4473
6442
8966
3739
9971
536
7631
4549
2453
597
2751
2697
1991
7506
6527
9845
5739
2817
2804
5522
1965
7674
8036
5292
5580
7718
3848
6544
7661
2807
2304
6723
8281
5768
8414
3081
9159
1312
6244
9760
5660
5667
1691
1546
6044
8480
9738
8999
8105
2271
7465
4880
4121
4145
9326
6706
962
5468
2582
4622
3208
1078
5940
5838
2178
3204
7019
2942
7500
5541
9507
8126
767
601
6950
6936
8812
6668
9134
2362
6521
9212
7362
3799
303
640
8578
597
2418
7484
635
4930
9012
5126
1930
8686
3051
7256
3677
2482
131
2614
3978
1100
6566
6666
8221
4112
5846
1373
1644
7766
1548
6215
8543
4897
6453
8702
1394
661
9527
6228
8970
1345
654
6805
9170
2258
2481
4982
6710
571
8751
63
4712
9510
8970
8406
9120
3502
9670
8724
4563
6845
981
4133
1613
5988
4897
1277
4203
8329
981
8495
6998
166
2619
8241
7492
47
2314
6338
8810
1103
6694
1600
3310
8048
3579
1738
2423
1142
7637
2336
604
7777
133
5527
6355
5187
3709
6213
3498
5632
7068
3076
9878
5471
3889
2986
9434
2856
4581
1361
835
335
4174
851
9297
9380
8420
456
7933
2944
3454
8721
8212
2017
9598
1904
9523
3201
1327
2175
75
3434
1048
1342
9422
3545
1108
4137
5492
2257
3786
2530
7109
6927
7811
9607
9407
2617
2887
2954
7072
9175
9081
1543
168
2158
1159
6044
7120
2130
8496
603
9782
2415
4751
6151
1469
6154
4668
8952
1696
6981
4636
4500
6214
9675
2879
1282
6815
3016
5752
7915
1992
3843
8631
3369
8422
1284
2422
7354
4482
6929
1319
9877
2097
1158
879
4685
1404
7392
7970
8483
1412
680
8811
805
8592
4311
3235
2696
2460
8092
1666
5711
1377
2805
7884
7653
6318
3747
3384
776
1273
6330
705
2326
1182
7359
5981
7657
9346
6581
3178
9587
9479
9460
5216
2195
2488
2935
9224
3886
6468
7420
4666
8470
8665
3050
8263
6922
5083
8081
4059
8414
1145
1407
8074
8147
7418
3452
2964
1891
2380
188
2953
3450
2497
8665
3346
5447
9399
6741
4729
6009
2319
6805
860
7093
2601
7469
3013
5394
775
1803
1855
5667
1923
816
9086
6417
4822
9680
1467
7519
3006
4795
2110
253
2893
4002
8175
9530
7631
8308
1096
5808
858
4650
6151
1835
4146
4861
3503
6778
6997
4039
5838
8149
9816
810
437
5482
757
7476
4336
6627
1643
1698
8113
5378
4680
9407
8565
6558
9370
2460
9583
1093
3862
521
1711
8253
138
4166
5126
3314
9843
7391
5914
2819
1036
6323
6390
1178
7599
577
3930
8248
6252
7022
8013
1784
110
3895
1781
585
5649
4455
2267
7978
950
6048
3502
7444
5149
4097
2062
8061
9077
6792
3016
2193
442
2994
9494
7233
2825
127
4699
6285
4405
8996
4178
7265
63
9061
938
4954
5935
1040
866
2292
2719
1788
4305
4998
5029
9739
2737
5759
7351
6838
9864
7796
5828
2906
3209
2921
8620
576
4214
9898
7305
4568
4516
8435
3899
882
6961
6445
2034
6160
4415
8207
1103
7074
1109
8887
1214
2044
3277
8128
1759
9473
174
9213
1217
3183
9482
289
5402
4043
7829
4087
1423
9387
8810
6850
844
386
4457
7220
8261
9347
9265
7274
6247
5902
6137
9504
2498
3142
9002
1886
2625
4791
3320
2035
4575
9837
2334
6813
4116
392
5304
540
9748
9043
7374
9176
4886
654
4189
6512
9837
2651
8398
6202
9471
8566
7226
4832
1531
4381
1092
8030
7254
9288
4530
7765
6871
3089
9322
5782
8937
6620
6901
8147
2217
9948
7537
4596
3775
2193
6729
2362
2303
7621
6638
4065
6601
6549
2397
2013
1134
4280
2266
622
47
4623
5371
3316
7809
3073
8053
5747
9378
6868
1667
7618
1463
6807
2783
9689
2611
4431
935
7934
1425
6688
7075
643
6773
8547
297
3059
2561
5260
3277
5141
384
377
1880
1656
855
7353
2044
9576
1820
6713
9651
7844
851
9617
3005
5831
7923
8584
9808
6814
618
1883
5335
2667
7584
4643
3576
7003
2499
7443
6305
9807
9868
3621
7254
7187
1036
3873
9738
3836
3755
647
6750
7684
3123
781
632
8015
1947
1668
4380
3449
9296
7716
4756
5973
9738
3557
8216
4679
6745
620
7828
8055
3163
9321
249
3087
8413
6474
5955
2796
8897
1319
2800
4344
9819
354
8702
5708
7110
7160
9691
4372
3290
6410
7171
2401
8453
4147
4087
7551
3772
5739
8006
2532
7207
9542
1683
916
2458
1861
1345
5537
7039
630
3811
2769
6779
3055
7744
1507
2966
9418
2217
1262
7759
9844
9733
1719
1744
4982
7279
1822
3293
6138
6788
6715
7738
8604
8244
6966
5370
3219
7188
8440
3339
3080
821
7
5833
7206
8372
7975
8783
6956
2379
1797
8742
7909
1825
4495
2257
8503
5600
4395
3763
5924
201
893
4059
4377
7933
7494
6242
7452
4027
9039
113
4024
4719
6695
8541
376
1559
4403
8050
8820
410
5847
7966
9076
8333
659
3091
4667
2304
9205
9936
8469
5607
2074
7761
1345
1292
7797
3241
644
8179
1301
1464
9628
7646
968
1320
229
8159
2745
5611
9970
6216
1673
9383
2097
2449
5417
3867
4505
8280
5710
8784
7294
6317
8209
8414
8658
8399
718
8512
7741
4042
7738
6379
4933
7154
1968
663
4141
1694
1335
5957
951
5606
3106
9383
7416
3607
8521
2619
7531
6460
1840
3210
967
8555
9057
1406
6135
7498
2142
6641
5041
9481
8858
1205
2796
1105
5657
6583
2626
1292
417
489
471
2999
487
6912
5464
2847
2315
8693
9317
318
4409
4257
9494
3968
3740
9479
4058
5170
3369
8965
7898
1141
9652
2044
490
7960
7792
1177
7577
6048
1862
3555
6069
8081
7592
5261
5759
920
5968
9210
3894
2191
4949
6518
5110
466
7546
3208
9532
710
2243
3337
1300
8544
2650
7924
8386
3971
237
9544
8333
3737
1944
5329
2426
3261
8280
6540
4925
7766
5309
4306
982
4164
1609
9846
9545
8200
2134
5489
7821
9064
8345
1660
728
2542
7120
2854
7869
8043
1474
9702
1835
9884
1300
5907
8306
1055
9241
581
5224
4456
7449
2227
4450
7107
4048
8350
9109
7595
2689
6091
1319
8547
5849
2031
7929
5694
4091
2179
4105
9859
7450
361
4765
8757
5139
2515
3898
4734
7516
5788
2649
6494
3342
7750
4883
7864
9048
6768
8735
2722
5731
851
1318
6366
6732
6010
2479
3659
8917
386
8502
6546
8791
2241
6610
6015
7330
1135
4239
2743
2703
6600
4295
3383
4123
1433
5232
936
7739
6160
136
8869
663
8994
3288
1772
8513
1411
7222
321
3403
1288
5251
7083
5633
2851
2720
7601
6378
2983
5963
6161
9561
3725
1812
1555
4740
66
342
8962
3848
3438
9962
8588
4344
2848
2532
878
8300
3292
1696
3078
6079
8135
6069
3019
5601
870
808
5292
3339
1410
9027
890
8832
6869
5673
437
1109
2848
851
7730
1834
1031
4553
4354
4039
858
1631
504
6283
1883
2043
7599
4453
8633
3669
1309
6606
8937
5688
7721
3225
6
7941
547
6065
8744
4734
971
8901
7820
8731
5519
4652
4708
1996
2431
975
3839
3654
9164
4836
9647
3038
5289
6139
3572
1460
5546
2770
1571
7266
3884
983
4061
6645
7152
4655
8667
1917
9852
2363
2691
2234
4757
7595
6557
1048
475
8719
168
276
9432
2401
2563
9665
7747
2163
2279
464
8413
3884
9957
6585
2371
9009
3136
3291
9491
9378
8238
9642
736
9835
1432
2276
7740
2254
2113
4138
3382
8919
4213
3713
5733
2949
8286
1177
1509
1412
3128
221
3612
953
1173
1950
459
108
8281
812
9250
4588
7021
3637
9946
8025
4059
2905
7290
4515
964
4776
8309
9587
7411
8612
8412
7426
8111
4305
6385
3246
8951
8582
5421
8981
9994
837
5682
8478
4561
5462
9599
2699
7586
7052
7304
3471
448
7709
6298
6042
6474
4300
3016
9160
8312
6455
5250
263
5534
6954
2359
7611
1774
5216
7321
5869
274
5912
7857
3639
5520
3158
7671
9688
3941
4493
2916
1094
2018
3885
5782
6187
2284
3013
4458
5017
8128
8839
7810
2916
3287
3900
7633
7701
2991
1523
872
7971
8310
9756
6367
9095
3791
2548
7352
2355
1344
4332
4910
2202
3343
7722
8682
8404
5974
9014
6670
3772
8477
439
4245
2442
3727
4408
9024
2791
2293
3664
9576
4143
9994
6790
7782
6783
4400
4273
5126
6028
7453
8419
8840
6128
1660
472
8590
2161
8536
217
1658
7600
3424
2755
8544
9158
4167
6147
7981
6833
3557
9773
8615
7861
455
6150
5437
8322
1346
237
314
8591
8672
505
6877
897
6779
3759
9702
7066
8424
4896
256
5782
1573
9354
6732
5427
5042
6659
7788
1496
8384
1195
569
5006
8849
6598
6561
2070
8667
5708
267
9309
1026
242
8904
8916
5135
3718
2040
2988
4590
3212
9810
8000
2924
9948
3147
2945
4208
9304
875
5941
3801
908
5357
9858
96
1710
5800
93
2501
989
7933
437
4746
1638
4236
3800
1243
9271
5572
1612
1527
6875
6917
1962
9065
3853
54
8900
3804
4552
3358
597
2307
850
254
9836
9224
6315
2099
3108
2647
8298
661
6671
5798
9337
1235
8754
9121
201
4993
9651
3640
2248
372
1311
4759
9870
6772
4848
2333
4863
191
1599
2117
4593
2170
1956
9009
3106
8961
3223
5271
5594
5658
7133
152
7434
875
7086
6101
9213
1586
7993
1616
5659
2949
7655
4358
6150
5020
5304
8125
3271
2653
3161
1031
2402
8959
973
888
6875
2234
9243
6589
2501
7271
6942
827
7020
9117
2181
6191
2717
4965
5371
7671
1931
8387
4856
9468
2845
1496
449
2989
9704
3371
127
100
7778
6054
7103
3314
3847
7063
5369
10
4918
6534
7189
2771
8171
8230
5430
3351
7874
2671
2982
1161
8724
9592
9185
5141
2763
5842
312
1161
7984
1010
528
9792
9116
1205
9421
1107
7872
4625
4378
5915
9428
3518
4961
6321
1647
8730
807
4932
3096
2930
6893
8824
1280
3438
9059
582
3365
5534
732
1167
4466
9261
4281
2135
7053
270
9915
8672
379
3598
8755
2836
1791
432
5602
1122
6743
2474
6405
23
6406
6307
6541
7033
3508
1105
9639
1401
534
8921
6017
3615
534
4573
5329
8054
3167
4459
9330
608
4737
971
4739
5275
9087
4259
7244
192
1265
829
6105
1404
5239
3049
3718
8165
1862
489
7995
4250
7950
3929
8408
9274
246
9233
8485
1262
3092
8077
9244
3687
8876
6998
2802
5167
9822
5716
4381
6262
9874
7977
8452
8872
5986
9291
3562
6954
5109
1982
144
108
5159
1353
1521
3679
9436
8730
2722
6821
5276
3928
4418
5926
6792
4963
5260
2984
6476
7057
1094
3687
7894
2744
6366
4583
3725
6141
4082
4645
7503
1082
6983
1160
856
3566
1242
6452
9992
9248
6892
723
4575
7574
9251
5752
1040
3383
6848
375
4645
8671
3283
3934
3790
9869
2577
422
9035
3717
3416
3783
5571
9313
3368
8413
1423
291
6797
170
2455
6768
3954
2647
4935
8191
3909
1170
9495
2662
5522
6400
7083
9987
2443
1747
8775
8188
3364
8961
8490
3373
5368
4847
2201
5642
1721
6056
4060
5100
6364
3990
2185
273
767
5554
5670
7479
7695
6207
1586
9372
8080
2666
3609
6708
6079
4629
8631
4233
7954
4754
1016
408
436
3810
7127
8483
3208
5146
8921
4485
8517
7869
8318
2556
9384
8000
4201
9367
8073
2582
4751
1856
6206
699
7911
3416
4891
5558
7632
1224
2846
8251
1917
662
4975
1139
8179
2037
943
1152
9564
2531
8574
6900
9301
7892
7946
343
2794
1791
741
3471
192
6952
1471
7598
5340
9271
4312
1865
4017
2739
816
8780
4456
9332
3020
5455
7501
834
9051
1465
7249
4643
5958
6820
5141
4288
9040
2416
5198
8976
2827
209
1981
3509
409
3338
9136
1721
8684
9755
2073
2089
5938
9481
3754
9166
2322
5725
3813
6735
1652
661
5240
9586
8859
6300
6166
1324
8590
9713
1475
5703
6162
4153
4679
6510
3931
8196
474
8721
997
8140
2386
6458
1086
2489
410
2579
2361
9834
5747
5102
6786
55
8497
1350
2508
5612
6397
3601
9879
5384
2197
1089
1491
2765
1925
9321
520
56
7871
1221
2275
7649
4361
6989
9262
5358
6442
6962
3329
5735
6355
3348
9293
738
4264
9714
3167
5624
5469
3600
9317
612
1991
2582
8836
4584
7555
5821
8322
9449
8679
2691
5895
6930
8195
2453
365
6086
8096
3747
346
9544
8886
2324
3310
706
1781
1295
7934
5162
2923
5704
8966
3661
2572
1976
3608
3132
1654
5849
6697
5110
4929
8818
8382
6199
8574
2443
4224
2990
5987
9044
8825
9787
7122
8863
6539
9721
9288
2954
4956
9090
8456
8441
6136
4474
4170
7403
7890
7070
8439
17
1728
5492
3093
6052
9782
1718
4161
8482
2537
6797
8573
1998
2741
5866
5642
138
592
9305
7006
8754
3338
8075
3705
3746
8098
6062
1716
69
2036
4032
8779
7178
7444
2197
3001
2102
2409
7338
3277
4509
9506
2616
4245
1179
2817
9054
2439
7897
7831
5087
2012
2268
6579
7980
3205
3337
1623
7168
2281
2813
9504
8809
5617
9273
6653
7371
311
7186
8775
7574
9385
1483
5565
8796
9743
4138
3826
8662
6790
8421
7463
8042
6901
4396
1971
4283
1271
2935
1641
1044
173
2150
1
2629
4108
5852
593
7293
7134
3258
3030
9585
3161
5775
2579
4443
5135
6263
1617
3232
6978
9231
7232
5696
1195
2979
2307
71
4370
1140
2532
2405
4305
9437
6220
7193
5169
2507
9319
5504
2487
4656
1124
2445
9995
4178
1299
9590
34
688
1957
8586
8305
771
7554
7070
7464
2034
7097
6051
4917
7313
6264
3929
5534
9879
6366
5421
1377
3840
8484
8417
2875
701
1879
8847
6792
436
4530
7797
4021
598
9567
5659
8412
3031
6367
5691
6896
1947
6646
5935
5842
1553
3957
9704
2483
4454
6557
5303
7255
2966
8994
1520
7558
5274
5088
6169
3965
924
7633
3487
1757
2816
7240
533
5614
5462
4575
9176
3624
3344
467
6588
2026
7003
6599
7543
4307
9337
2868
6418
5498
7669
8876
8746
2421
7902
1241
778
8668
899
3213
5020
9236
8044
2063
2983
8102
8560
3529
2498
1423
7193
9220
1680
5945
4562
6755
4256
6408
1054
9562
5766
4202
173
5164
7556
9090
9481
7431
3580
3081
3640
3770
7323
2170
173
236
123
2881
3307
2715
9206
4805
9645
9571
8005
9349
9497
8654
1659
1000
2659
5171
9595
547
4635
7731
4764
2696
1541
9712
5261
1843
8902
2716
6677
8235
9438
3058
3259
5135
4534
3857
4223
8052
1061
5936
218
8113
6442
7099
1526
2432
4923
1238
3945
9817
162
4014
2913
7049
3940
5864
7955
8440
4609
7941
7132
4188
5030
8829
4080
5554
5134
9660
6962
2555
532
409
8068
4569
3904
4407
9029
4557
1911
3695
2875
2901
5540
7840
8770
8111
2318
4837
9745
2290
5293
5796
7069
1366
3275
9439
1098
2911
5877
6620
1933
7222
8013
2999
6939
7682
9538
1735
3422
2041
655
7341
663
2395
6243
2797
2547
8687
8195
3559
1099
8716
1676
1047
7469
7454
7175
5863
1376
4061
1530
1060
1158
682
5516
9149
9668
3887
4791
5452
5652
4023
1371
924
2459
8844
520
9580
5626
3971
8859
6599
9227
9614
9011
3102
4247
4878
4556
9254
3203
6793
4488
413
4770
8665
840
6746
7176
3080
2573
2088
8975
1605
2377
1757
7546
6986
6500
2579
2436
2519
8213
924
3288
4258
2713
3889
1023
4182
6817
3028
3910
5862
5231
9056
2846
6988
9483
8743
4872
4658
5619
5309
6100
3812
8075
9826
230
8752
6729
1583
4093
250
299
3106
8105
5265
7603
5284
3076
1022
615
1327
3861
7919
9948
3640
928
6484
9267
4877
4203
1072
4805
308
8041
6935
4951
2127
3739
4149
1053
2801
2001
3142
1978
7583
6609
5745
941
3122
5777
5365
7194
5495
8476
9789
9045
490
3465
3790
4342
2451
9206
8165
7944
8300
637
2316
3743
2445
4022
1655
7778
2068
7736
3971
3612
4752
2828
6333
5999
6841
6435
2716
3449
8438
4221
280
4000
1495
679
6677
2291
3663
7791
3998
3441
2968
702
8009
2592
3314
5076
431
5171
3142
7154
6977
98
8630
3659
2376
9038
5185
3455
9646
958
8430
9631
3974
3653
7746
7051
662
7774
9799
7641
447
7598
8948
3021
6274
1366
2229
1974
9694
407
7514
6178
7607
4111
7866
9388
3027
363
1603
7413
4217
966
311
6248
2963
6615
9759
2869
9501
4134
3691
5516
2137
9712
8272
2699
880
5037
2811
7517
9406
1706
677
8767
448
4605
9996
3275
9861
8556
8576
888
3770
2793
8170
9031
8654
3183
9899
5621
2849
1161
8868
1082
7391
3384
1340
2441
3823
4464
4948
2743
563
2350
6593
5717
4082
642
955
6900
1797
2113
8102
8767
7457
7811
5140
6694
8413
2402
2902
745
4285
1911
7956
9953
2446
8627
2244
5619
5874
9730
4395
1283
4966
3333
9469
9333
6188
1612
996
5535
5513
5440
1402
4834
1235
9835
1259
7134
5176
9574
1423
2099
3641
1797
2670
2674
4782
9133
9833
149
198
3440
68
4671
6031
2987
8217
6758
1816
7834
9035
8278
7014
1261
8180
3989
21
8968
4639
8698
8950
6785
8336
5908
1289
7071
8848
9607
7872
5664
713
1695
3036
4447
7791
5234
8908
1723
9476
4505
8821
1112
5327
8699
6352
5553
1513
3616
2359
4325
1830
2774
9049
8876
9722
2440
9498
5185
8327
3291
8773
8424
4698
8834
7114
7238
2961
972
1555
3419
1480
7804
628
2644
63
4090
4671
2395
3602
973
8559
196
6876
716
5304
1839
7960
7837
957
2367
1189
1429
6209
2143
9840
7171
2510
8022
5751
2378
1348
3028
3003
9566
6050
1085
7776
4012
8488
2297
5942
7865
3535
9700
372
175
2514
534
8392
8546
6929
7154
5037
8378
9301
7502
7153
4955
7769
6725
9587
6492
6806
260
6525
5784
9482
741
2700
1343
6085
9871
8553
8673
5101
9627
1110
8463
1492
1555
1505
3999
3346
6784
5536
3728
9201
2779
5074
4561
9847
7814
7055
51
8067
6199
3930
7498
6506
8780
432
2303
4846
2995
8309
807
9476
2723
3761
5141
7454
4924
8252
9546
694
3801
3237
2971
8021
7240
6415
15
5957
9016
9919
9549
9452
760
2754
2547
254
6880
9075
3412
5220
7467
4667
2547
7822
5969
2117
3895
8765
3126
4036
3147
4169
2961
7792
3095
6940
8549
3180
8331
4240
7121
4408
5716
3091
9342
1598
4172
8156
9037
3285
2706
3268
2644
1093
9705
3561
6079
2775
9951
7028
778
4224
3246
3714
8492
3919
2270
3453
577
8249
8101
7447
4207
960
2208
2429
3694
6238
5374
8976
6714
5041
3968
3569
3939
856
2251
244
561
3859
8010
1572
9762
127
5513
3422
5161
9344
1044
7645
7672
6157
84
1634
6415
3786
9083
4746
4925
116
9211
7363
2836
8034
7704
3755
1961
812
3182
5454
1143
280
1916
4737
9320
5805
8143
6307
1588
435
6372
4602
9705
5785
2459
2585
4183
6333
6263
5916
2730
8338
5074
4631
1697
4460
7005
4129
2600
4636
855
2624
2410
6935
1022
9484
7934
9949
3924
742
1317
9843
2917
3743
3082
209
43
8461
3356
1664
5215
4331
3669
2967
5012
8139
1036
2482
812
5943
4323
8880
5900
1336
9152
3807
1021
6408
9240
7062
3416
209
7233
9972
3691
5766
3695
5523
9711
8600
1838
6957
9642
427
7357
2833
251
2783
6444
1897
8578
6512
6417
4305
1566
8578
6567
6596
1333
5360
9858
1430
2485
6981
9558
1005
4036
6
8866
7835
9169
7359
87
2932
7549
9734
535
9270
9664
1966
6949
8034
6330
687
834
2681
5369
2470
1243
376
5240
3140
6256
7371
7142
2606
229
7802
8213
6628
5194
6499
7038
1025
4056
8399
9783
860
9845
7053
8885
3038
7647
6332
7214
8680
2856
9999
8432
1554
4747
6268
9525
1704
6661
8634
9412
7433
8614
8339
5940
7336
9526
5392
4284
3111
81
6719
2379
6840
4334
2134
8815
999
279
2387
3812
5152
5264
5267
9260
9676
7528
6678
8311
9878
9533
3079
6272
4438
5851
425
4914
6396
7078
7723
5420
4116
3141
5195
4761
2047
5261
7635
6672
1210
4684
3178
8477
9042
5921
3294
5993
2509
7554
6331
5269
960
8175
1852
8471
872
6493
1427
3336
2015
636
7424
1801
8384
4902
7312
2508
5572
590
8237
1067
4764
5694
8452
61
3280
1322
6765
4948
4059
9475
8205
7543
9877
5232
7778
9470
8619
7200
8698
5263
2639
9610
463
536
7027
6570
8549
7032
5138
1562
9565
5991
4128
1379
6847
2259
3685
8530
8195
6529
7624
6750
860
1341
9590
9295
2071
6024
4722
5375
4745
4774
3497
5706
6412
1068
5764
329
6763
844
9067
1367
2166
1366
2586
4923
1861
5349
6197
8646
9077
7811
6675
5738
1501
4296
1810
4979
9958
1065
7395
6848
6895
5102
1027
351
4912
52
9855
541
9396
7387
9651
1050
623
4433
2443
4739
610
2899
4963
9466
6695
984
7077
6717
8169
9958
4977
4802
9681
6881
8660
4128
6056
9156
6493
3054
5396
9542
7928
71
7854
2218
8568
8115
5839
9459
2126
2932
4239
8885
3623
2814
1770
9720
3854
9184
2246
2503
39
2482
2417
8418
6184
9499
8578
189
6025
1463
5509
7044
3535
8016
1389
6852
5112
334
5270
1008
9308
2253
2992
9355
1489
866
7888
5661
8804
2972
4130
6507
1953
2487
6908
817
1121
3288
9747
9125
8559
1300
3132
4306
1305
3921
1367
8170
4928
2899
1791
6573
5415
9346
1011
8374
7693
8916
5014
7490
1974
8683
2654
2200
5488
2804
5978
31
8552
4337
820
1289
1504
9014
7859
9983
6376
9761
4932
6948
4512
9422
5091
4602
6486
3448
1957
2313
6849
510
3399
2424
330
2364
1903
6087
9759
797
7276
5139
964
6788
2143
6662
5548
690
8916
3019
6084
9864
2586
7249
6212
9852
2284
1105
2893
7558
3789
8810
1092
1569
2403
1019
707
4407
5510
9091
8156
1658
2718
344
9977
9887
7707
1261
5887
4346
5440
6094
6065
9531
946
4810
6642
35
2019
3434
1198
494
835
1553
8746
9046
9630
6618
4231
1308
408
1545
3494
4633
4397
9139
8219
6493
1312
2768
6882
707
8725
3029
7004
836
3258
206
5107
5963
3889
9760
7100
5360
454
3982
8251
2478
4224
7065
8662
7264
6861
4967
2478
1426
8454
219
1880
7945
8870
674
6230
6296
7658
688
9829
1307
6925
3348
1381
9110
4622
2273
363
4461
3304
2784
5256
1875
1472
9412
6509
3274
8942
372
8356
7509
4931
6228
1511
9263
5058
4640
703
3650
7486
1845
2621
3447
6205
3547
7121
9119
1912
5931
5386
4060
39
6737
838
9618
8943
8382
7168
6421
6773
4798
5870
2634
2064
755
2548
6642
8429
4740
4522
1179
5429
8630
3499
407
9563
6905
8833
9778
2338
4283
9268
6566
1449
2551
3026
4526
4540
7854
7645
6037
5762
2825
5113
72
5879
8155
2747
3089
8626
1674
5160
3617
1696
4104
3605
6738
9655
7404
276
3992
1334
2425
4913
5080
3371
5380
1532
6808
355
4768
5613
223
2962
8593
9108
902
5679
4107
1307
473
2402
7248
8392
7274
5932
5375
9105
8251
5582
9607
9988
5312
6195
602
2042
6747
8269
5480
1077
5565
9807
3979
8004
1144
1982
4041
8761
3548
9090
4888
6008
2688
3432
4104
7667
3878
745
1582
3411
2892
533
1488
4834
7460
5130
2788
6026
4871
4738
2152
4228
1466
7655
249
223
444
1387
1370
3388
9642
9441
997
2809
1099
9167
1680
9197
1455
6071
8507
5896
6890
6853
4641
8767
1138
3647
2516
7663
6117
2578
1551
7515
8668
4415
7593
5006
1105
3391
8634
9443
4696
3180
6385
5289
5860
7891
7228
3658
5444
3587
459
9431
4640
7061
4619
2809
8200
3476
1731
4327
1240
4286
4636
5206
1603
4820
7510
4081
3159
5715
4116
9925
9181
7218
4778
8647
3430
1539
8375
3691
5679
2753
365
2373
8504
4973
2203
9698
8747
7822
5435
9983
8789
6495
3370
1886
597
7225
1648
8854
3799
8799
4568
8486
9271
121
8386
6604
7439
7919
5436
5469
5263
927
4428
3302
1453
4858
6981
1144
270
840
8098
7889
5180
9646
9187
9795
7451
5302
5698
5929
9045
2040
9336
9244
173
9827
7241
2212
8345
3778
1887
4144
7226
9313
7943
4055
3661
8732
4071
3441
9315
7867
261
5343
7287
6287
9423
5681
2044
5547
1747
2842
4200
1275
2476
2416
6385
5950
8879
1268
6870
1534
6746
1896
4096
6002
4599
3804
3995
1451
8589
8599
8860
2113
4833
5223
9634
5020
4471
8501
718
6889
3731
8090
8446
9050
5831
3847
9155
279
9825
3598
7322
589
5879
976
7313
1060
3325
1684
5076
4000
211
3354
2664
9365
3359
6306
4119
5694
3409
1613
409
3792
5468
1176
6715
2480
6272
6838
7290
318
645
805
2377
3662
6667
2806
6337
5330
9007
9439
1391
2513
9186
5160
1013
4431
9431
614
2751
6024
9175
2978
4867
3967
8780
1953
7447
3611
4169
236
4063
8196
4491
269
330
5989
4469
20
2958
4395
5003
8682
8457
5937
5533
8539
9164
3751
3044
2140
9572
6624
3261
8750
9963
1638
7265
2087
9935
9503
9219
7610
3564
2702
3270
6758
1983
8621
5180
5882
5362
6206
3684
7841
6357
1422
829
6785
52
9459
3132
4180
5361
2521
2501
4106
4429
7315
8206
7142
4431
7608
9750
8397
8609
5313
5981
8129
9208
6991
745
7596
7741
5957
3703
5244
2909
4597
4438
2395
3829
5846
1626
2387
7947
6229
3107
8072
700
8233
8072
4036
2018
6017
5533
757
8614
6570
5532
9695
7016
7529
275
2792
5354
525
7878
4964
3189
2470
8559
5238
9676
8517
2739
9939
872
1438
2765
928
655
8044
5310
6228
7738
7014
8010
5887
1818
7259
8591
3217
4053
6363
9781
2161
520
4794
8289
2740
8586
7793
4092
6132
259
3724
6615
7527
2570
5527
132
9922
5975
5610
7130
3869
523
1975
689
5545
932
7438
1651
6658
5774
4838
7905
8422
1762
4814
7778
6208
6536
6789
5225
5761
6581
6
6882
6403
4092
6603
6904
230
6732
8197
2848
5294
1458
5878
7747
7738
2768
9564
5798
9026
7996
616
8919
53
6919
4653
5086
3114
9142
920
9300
4109
3120
8974
4438
7452
8434
6725
4639
1349
8047
7988
4212
2297
4421
9537
5711
3710
5283
393
5462
6035
2701
4204
6479
5326
4592
6649
2993
294
79
9906
5880
6136
1689
1478
9943
7843
3219
3326
5168
2670
3799
112
8774
4973
8716
4535
6593
2732
7722
7919
2531
3183
1329
8414
3107
4143
588
3166
1621
7477
6951
5918
6283
2444
2875
7599
9498
3347
4362
7667
6516
7074
6449
9981
9984
200
3455
9307
7658
3159
2433
3367
69
8279
3140
6766
565
975
4700
515
8740
6593
8253
6626
5355
7044
242
5782
6504
3567
8499
8696
4117
8820
3578
582
769
8748
3235
6906
4885
2628
3806
2172
4443
2287
220
8895
4192
4487
7588
2583
1640
3068
6261
6527
3248
8883
9787
9758
7084
7631
9304
9917
7963
5342
3922
7608
7696
8079
1187
1070
1236
3755
5352
7310
3655
4798
8515
9353
8894
7477
6483
6489
7665
2420
7968
7315
4427
8956
8775
145
295
3336
9993
3423
6855
7362
9169
8539
1253
834
8938
9347
1299
1080
5721
9423
2658
7949
5624
1040
3053
749
8056
7446
3872
6012
9527
169
8108
522
1821
782
3070
6710
6109
1351
6382
6292
6437
1411
8259
9564
1316
2459
9947
540
7778
1603
5960
5571
3422
8352
3658
8018
2969
3195
6860
9593
3671
6742
5903
3005
5184
7459
128
126
1987
1855
5096
103
3647
709
9666
5633
6253
2555
5250
7467
1117
9058
5039
3766
9731
7331
1662
4579
226
2438
7031
4670
5366
8109
6044
8512
8286
5586
8055
1943
5894
8787
8290
7878
5134
2147
7015
2156
1695
8169
1382
195
5760
1511
6328
4400
9100
7251
1090
5916
3453
2066
4185
8169
2426
62
2549
377
5367
728
4784
302
3607
6852
3766
7512
3925
7417
8212
9277
7916
8788
8297
3951
9418
9296
3243
4003
903
7168
263
1911
316
20
3415
6732
5745
8036
8998
1681
5040
4493
3763
5324
6687
8035
6801
2277
8618
6203
8935
3121
9188
3438
4278
6143
5186
8779
3404
3716
5409
5708
6201
6345
1147
1916
8727
5584
5126
7535
762
7056
2681
3267
9340
2383
836
5206
797
2354
7592
9386
9499
9470
4134
3992
6168
2702
7797
2074
7281
527
9184
919
3014
5336
2038
3814
7930
2590
2107
3475
5230
5399
2698
1369
9812
2121
5035
336
4064
8714
169
3283
5387
8592
1255
7746
7748
2901
7230
2662
28
7614
8471
1201
3976
7945
2542
35
5439
1425
4845
7622
3854
7038
5358
6980
204
747
5888
8060
2944
1329
1310
2719
6766
1960
9655
5995
3843
7809
2568
1674
678
9282
1625
9619
748
7143
6223
6037
3617
1098
3130
9665
8231
6689
9374
1693
1635
1157
871
6903
7839
6288
7314
8675
3952
1130
9411
443
119
3119
4392
6538
8453
1112
9388
1346
8405
4622
4147
8421
4413
4065
1447
6687
7504
275
8926
125
3976
3755
87
4463
7231
6570
8966
6908
1997
3365
95
6063
5024
6712
6622
9211
3595
6383
8593
5502
8544
4342
1495
1149
3748
5833
3898
1686
5055
8802
1260
1431
351
4446
6344
1637
8417
6484
9138
4519
6277
2597
1583
2424
4989
5740
2169
7933
2063
1273
3527
4983
7623
9587
1246
5921
9773
4640
3315
7009
3660
1296
5295
2636
8142
4596
4437
9786
3690
6434
8061
5803
5900
8676
444
2963
9181
3323
5888
857
5869
2352
8853
4419
1873
8808
2873
6388
4122
2161
7355
1804
4017
7603
43
2889
3932
8418
5248
2515
5719
7231
4163
2360
3864
9981
8906
6190
3855
4329
3436
986
9968
7418
8115
8572
5676
665
7700
325
2705
1206
4410
2754
4660
3758
5724
8330
6527
295
3639
3892
3876
6707
3089
3121
5701
8757
2013
6123
9809
5464
8175
891
3163
1963
5055
4648
6735
2198
7631
1141
609
7591
4909
3265
9874
8615
4255
1928
2409
3335
2398
4258
712
293
1402
5310
8155
8680
9066
3457
1448
7884
3864
1721
529
1612
3795
6589
8408
634
9623
7605
888
6227
2476
4835
6015
1798
132
9379
3058
3521
2739
7951
8829
842
4106
8054
4821
3133
175
8972
7329
6825
5591
4437
4813
5783
938
4303
7672
6516
2648
5065
6264
9720
7637
6314
2519
4974
778
9017
9417
2125
2411
5975
7024
9036
2901
6563
3484
7639
8877
7551
4735
2916
2076
9980
855
4248
8
839
763
4726
6780
2927
1675
7484
1136
1455
1862
9487
1892
5177
3615
5795
9099
6323
2518
3380
4768
9807
4720
6524
3934
3595
2652
8886
9859
950
3349
7463
5141
8071
1321
5960
9634
2868
1961
9688
12
5264
3576
3217
1931
9214
4541
7901
3990
7591
8531
4964
7597
4027
2478
8052
282
6153
9963
595
1056
8324
1136
9883
1830
2145
1133
5307
9801
2637
3497
6099
2999
923
4538
5837
7002
5042
7103
3302
2422
1042
7615
9907
2746
575
216
5337
4085
1415
8874
3239
6710
507
3728
4405
3366
4417
873
4752
5434
2656
4575
5450
9078
5118
3929
8718
7691
8280
6646
8091
4020
730
9817
5777
3275
426
9479
9030
5032
8076
6940
132
6630
7578
8843
7100
7537
3177
9029
8293
6829
6794
2215
8788
6410
2107
647
5696
7570
6403
2935
3249
317
4816
3831
8727
5818
6099
6136
5544
5117
7564
5293
8867
2047
1106
6671
2643
1154
7948
7413
2100
6641
9901
5401
8656
3267
7049
3556
4063
8390
1428
4522
9003
5318
4312
7723
9015
2993
8501
2365
4005
9859
2874
3165
4914
878
9238
5124
2538
2496
210
8901
6099
3290
796
4516
7128
3483
1677
8119
166
8241
9748
432
6363
7508
6114
2015
121
3778
1017
5896
2000
9434
4021
3930
8396
9784
8911
4688
3281
9315
7848
4538
945
6196
6247
3935
8567
6567
1764
4569
5522
75
8196
7838
2056
3817
4876
1625
3400
4651
3442
1147
5202
9589
6826
7526
7967
9187
7293
5350
1406
2596
3948
4471
3656
6350
8898
4442
355
1810
7585
305
3038
6400
630
9365
8431
5072
9658
1321
7810
1075
9327
128
1854
5723
4780
8693
6044
1581
6010
9880
2347
5556
9936
9562
5427
6267
1436
3170
9299
5539
3035
9763
146
6545
8516
2307
7272
8787
7608
7672
4056
7075
601
8981
6407
1834
3864
967
6194
1386
5052
2399
9377
9456
7169
3408
5999
9703
7874
9203
3183
5084
1364
6757
4370
6197
1943
6672
4771
4017
8105
8469
3426
3046
8959
743
906
3233
9660
466
6754
6346
1430
6696
2495
6448
2675
2717
4898
6129
480
2233
1855
4212
3073
5132
9777
1945
2486
2108
3112
6614
308
1138
5193
5302
4930
1019
2871
7299
2187
3922
3489
7601
5178
6260
2684
1826
9441
6631
9073
6692
4461
8816
7542
7160
336
3608
7959
4697
5946
1571
9566
3750
1474
1430
43
7635
2614
9742
3920
1123
3457
7540
1811
7163
475
3855
5626
9970
301
6000
8920
2420
5252
252
6267
5172
2649
9486
1660
8851
5944
7259
3584
8557
5596
4105
9452
6067
9735
4655
9927
4660
3845
8928
9746
4893
2575
8466
6365
5858
7230
3101
4022
3217
9173
2294
7620
9314
2319
1133
4133
4186
951
5507
4800
2366
3824
7180
7942
8080
8709
1298
1167
6057
2176
4399
8394
1746
3620
4294
9760
539
6744
4457
9231
5004
2315
5049
8403
1664
3446
4828
4013
3235
2170
8537
2207
2551
1638
1957
556
4803
6638
9942
8535
4560
5574
6808
7206
457
970
3582
3291
192
5404
3520
2294
2609
4330
9290
7181
3699
1335
2468
8260
179
3747
8295
3316
6914
5204
1564
696
2033
2281
4923
1724
6747
9286
7479
957
9006
4291
6694
7
3687
7299
2259
7763
7835
517
5361
1052
9589
8895
3746
8481
3553
1392
5637
7280
9119
490
3303
8697
712
7297
7460
1459
9381
9801
14
3797
7691
5198
1580
8141
1286
1766
2427
7777
6320
4268
6935
8858
1302
7705
3453
3010
4309
785
8056
1665
4864
2225
8177
2872
6391
4639
4465
2994
4923
1303
6513
5133
8767
528
3382
2772
3334
9266
7409
1592
8807
3260
1371
2749
3783
7835
8825
3037
5173
904
8994
2080
4266
6214
4359
3395
7472
4157
9750
5797
4006
1659
2468
1338
9412
7926
6497
8286
3494
8504
4688
9170
2219
3639
8627
8216
8939
4283
7547
5991
1994
9173
9392
4780
9717
3265
5352
6899
5421
318
1383
9121
6078
9592
5811
9756
2087
7713
6071
7806
3042
3711
2433
5620
1380
4346
6626
646
2854
3424
4143
2849
6135
9481
4971
5028
4578
5456
7365
7270
9292
9511
3844
7732
7554
1771
9552
6617
3302
2154
6002
5576
4204
375
8206
5536
2355
4676
5283
5995
4988
753
9329
8709
8527
5388
769
9284
4485
3609
7474
4445
7115
9108
4571
7766
2694
3165
7012
8892
7450
6026
6105
4258
5814
9902
5508
9660
1331
9807
9406
5648
2323
7498
3824
1972
7052
7999
6679
5094
476
3311
3385
515
946
7330
2898
1917
2589
1961
5723
5392
745
2567
9025
1966
8761
2093
7533
8529
2490
8309
2799
3365
1460
1110
1604
6927
2140
2924
4010
5964
2949
5632
2390
1660
7915
4664
5092
4111
5235
8529
4976
6836
9663
6955
5716
1400
2213
3108
2854
8481
8603
8306
200
2650
5271
442
8944
1134
9509
3898
872
5995
7785
2182
7868
7881
2434
3372
5330
8609
821
9609
3695
7753
6243
4627
3142
8205
9764
4796
3951
5294
3940
4006
7206
1946
1013
7542
8143
6092
7418
2688
7700
2295
603
7123
8917
9345
1938
1957
6736
4652
3927
5015
830
7641
8859
1327
201
5580
3887
1690
6170
5562
483
1252
1610
1680
5700
5118
1487
318
1525
254
3814
4125
5969
8010
3062
5352
3934
520
2732
2830
4149
4019
8430
1749
3581
6421
4298
3321
1831
5609
1047
2533
7693
5426
8521
4036
4339
6667
9747
2065
2074
7048
1314
694
9671
9840
926
7086
9306
324
9164
4684
6585
6236
569
8191
2017
6324
1710
9286
5571
2347
1824
7007
1795
2389
4829
6043
4475
2958
5863
8056
6205
5447
7333
8131
2688
4561
2316
5174
2736
2040
7642
6720
9234
5665
2690
4425
6663
5737
6171
105
6614
4703
771
5052
7818
5569
4360
3703
7197
8159
7021
4802
4882
4402
5351
1226
6923
4563
5328
7544
5531
5336
5247
3614
9008
1365
6243
1761
8487
2435
629
6348
3400
7439
9088
5832
1716
136
4650
9546
3447
9419
4814
8535
9682
1718
7001
3001
3892
509
6125
899
1695
9930
8301
1174
2339
1757
6877
8341
7180
517
4966
7075
7022
9288
6706
5360
81
2202
5344
7952
4291
7043
7054
1406
5667
1946
2261
4067
8753
9373
1311
7265
8955
9073
8657
6058
1374
500
4141
7304
4816
4590
7990
7618
169
4393
8380
1972
6040
7232
3483
2159
3489
5179
515
2050
8149
4040
133
3633
6233
7051
9706
6441
4898
858
9712
4804
722
871
2117
5726
6595
1680
3123
4180
4030
6870
1069
1605
3133
6610
5585
7467
6325
8040
9604
4763
7113
1554
702
5708
7697
6007
9623
3356
741
1095
2946
3354
9457
3395
2965
6261
9270
7529
1176
704
1613
3056
6530
504
7114
8658
2021
4161
2929
3754
325
3086
2514
2765
5101
5703
8879
7205
3644
2360
8712
4532
5603
3112
1141
9402
6495
7104
5381
6362
2218
1160
5382
8695
3741
6639
7602
2979
9723
7521
2067
1954
5891
2410
7585
1244
2165
5858
922
7826
4058
180
7798
1686
2185
3450
7548
1151
9690
4386
458
3138
739
8020
5346
4988
1361
9878
8062
5793
595
658
3680
203
3563
2397
7933
6246
8229
8093
5278
3993
5189
8782
5552
4847
8128
7087
7254
4430
7776
2644
5274
9257
4562
2172
3157
1885
487
4604
795
7329
8264
